{"type":"FeatureCollection","features":[{"type":"Feature","id":337,"geometry":{"type":"LineString","coordinates":[[-159.37067496987626,21.976132776844004],[-159.37086232109237,21.976112556464493],[-159.37160607359019,21.976058880227065]]},"properties":{"st_length(shape)":96.48573103263719,"objectid":337,"year_record":2024,"island":"Kauai","route_id":"50","bmp":0,"emp":0.060000000000000005,"route_name":"Kaumualii Highway","county_id":7,"county_id_t":"Kauai County","aadt":34127,"aadt_su":820,"aadt_cu":223,"f_system":3,"f_system_t":"Principal Arterial","facility_type":2,"facility_type_t":"two way","maint_op":1,"maint_op_t":"State Highway","ownership":1,"ownership_t":"State Highway","through_lanes":3,"urban_id":99998,"urban_id_t":"Small Urban"}},{"type":"Feature","id":338,"geometry":{"type":"LineString","coordinates":[[-159.37160607359019,21.976058880227065],[-159.37242154691702,21.976000022896169],[-159.37266689543986,21.975961528584605],[-159.37296415213464,21.975875583560246],[-159.37313563454913,21.975805608666462],[-159.37332581579847,21.975705565960421],[-159.37463033392999,21.974960324041874],[-159.37568805886494,21.97434142174372],[-159.3770735807399,21.973556288628682],[-159.37793421059251,21.973080432552855],[-159.37839973890812,21.972840780116947],[-159.37892786902268,21.972587312761185],[-159.37921212010048,21.972462682026322],[-159.37958889305864,21.972309774083374]]},"properties":{"st_length(shape)":932.69604130470793,"objectid":338,"year_record":2024,"island":"Kauai","route_id":"50","bmp":0.060000000000000005,"emp":0.64000000000000001,"route_name":"Kaumualii Highway","county_id":7,"county_id_t":"Kauai County","aadt":34127,"aadt_su":820,"aadt_cu":223,"f_system":3,"f_system_t":"Principal Arterial","facility_type":2,"facility_type_t":"two way","maint_op":1,"maint_op_t":"State Highway","ownership":1,"ownership_t":"State Highway","through_lanes":2,"urban_id":99998,"urban_id_t":"Small Urban"}},{"type":"Feature","id":339,"geometry":{"type":"LineString","coordinates":[[-159.37958889305864,21.972309774083374],[-159.37966707879414,21.972278043166735],[-159.37972798213883,21.972253326786696],[-159.37973178411386,21.97225196282459]]},"properties":{"st_length(shape)":16.080892933917916,"objectid":339,"year_record":2024,"island":"Kauai","route_id":"50","bmp":0.64000000000000001,"emp":0.65000000000000002,"route_name":"Kaumualii Highway","county_id":7,"county_id_t":"Kauai County","aadt":27670,"aadt_su":1161,"aadt_cu":154,"f_system":3,"f_system_t":"Principal Arterial","facility_type":2,"facility_type_t":"two way","maint_op":1,"maint_op_t":"State Highway","ownership":1,"ownership_t":"State Highway","through_lanes":2,"urban_id":99998,"urban_id_t":"Small Urban"}},{"type":"Feature","id":340,"geometry":{"type":"LineString","coordinates":[[-159.37973178411386,21.97225196282459],[-159.38013736806028,21.972106477456325],[-159.38063849204676,21.971939930739644],[-159.3819345680115,21.971526287601701]]},"properties":{"st_length(shape)":241.21447992813796,"objectid":340,"year_record":2024,"island":"Kauai","route_id":"50","bmp":0.65000000000000002,"emp":0.80000000000000004,"route_name":"Kaumualii Highway","county_id":7,"county_id_t":"Kauai County","aadt":27670,"aadt_su":1161,"aadt_cu":154,"f_system":3,"f_system_t":"Principal Arterial","facility_type":2,"facility_type_t":"two way","maint_op":1,"maint_op_t":"State Highway","ownership":1,"ownership_t":"State Highway","through_lanes":3,"urban_id":99998,"urban_id_t":"Small Urban"}},{"type":"Feature","id":341,"geometry":{"type":"LineString","coordinates":[[-159.3819345680115,21.971526287601701],[-159.39188756367039,21.968349366745919],[-159.39204267833162,21.968316855502128],[-159.39244711844231,21.968292266968025],[-159.39263100741596,21.968266593230432],[-159.39286845594575,21.968200747758434],[-159.39339844417611,21.968024723671725],[-159.39395291897029,21.967826127100853],[-159.39441340888206,21.967642951298682],[-159.39489560839209,21.967434041587968],[-159.39587693351956,21.966990714461403]]},"properties":{"st_length(shape)":1527.6917977925373,"objectid":341,"year_record":2024,"island":"Kauai","route_id":"50","bmp":0.80000000000000004,"emp":1.75,"route_name":"Kaumualii Highway","county_id":7,"county_id_t":"Kauai County","aadt":27670,"aadt_su":1161,"aadt_cu":154,"f_system":3,"f_system_t":"Principal Arterial","facility_type":2,"facility_type_t":"two way","maint_op":1,"maint_op_t":"State Highway","ownership":1,"ownership_t":"State Highway","through_lanes":2,"urban_id":99998,"urban_id_t":"Small Urban"}},{"type":"Feature","id":342,"geometry":{"type":"LineString","coordinates":[[-159.39587693351956,21.966990714461403],[-159.39678424330782,21.966580817995759],[-159.39715929522296,21.96643034602543],[-159.39744005868502,21.966302783326732],[-159.39804756442919,21.965999826008527],[-159.39886275143996,21.96562446872824],[-159.39911146457342,21.965500733049176],[-159.39948369008988,21.965287672942303],[-159.40024735031187,21.964828214179448],[-159.40087934798828,21.964569524237906],[-159.40097519333975,21.96453421490336]]},"properties":{"st_length(shape)":593.38757475397301,"objectid":342,"year_record":2024,"island":"Kauai","route_id":"50","bmp":1.75,"emp":2.1190000000000002,"route_name":"Kaumualii Highway","county_id":7,"county_id_t":"Kauai County","aadt":26636,"aadt_su":432,"aadt_cu":128,"f_system":3,"f_system_t":"Principal Arterial","facility_type":2,"facility_type_t":"two way","maint_op":1,"maint_op_t":"State Highway","ownership":1,"ownership_t":"State Highway","through_lanes":2,"urban_id":99998,"urban_id_t":"Small Urban"}},{"type":"Feature","id":343,"geometry":{"type":"LineString","coordinates":[[-159.40097519333975,21.96453421490336],[-159.40151904108791,21.964333858134886],[-159.40216449327164,21.964113122043695],[-159.40254843009811,21.963989891105459],[-159.40311354868618,21.963825028402326],[-159.40365350108976,21.963680923540839],[-159.40437841083209,21.963502898908484],[-159.40492659294358,21.963383313497861],[-159.40569378583487,21.96323781395261],[-159.40627968999667,21.963138340005102],[-159.40696261676942,21.96304573368506],[-159.40783377005843,21.962956503173853],[-159.40852036167976,21.962908608109114],[-159.40920724415113,21.962882298156192],[-159.41014292802257,21.962875494706644],[-159.41086025668392,21.96288966011867],[-159.41157671321685,21.962925155796331],[-159.41207433011766,21.962963913347089],[-159.41334871938059,21.963080233649016],[-159.41387771735853,21.963136320611767],[-159.4148055880415,21.963262257760729],[-159.41607597671202,21.963414733585914],[-159.42675230734073,21.964666281251464],[-159.427125939793,21.964705746142467],[-159.42737467881062,21.964723936665386],[-159.42768734878936,21.964733925103882],[-159.42799985019445,21.964730305736623],[-159.42824935072099,21.964713630913906],[-159.42852952428322,21.964683878751853],[-159.4289913716197,21.964608182271743],[-159.42929563090519,21.964539925319286],[-159.42950548262675,21.964484164526286],[-159.42971293920692,21.964418813370571],[-159.42994588546,21.964334137446414],[-159.43025917383974,21.964202043148486],[-159.430733365994,21.963975503264464],[-159.43372585175038,21.962496633664642],[-159.43486463611453,21.961939075028567],[-159.43522980434511,21.96177056709012],[-159.43563370264442,21.961611271012298],[-159.43605016471767,21.961479320308388],[-159.43647565923069,21.961378728321328],[-159.43690830659949,21.961306657750075],[-159.43728237920476,21.961272382112757],[-159.43762732843214,21.961261828112733],[-159.4379414008304,21.961270367756743],[-159.43834725655168,21.961309283114836],[-159.43915355429124,21.961424198021529],[-159.4436578439784,21.962149001264255],[-159.44461480097829,21.962288004260863],[-159.44474940492688,21.962306076323078]]},"properties":{"st_length(shape)":4649.0070865593216,"objectid":343,"year_record":2024,"island":"Kauai","route_id":"50","bmp":2.1190000000000002,"emp":5.0099999999999998,"route_name":"Kaumualii Highway","county_id":7,"county_id_t":"Kauai County","aadt":26636,"aadt_su":432,"aadt_cu":128,"f_system":3,"f_system_t":"Principal Arterial","facility_type":2,"facility_type_t":"two way","maint_op":1,"maint_op_t":"State Highway","ownership":1,"ownership_t":"State Highway","through_lanes":2,"urban_id":99999,"urban_id_t":"Rural"}},{"type":"Feature","id":344,"geometry":{"type":"LineString","coordinates":[[-159.44474940492688,21.962306076323078],[-159.44501577784214,21.962341838413803],[-159.4453876610344,21.962379016950326],[-159.44579222923269,21.962403831773159],[-159.44616637273299,21.962411053334584],[-159.44672685326432,21.962393957100826],[-159.44734692783612,21.962336397751574],[-159.4486212488477,21.962168608387209]]},"properties":{"st_length(shape)":402.02420424728905,"objectid":344,"year_record":2024,"island":"Kauai","route_id":"50","bmp":5.0099999999999998,"emp":5.2599999999999998,"route_name":"Kaumualii Highway","county_id":7,"county_id_t":"Kauai County","aadt":26636,"aadt_su":432,"aadt_cu":128,"f_system":3,"f_system_t":"Principal Arterial","facility_type":2,"facility_type_t":"two way","maint_op":1,"maint_op_t":"State Highway","ownership":1,"ownership_t":"State Highway","through_lanes":3,"urban_id":99999,"urban_id_t":"Rural"}},{"type":"Feature","id":345,"geometry":{"type":"LineString","coordinates":[[-159.4486212488477,21.962168608387209],[-159.45352540406725,21.961522787390635],[-159.45395741630159,21.961461508734409],[-159.45423304083641,21.961412225585072],[-159.45447499103798,21.961355046039074],[-159.45477254433905,21.961265930053198],[-159.45500632345838,21.961182208497771],[-159.45520521221812,21.961098646560057],[-159.45539784611185,21.961003233231295],[-159.45563954871164,21.960868460694389],[-159.45584698434442,21.960739542349692],[-159.45604655676465,21.960600149410205],[-159.45621247121036,21.960468322081535],[-159.45639259089933,21.960307531471972],[-159.45680014838405,21.959905718147077],[-159.46595329500886,21.950634329263021]]},"properties":{"st_length(shape)":2299.5780373847483,"objectid":345,"year_record":2024,"island":"Kauai","route_id":"50","bmp":5.2599999999999998,"emp":6.6900000000000004,"route_name":"Kaumualii Highway","county_id":7,"county_id_t":"Kauai County","aadt":26636,"aadt_su":432,"aadt_cu":128,"f_system":3,"f_system_t":"Principal Arterial","facility_type":2,"facility_type_t":"two way","maint_op":1,"maint_op_t":"State Highway","ownership":1,"ownership_t":"State Highway","through_lanes":2,"urban_id":99999,"urban_id_t":"Rural"}},{"type":"Feature","id":346,"geometry":{"type":"LineString","coordinates":[[-159.46595329500886,21.950634329263021],[-159.46629082065357,21.950292411435818],[-159.46648734338154,21.950101810350954],[-159.4667581834033,21.949858470089257],[-159.46694736230438,21.949705544726211],[-159.46716819390699,21.949542225414785],[-159.46739436887691,21.949386040439322],[-159.46765237727345,21.949221185484667],[-159.46788918825158,21.949079158098453],[-159.46810490912816,21.948960441405848],[-159.46835319755624,21.948836619317856],[-159.46860652456479,21.948720867378491],[-159.46886395859821,21.948614083532043],[-159.4691262328011,21.948516861033077],[-159.46963111093746,21.948360297160978],[-159.4743573476309,21.947030982432867],[-159.47474391462751,21.946915653149766],[-159.47500559175572,21.946822493977837],[-159.47523268757811,21.946727304999953],[-159.4754268386302,21.94663499633775],[-159.47564308326884,21.946518390526446],[-159.47585266042728,21.94639258232926],[-159.47602908483185,21.946272912117895],[-159.47619829368949,21.946144040313637],[-159.47636081924233,21.946007600622114],[-159.47651714087223,21.945864182522651],[-159.47664549169198,21.945736431557989],[-159.47678749811362,21.945580615260372],[-159.47703072413788,21.945275155560786],[-159.48020424572252,21.940824871648324],[-159.48044186179058,21.940481222279047],[-159.48063034095256,21.940178526468458],[-159.48077383293045,21.939919032652391],[-159.48090127599332,21.939652705969689],[-159.48090559880777,21.939642636224225]]},"properties":{"st_length(shape)":2058.3635443491116,"objectid":346,"year_record":2024,"island":"Kauai","route_id":"50","bmp":6.6900000000000004,"emp":7.9699999999999998,"route_name":"Kaumualii Highway","county_id":7,"county_id_t":"Kauai County","aadt":14783,"aadt_su":650,"aadt_cu":143,"f_system":4,"f_system_t":"Minor Arterial","facility_type":2,"facility_type_t":"two way","maint_op":1,"maint_op_t":"State Highway","ownership":1,"ownership_t":"State Highway","through_lanes":2,"urban_id":99999,"urban_id_t":"Rural"}},{"type":"Feature","id":347,"geometry":{"type":"LineString","coordinates":[[-159.48090559880777,21.939642636224225],[-159.48104105190117,21.939327130710243],[-159.48135791584494,21.938532457530378],[-159.4815065662539,21.938178594451536],[-159.48167980454599,21.937802371309104],[-159.48188151966747,21.93740590061449],[-159.4820135712545,21.937173069958497],[-159.48221030578242,21.936850278194107]]},"properties":{"st_length(shape)":337.70030686140944,"objectid":347,"year_record":2024,"island":"Kauai","route_id":"50","bmp":7.9699999999999998,"emp":8.1799999999999997,"route_name":"Kaumualii Highway","county_id":7,"county_id_t":"Kauai County","aadt":14783,"aadt_su":650,"aadt_cu":143,"f_system":4,"f_system_t":"Minor Arterial","facility_type":2,"facility_type_t":"two way","maint_op":1,"maint_op_t":"State Highway","ownership":1,"ownership_t":"State Highway","through_lanes":3,"urban_id":99999,"urban_id_t":"Rural"}},{"type":"Feature","id":348,"geometry":{"type":"LineString","coordinates":[[-159.48221030578242,21.936850278194107],[-159.48224571211003,21.936792186094618],[-159.48343052381639,21.93489057115546]]},"properties":{"st_length(shape)":250.86309455040475,"objectid":348,"year_record":2024,"island":"Kauai","route_id":"50","bmp":8.1799999999999997,"emp":8.3360000000000003,"route_name":"Kaumualii Highway","county_id":7,"county_id_t":"Kauai County","aadt":14783,"aadt_su":650,"aadt_cu":143,"f_system":4,"f_system_t":"Minor Arterial","facility_type":2,"facility_type_t":"two way","maint_op":1,"maint_op_t":"State Highway","ownership":1,"ownership_t":"State Highway","through_lanes":2,"urban_id":99999,"urban_id_t":"Rural"}},{"type":"Feature","id":349,"geometry":{"type":"LineString","coordinates":[[-159.48343052381639,21.93489057115546],[-159.4836926097654,21.934469916277809],[-159.48387475173737,21.93416366590407],[-159.48401611102764,21.933904077052922],[-159.4841431124197,21.933637306451555],[-159.48426912001827,21.933339394367412],[-159.48475228663656,21.931981573452322],[-159.4849166570699,21.931570246325681],[-159.48506673502933,21.931226817733922]]},"properties":{"st_length(shape)":440.61838286082872,"objectid":349,"year_record":2024,"island":"Kauai","route_id":"50","bmp":8.3360000000000003,"emp":8.6099999999999994,"route_name":"Kaumualii Highway","county_id":7,"county_id_t":"Kauai County","aadt":14783,"aadt_su":650,"aadt_cu":143,"f_system":4,"f_system_t":"Minor Arterial","facility_type":2,"facility_type_t":"two way","maint_op":1,"maint_op_t":"State Highway","ownership":1,"ownership_t":"State Highway","through_lanes":2,"urban_id":99998,"urban_id_t":"Small Urban"}},{"type":"Feature","id":350,"geometry":{"type":"LineString","coordinates":[[-159.48506673502933,21.931226817733922],[-159.48510598970401,21.931136988435707],[-159.48530382511606,21.930737795663443],[-159.48549491137945,21.930400838939942],[-159.48572313534066,21.930049766244984],[-159.48600710532813,21.929662613983485],[-159.48629850434756,21.929315898964109],[-159.48663744088185,21.928968260371992],[-159.48699636024176,21.92863854761185],[-159.48735436487183,21.928351499982774],[-159.48749074492306,21.928256803585636]]},"properties":{"st_length(shape)":418.10513453689572,"objectid":350,"year_record":2024,"island":"Kauai","route_id":"50","bmp":8.6099999999999994,"emp":8.8699999999999992,"route_name":"Kaumualii Highway","county_id":7,"county_id_t":"Kauai County","aadt":14783,"aadt_su":650,"aadt_cu":143,"f_system":4,"f_system_t":"Minor Arterial","facility_type":2,"facility_type_t":"two way","maint_op":1,"maint_op_t":"State Highway","ownership":1,"ownership_t":"State Highway","through_lanes":3,"urban_id":99998,"urban_id_t":"Small Urban"}},{"type":"Feature","id":351,"geometry":{"type":"LineString","coordinates":[[-159.48749074492306,21.928256803585636],[-159.48778242740332,21.928054267984471],[-159.48846093137863,21.927632507988886],[-159.49042206958268,21.926540528013991],[-159.49073963560548,21.926356532674205],[-159.49102061278299,21.926174516107722],[-159.49131124798259,21.925953920394523],[-159.49153780259829,21.925753419430759],[-159.49183254359048,21.925452514526757],[-159.49233984606383,21.924897035531849],[-159.49246848107788,21.924769098985433],[-159.49260462742834,21.924647578663485],[-159.49282152763527,21.924480017227083],[-159.4930260010608,21.92434489195842],[-159.49326827441087,21.924209640419196],[-159.49349114673191,21.924103713710622],[-159.4937517729372,21.924001999937655],[-159.49408125614875,21.923908128561333],[-159.49474553261447,21.923742667498061],[-159.49541526395353,21.923598575394283],[-159.49618468169245,21.923471112138387],[-159.49741609299912,21.923289592522899],[-159.49839833927888,21.923133290493716],[-159.49873800808206,21.923085557441027],[-159.49895632695464,21.923063080769548],[-159.49939395597343,21.923048389704331],[-159.49983238177921,21.92306615927718],[-159.50288929860133,21.923288701920949],[-159.50316870640509,21.923314608109141],[-159.5033544301771,21.923339648692608],[-159.50356899754951,21.923381854645385],[-159.50372309073273,21.923422875936648]]},"properties":{"st_length(shape)":1849.3109577744719,"objectid":351,"year_record":2024,"island":"Kauai","route_id":"50","bmp":8.8699999999999992,"emp":10.02,"route_name":"Kaumualii Highway","county_id":7,"county_id_t":"Kauai County","aadt":14783,"aadt_su":650,"aadt_cu":143,"f_system":4,"f_system_t":"Minor Arterial","facility_type":2,"facility_type_t":"two way","maint_op":1,"maint_op_t":"State Highway","ownership":1,"ownership_t":"State Highway","through_lanes":2,"urban_id":99998,"urban_id_t":"Small Urban"}},{"type":"Feature","id":352,"geometry":{"type":"LineString","coordinates":[[-159.50372309073273,21.923422875936648],[-159.50378034278526,21.923438117772111],[-159.50395784100874,21.923498499231702],[-159.50412985431899,21.923571004306758],[-159.50432307019111,21.923667589512366],[-159.50450920323968,21.923776726019266],[-159.50468687303305,21.923897389972346],[-159.50483198744072,21.924010345235612],[-159.50503494373692,21.924193858457318],[-159.50519531920344,21.924374535331179],[-159.5054511004731,21.924707990404073],[-159.50598414828687,21.925430179658186],[-159.50617241552004,21.925662955960355],[-159.50638502819015,21.925875386597049],[-159.5065016145571,21.925971801254782],[-159.50662495881605,21.926061430053387],[-159.50675346999267,21.926143149485046],[-159.50691513834957,21.926231327382066],[-159.50708272167017,21.926307366336417],[-159.50722743661686,21.926359917575866],[-159.50740422109692,21.92640955371591],[-159.50753557896238,21.926437522660429]]},"properties":{"st_length(shape)":530.67194699476056,"objectid":352,"year_record":2024,"island":"Kauai","route_id":"50","bmp":10.02,"emp":10.35,"route_name":"Kaumualii Highway","county_id":7,"county_id_t":"Kauai County","aadt":14783,"aadt_su":650,"aadt_cu":143,"f_system":4,"f_system_t":"Minor Arterial","facility_type":2,"facility_type_t":"two way","maint_op":1,"maint_op_t":"State Highway","ownership":1,"ownership_t":"State Highway","through_lanes":3,"urban_id":99998,"urban_id_t":"Small Urban"}},{"type":"Feature","id":353,"geometry":{"type":"LineString","coordinates":[[-159.50753557896238,21.926437522660429],[-159.50755455298611,21.926441562098017],[-159.50773741176346,21.926468574177555],[-159.50792239561568,21.926481843600847],[-159.5081386603099,21.926483615661169],[-159.50818564918552,21.926479704018554],[-159.50831011069556,21.926469343568449]]},"properties":{"st_length(shape)":80.404840140743431,"objectid":353,"year_record":2024,"island":"Kauai","route_id":"50","bmp":10.35,"emp":10.4,"route_name":"Kaumualii Highway","county_id":7,"county_id_t":"Kauai County","aadt":14783,"aadt_su":650,"aadt_cu":143,"f_system":4,"f_system_t":"Minor Arterial","facility_type":2,"facility_type_t":"two way","maint_op":1,"maint_op_t":"State Highway","ownership":1,"ownership_t":"State Highway","through_lanes":2,"urban_id":99998,"urban_id_t":"Small Urban"}},{"type":"Feature","id":354,"geometry":{"type":"LineString","coordinates":[[-159.50831011069556,21.926469343568449],[-159.5083229781109,21.92646827206606],[-159.50853560927027,21.926431725532183],[-159.5087432732179,21.926378321465155],[-159.50891555320143,21.926317469379651],[-159.50911009143817,21.926231249204694],[-159.50929559804487,21.926128870761335],[-159.50947108012372,21.926012131386155],[-159.50967845253248,21.925841482357935],[-159.50988423444383,21.925626487281214],[-159.51034813238391,21.925081453567451],[-159.51091811063841,21.924387083937972],[-159.5111002044579,21.924185197580833],[-159.51125542326474,21.924039265050581],[-159.51142224369295,21.92390426856559],[-159.51157383958446,21.923799241173086],[-159.51173495834536,21.923707041755709],[-159.51193077679858,21.923614495665461],[-159.51213486460122,21.923537318194541],[-159.51231484690905,21.923484842409174],[-159.51252965938843,21.923441955400566],[-159.51274684147415,21.923413249233839],[-159.5129662897788,21.923395523337138],[-159.51399892481064,21.923350537775736],[-159.51424964989019,21.923348100689545],[-159.51446924263306,21.923358537043374],[-159.5146881184458,21.923380699271561],[-159.5149350720296,21.923420748113436],[-159.51517974141973,21.923473113089248],[-159.51539045069561,21.923530349765215],[-159.51568547932177,21.923626053112169],[-159.51591775894465,21.923713711614614],[-159.51611507816247,21.923801632183142],[-159.51630627535738,21.923900023609978],[-159.51649398296973,21.924005053393099],[-159.51667600082573,21.924118510940307],[-159.51694904462258,21.924312702531559],[-159.51757208165196,21.924796112422392],[-159.51782624626688,21.924961487127224],[-159.51801665737676,21.925057564373486],[-159.51824478341862,21.925148281699798],[-159.51845139905433,21.92521017637473],[-159.51869378346279,21.925258724410323],[-159.5188476475978,21.925276539075991],[-159.5190022099695,21.925283426116671],[-159.51918842161643,21.92527955162166],[-159.5193432017258,21.925267450096658],[-159.51964984589412,21.925224160759338],[-159.52074709965311,21.925009151682385],[-159.5211780819844,21.924942781316169],[-159.52145761177624,21.924913080047197],[-159.52170680859714,21.924897401933432],[-159.52211164693148,21.924885139456588],[-159.52236298340225,21.924889348160502],[-159.52261353070367,21.924909459492259],[-159.52286314672088,21.924942859357039],[-159.52429985956289,21.925219218095776],[-159.52500595305884,21.925324140199656],[-159.52847982804005,21.92573817966538],[-159.52872880131446,21.925754919586701],[-159.52907295556881,21.925766589109742],[-159.5296039425229,21.925761355607229],[-159.53000930308752,21.925730761117201],[-159.53044363510398,21.925676714726432],[-159.53269673790763,21.925331228349236],[-159.53445942310569,21.925080886494257],[-159.53531908005286,21.92494819159857],[-159.53542267992614,21.924932199584383]]},"properties":{"st_length(shape)":3007.1404708647233,"objectid":354,"year_record":2024,"island":"Kauai","route_id":"50","bmp":10.4,"emp":12.27,"route_name":"Kaumualii Highway","county_id":7,"county_id_t":"Kauai County","aadt":20154,"aadt_su":302,"aadt_cu":174,"f_system":4,"f_system_t":"Minor Arterial","facility_type":2,"facility_type_t":"two way","maint_op":1,"maint_op_t":"State Highway","ownership":1,"ownership_t":"State Highway","through_lanes":2,"urban_id":99998,"urban_id_t":"Small Urban"}},{"type":"Feature","id":355,"geometry":{"type":"LineString","coordinates":[[-159.53542267992614,21.924932199584383],[-159.53618896579223,21.924813912200321],[-159.53770119945523,21.924567089587867],[-159.53772455104752,21.924563534102717]]},"properties":{"st_length(shape)":241.21446253196268,"objectid":355,"year_record":2024,"island":"Kauai","route_id":"50","bmp":12.27,"emp":12.42,"route_name":"Kaumualii Highway","county_id":7,"county_id_t":"Kauai County","aadt":12620,"aadt_su":184,"aadt_cu":82,"f_system":4,"f_system_t":"Minor Arterial","facility_type":2,"facility_type_t":"two way","maint_op":1,"maint_op_t":"State Highway","ownership":1,"ownership_t":"State Highway","through_lanes":2,"urban_id":99998,"urban_id_t":"Small Urban"}},{"type":"Feature","id":356,"geometry":{"type":"LineString","coordinates":[[-159.53772455104752,21.924563534102717],[-159.54254954587671,21.923828914211875],[-159.54298118592934,21.923756550985246],[-159.54322508285892,21.923707561708952],[-159.54355424545392,21.923614710354887],[-159.54390296051847,21.923486465738481],[-159.54421077765852,21.923343559261575],[-159.54453304587665,21.923164926794591],[-159.54476404457918,21.923014745296587],[-159.54500694142357,21.922830960516333],[-159.54560409743118,21.922314544479917],[-159.54576939029195,21.922179421195477],[-159.5459439401439,21.922055216659409],[-159.54612877513753,21.921944689230898],[-159.54635970544965,21.921831846557399]]},"properties":{"st_length(shape)":964.85793302018953,"objectid":356,"year_record":2024,"island":"Kauai","route_id":"50","bmp":12.42,"emp":13.02,"route_name":"Kaumualii Highway","county_id":7,"county_id_t":"Kauai County","aadt":12620,"aadt_su":184,"aadt_cu":82,"f_system":4,"f_system_t":"Minor Arterial","facility_type":2,"facility_type_t":"two way","maint_op":1,"maint_op_t":"State Highway","ownership":1,"ownership_t":"State Highway","through_lanes":3,"urban_id":99998,"urban_id_t":"Small Urban"}},{"type":"Feature","id":357,"geometry":{"type":"LineString","coordinates":[[-159.54635970544965,21.921831846557399],[-159.54637897612253,21.921822430175506],[-159.54660987940878,21.921731020350119],[-159.54684800316028,21.921658288216058],[-159.54709237836317,21.921607049359036],[-159.54727877620178,21.921581554936683],[-159.54746610447253,21.92156594530811],[-159.5476541401311,21.921560625047828],[-159.54784185934901,21.92156547740613],[-159.54812230134519,21.921585998723764],[-159.55014376805431,21.921780505944238],[-159.55067124672181,21.921823878135235],[-159.55132452318171,21.921856342622462],[-159.55163640086684,21.921858274593124],[-159.55194849120809,21.921851072434798],[-159.552259970021,21.921834193240095],[-159.55260236939529,21.921805546225599],[-159.55365661304867,21.92167648470058],[-159.55657186919308,21.921299893336311],[-159.55697261555227,21.921238362580123],[-159.55730968078808,21.921172517728422],[-159.55919368846529,21.920732075343942],[-159.56438456682775,21.919484368119292],[-159.56465411135434,21.919411370691353],[-159.5648878761678,21.919331013469368],[-159.56513957390484,21.919216529433236],[-159.56537757937485,21.919078169156528],[-159.56560134996886,21.918920996503921],[-159.56580959315772,21.91874576492577],[-159.56595736130242,21.918596476389773],[-159.56609238754899,21.918436177160658],[-159.56670541204548,21.917587778391681],[-159.56683524178794,21.917422015335216],[-159.56695396855645,21.917285524658841],[-159.56712688981685,21.917115210419738],[-159.56729184000022,21.916979249457182],[-159.56746796887225,21.916856530246164],[-159.56768042403854,21.916731809965732],[-159.5678463351436,21.916647985012311],[-159.56801705018259,21.91657415425529],[-159.56822177487291,21.916500568127674],[-159.56843125293742,21.916438140797837],[-159.56916253113928,21.916270994011899],[-159.57050635417713,21.915979575700078],[-159.57095906575051,21.915864768712883],[-159.57131550032435,21.915755461617334],[-159.57175350923379,21.915598383091989],[-159.57215205392546,21.91542655118948],[-159.5725636491986,21.91521509349953],[-159.57296075106683,21.914983451982515],[-159.57324222901363,21.914801118011585],[-159.57351438587045,21.914606532983917],[-159.57370507739935,21.914456219793912],[-159.57400506315602,21.91420022542157],[-159.57704656277247,21.911502153762079],[-159.5773347412576,21.911233899132313],[-159.57756737766397,21.91099765158237],[-159.57778905148209,21.910751712232063],[-159.57809411300678,21.910380607995886],[-159.57866477353201,21.909647039764614],[-159.57936730931723,21.908713436009872],[-159.58053686229269,21.907231040601545],[-159.58155401330765,21.905921738692275]]},"properties":{"st_length(shape)":4293.6177670103098,"objectid":357,"year_record":2024,"island":"Kauai","route_id":"50","bmp":13.02,"emp":15.69,"route_name":"Kaumualii Highway","county_id":7,"county_id_t":"Kauai County","aadt":12620,"aadt_su":184,"aadt_cu":82,"f_system":4,"f_system_t":"Minor Arterial","facility_type":2,"facility_type_t":"two way","maint_op":1,"maint_op_t":"State Highway","ownership":1,"ownership_t":"State Highway","through_lanes":2,"urban_id":99998,"urban_id_t":"Small Urban"}},{"type":"Feature","id":358,"geometry":{"type":"LineString","coordinates":[[-159.58155401330765,21.905921738692275],[-159.58163882987395,21.905812558962435],[-159.58205209466985,21.905298052490501],[-159.58221588183531,21.905120722716468],[-159.58235590714705,21.90500247738921],[-159.58253670573629,21.904884315288832],[-159.58270413603168,21.904802043140442],[-159.58290883752852,21.904726660298216],[-159.58312124997605,21.904670822764501],[-159.58333893657593,21.904638303752101],[-159.58352980176912,21.904632725075356],[-159.58372086461614,21.904650008660219],[-159.58396705654059,21.904702874171328],[-159.5841762120254,21.904773213987976],[-159.58437345479038,21.904868657069631],[-159.58450175365991,21.904951815980947]]},"properties":{"st_length(shape)":369.86227236066424,"objectid":358,"year_record":2024,"island":"Kauai","route_id":"50","bmp":15.69,"emp":15.92,"route_name":"Kaumualii Highway","county_id":7,"county_id_t":"Kauai County","aadt":15575,"aadt_su":260,"aadt_cu":86,"f_system":4,"f_system_t":"Minor Arterial","facility_type":2,"facility_type_t":"two way","maint_op":1,"maint_op_t":"State Highway","ownership":1,"ownership_t":"State Highway","through_lanes":2,"urban_id":99998,"urban_id_t":"Small Urban"}},{"type":"Feature","id":359,"geometry":{"type":"LineString","coordinates":[[-159.58450175365991,21.904951815980947],[-159.58455545083928,21.90498662063948],[-159.58469995573265,21.905104784965378],[-159.58484633331446,21.905261644669203],[-159.58498561238096,21.905457019324796],[-159.58508577656426,21.905638571269407],[-159.58516504447326,21.905829699756506],[-159.58521825336845,21.906029536908999],[-159.58524153716778,21.906204830298446],[-159.58524156704098,21.906410562627368],[-159.58521900911967,21.906585609780148],[-159.58518444621117,21.906728852708834],[-159.58496507731928,21.907338175944183],[-159.58489619615253,21.907591131708074],[-159.5848761913347,21.907735041951074],[-159.58487199735816,21.907880199647273],[-159.58488326733013,21.908024622091805],[-159.58490863792645,21.908167540788302],[-159.58495929643516,21.908335378405919],[-159.58504208177681,21.90852335854688],[-159.58514934311614,21.90869976897228],[-159.58525935655169,21.908840478523953],[-159.58538726205404,21.908966633286266],[-159.58553146196209,21.909076755467083],[-159.58571579071926,21.909185457224101],[-159.58591181379444,21.909272095058093],[-159.58605888052819,21.909317462067612],[-159.58621126440312,21.909348156327304],[-159.58636556079077,21.909364981362863],[-159.58655154591122,21.909368640504098],[-159.5884579915836,21.909269509984135],[-159.58892702844173,21.909231056796866],[-159.58933094968916,21.909181332106868],[-159.58976228234675,21.909109892670465],[-159.59049504781819,21.908961400158365],[-159.59482866416133,21.908033402348586],[-159.59510778493211,21.907983168764535],[-159.5953560748091,21.907950074136878],[-159.59560470659369,21.907931953178458],[-159.59588527966847,21.907923303395041],[-159.59610400793076,21.907923884394261],[-159.59632291465371,21.907935943454689],[-159.59663356186545,21.907967301177688],[-159.59691111783917,21.908009461428044],[-159.5971271416671,21.90804824614089],[-159.59737045858267,21.908106600991932],[-159.59749420476604,21.908144221395617]]},"properties":{"st_length(shape)":1768.906167426466,"objectid":359,"year_record":2024,"island":"Kauai","route_id":"50","bmp":15.92,"emp":17.02,"route_name":"Kaumualii Highway","county_id":7,"county_id_t":"Kauai County","aadt":15685,"aadt_su":262,"aadt_cu":100,"f_system":4,"f_system_t":"Minor Arterial","facility_type":2,"facility_type_t":"two way","maint_op":1,"maint_op_t":"State Highway","ownership":1,"ownership_t":"State Highway","through_lanes":2,"urban_id":99998,"urban_id_t":"Small Urban"}},{"type":"Feature","id":360,"geometry":{"type":"LineString","coordinates":[[-159.59749420476604,21.908144221395617],[-159.59772878633188,21.908215535528335],[-159.59818758344807,21.908392978038574],[-159.59854979952053,21.908562852919964],[-159.59872567522942,21.908662422540555]]},"properties":{"st_length(shape)":139.90447231382137,"objectid":360,"year_record":2024,"island":"Kauai","route_id":"50","bmp":17.02,"emp":17.106999999999999,"route_name":"Kaumualii Highway","county_id":7,"county_id_t":"Kauai County","aadt":12558,"aadt_su":253,"aadt_cu":41,"f_system":4,"f_system_t":"Minor Arterial","facility_type":2,"facility_type_t":"two way","maint_op":1,"maint_op_t":"State Highway","ownership":1,"ownership_t":"State Highway","through_lanes":2,"urban_id":99998,"urban_id_t":"Small Urban"}},{"type":"Feature","id":361,"geometry":{"type":"LineString","coordinates":[[-159.59872567522942,21.908662422540555],[-159.59889667182284,21.908759228965298],[-159.59910185311358,21.908891092152924],[-159.5994528016623,21.909133238925747],[-159.60307753843526,21.911667101547284],[-159.60333396458867,21.911832742190779],[-159.60354589505732,21.911955508051584],[-159.60379131819644,21.912083490895387],[-159.60404368981079,21.912201031304697],[-159.60439014407393,21.912336929437885],[-159.60474500774308,21.912451558087486],[-159.60522362062019,21.912578501661372],[-159.60565085438259,21.912654983088277],[-159.60589790707505,21.912684078149379],[-159.60623904699747,21.912710384199279],[-159.6101336096892,21.912936262447513],[-159.61072542439189,21.912983615189919],[-159.61109727477563,21.913031432446601],[-159.61149593567305,21.913112087326088],[-159.6118583074055,21.913207083517815],[-159.61221251703606,21.913325202722095],[-159.61258752510696,21.913475614465419],[-159.6129508686646,21.913648701491489],[-159.61327271969697,21.913831413015011],[-159.61360608442573,21.914050591205481],[-159.6139246968157,21.914287546304919],[-159.61433018241948,21.914609510614099],[-159.61613575982847,21.91609550517293],[-159.61658733236368,21.916454970297021],[-159.61683119756063,21.91663628107878],[-159.61722968068756,21.916915532012958],[-159.6174097179136,21.917030491524116],[-159.61767508340381,21.917183178310339],[-159.6179485789049,21.917324083229154],[-159.61805099853072,21.917371208803473]]},"properties":{"st_length(shape)":2288.3213628504654,"objectid":361,"year_record":2024,"island":"Kauai","route_id":"50","bmp":17.106999999999999,"emp":18.530000000000001,"route_name":"Kaumualii Highway","county_id":7,"county_id_t":"Kauai County","aadt":12558,"aadt_su":253,"aadt_cu":41,"f_system":4,"f_system_t":"Minor Arterial","facility_type":2,"facility_type_t":"two way","maint_op":1,"maint_op_t":"State Highway","ownership":1,"ownership_t":"State Highway","through_lanes":2,"urban_id":99999,"urban_id_t":"Rural"}},{"type":"Feature","id":362,"geometry":{"type":"LineString","coordinates":[[-159.61805099853072,21.917371208803473],[-159.61820077282511,21.917440123195732],[-159.61862983616285,21.917614164471118],[-159.6190072823027,21.917753779510594],[-159.61959901865563,21.917943060218402],[-159.62150845620528,21.918509180680449],[-159.6219219391829,21.918645918073047],[-159.62218129381421,21.918749310182182],[-159.62246300778139,21.918877475957746],[-159.62268292472649,21.918990095033624],[-159.62292368363259,21.919127199054628],[-159.62313089368106,21.919258308191434],[-159.62333172135985,21.919398910061059],[-159.62349951958291,21.919530093082265],[-159.62370676328109,21.919708245477956],[-159.62404263522419,21.920015663380237],[-159.62505195554667,21.920973294371002],[-159.62574457133067,21.921607471500046],[-159.62715243836837,21.922937744952229],[-159.62748757389571,21.923244926030169],[-159.62803981126694,21.923720209034084],[-159.62866103142164,21.924210865597558],[-159.62918198873098,21.92458439206488],[-159.63041646578341,21.9254343083688],[-159.64221701068098,21.933504236941026],[-159.64268699645552,21.933845389275255],[-159.64307008524437,21.934145269401697],[-159.64353814258089,21.934533831126807],[-159.64387373554851,21.934843192327389],[-159.64434860547493,21.935310654244692],[-159.64453840508429,21.93550745974672],[-159.64500448316844,21.93601873576436],[-159.64535524260893,21.936430670224734],[-159.64563493528345,21.936783024983693],[-159.64597125963499,21.937240836277713],[-159.64624076310659,21.937635704332177],[-159.64651292839875,21.938062783773049],[-159.64678715706066,21.938522450949385],[-159.64702762346332,21.938966264469006],[-159.64735336434714,21.939630902059587],[-159.64757727785371,21.940145562007011],[-159.64775920833631,21.940612540952355],[-159.64794405056583,21.941140587579316],[-159.64808428754571,21.941589482222195],[-159.64830876198079,21.942378522184526],[-159.64843950536951,21.942767758504829],[-159.64853459058529,21.943014369589054],[-159.64863955641732,21.943257570942656],[-159.64874042516178,21.943471031508501],[-159.64886390634484,21.943706846406588],[-159.64905612278093,21.944040788531854],[-159.6492644049512,21.944365658918404],[-159.64947139316035,21.944656790454534],[-159.64967749871101,21.944913522028642],[-159.64995464476075,21.945228728123944],[-159.65022661091135,21.945510004570174],[-159.65053690134565,21.945797754505371],[-159.65081825507809,21.946028968547026],[-159.65113682959586,21.946263996094753],[-159.65133799271231,21.946402446639471],[-159.65162137204175,21.946583961287718],[-159.65196240593414,21.946790280458753],[-159.65727551431485,21.949876805101464],[-159.65781247445204,21.950175682610457],[-159.65811478479719,21.950330140989916],[-159.65875465047137,21.95064063302021],[-159.66389086745434,21.953088162925283]]},"properties":{"st_length(shape)":6335.9003556995131,"objectid":362,"year_record":2024,"island":"Kauai","route_id":"50","bmp":18.530000000000001,"emp":22.469999999999999,"route_name":"Kaumualii Highway","county_id":7,"county_id_t":"Kauai County","aadt":11318,"aadt_su":615,"aadt_cu":81,"f_system":4,"f_system_t":"Minor Arterial","facility_type":2,"facility_type_t":"two way","maint_op":1,"maint_op_t":"State Highway","ownership":1,"ownership_t":"State Highway","through_lanes":2,"urban_id":99999,"urban_id_t":"Rural"}},{"type":"Feature","id":363,"geometry":{"type":"LineString","coordinates":[[-159.66389086745434,21.953088162925283],[-159.6653748236985,21.953795257604739]]},"properties":{"st_length(shape)":172.06630187711733,"objectid":363,"year_record":2024,"island":"Kauai","route_id":"50","bmp":22.469999999999999,"emp":22.577000000000002,"route_name":"Kaumualii Highway","county_id":7,"county_id_t":"Kauai County","aadt":12542,"aadt_su":225,"aadt_cu":60,"f_system":4,"f_system_t":"Minor Arterial","facility_type":2,"facility_type_t":"two way","maint_op":1,"maint_op_t":"State Highway","ownership":1,"ownership_t":"State Highway","through_lanes":2,"urban_id":99999,"urban_id_t":"Rural"}},{"type":"Feature","id":364,"geometry":{"type":"LineString","coordinates":[[-159.6653748236985,21.953795257604739],[-159.66545718590211,21.953834502718685],[-159.66622867562427,21.954225117621942],[-159.67050246368524,21.956430467188941],[-159.67071463420024,21.956555317741497],[-159.67097316846255,21.956721136482841],[-159.67211960917811,21.957493984738022]]},"properties":{"st_length(shape)":808.87255301006485,"objectid":364,"year_record":2024,"island":"Kauai","route_id":"50","bmp":22.577000000000002,"emp":23.079999999999998,"route_name":"Kaumualii Highway","county_id":7,"county_id_t":"Kauai County","aadt":12542,"aadt_su":225,"aadt_cu":60,"f_system":4,"f_system_t":"Minor Arterial","facility_type":2,"facility_type_t":"two way","maint_op":1,"maint_op_t":"State Highway","ownership":1,"ownership_t":"State Highway","through_lanes":2,"urban_id":99998,"urban_id_t":"Small Urban"}},{"type":"Feature","id":365,"geometry":{"type":"LineString","coordinates":[[-159.67211960917811,21.957493984738022],[-159.67366189279875,21.958533656210598],[-159.67517380888765,21.95952430877891],[-159.67558728086323,21.959786505299348],[-159.67585007654802,21.959943791963791],[-159.67609298084133,21.960075810236191],[-159.67637023315322,21.960210188246361],[-159.67668117330692,21.960346767729938],[-159.67699944973862,21.960467082898123],[-159.67738356408842,21.96059007916978],[-159.67774253958871,21.960690273980727],[-159.67807613209831,21.960767492343436],[-159.67844467609703,21.960835244203825],[-159.6787846541495,21.96088160117456],[-159.67909545097982,21.960908373714965],[-159.68084786347532,21.960974994143619],[-159.6927353085218,21.961361802767833]]},"properties":{"st_length(shape)":2235.2541836725891,"objectid":365,"year_record":2024,"island":"Kauai","route_id":"50","bmp":23.079999999999998,"emp":24.469999999999999,"route_name":"Kaumualii Highway","county_id":7,"county_id_t":"Kauai County","aadt":9115,"aadt_su":147,"aadt_cu":58,"f_system":4,"f_system_t":"Minor Arterial","facility_type":2,"facility_type_t":"two way","maint_op":1,"maint_op_t":"State Highway","ownership":1,"ownership_t":"State Highway","through_lanes":2,"urban_id":99998,"urban_id_t":"Small Urban"}},{"type":"Feature","id":366,"geometry":{"type":"LineString","coordinates":[[-159.6927353085218,21.961361802767833],[-159.69317635453422,21.961376137313593],[-159.69464684357146,21.961417307302685],[-159.69599107401251,21.961469834752609],[-159.69999580817355,21.961595913016705],[-159.70040233908045,21.961599520734488],[-159.70068327260222,21.96158602694204],[-159.70102432361912,21.961546656206799],[-159.70136243865707,21.961486504376655],[-159.70160507366899,21.961428725604577],[-159.7018438931126,21.961358418909949],[-159.70266214435381,21.961063656501942],[-159.70301790912956,21.960948805511425],[-159.70335140680973,21.960866178961535],[-159.70369151175839,21.960810249963252],[-159.70390945157061,21.960786927671109],[-159.70412868468037,21.960774116161055],[-159.70434816375726,21.960770544301408],[-159.70456805829318,21.96077659802323],[-159.70481793552699,21.960797101133071],[-159.70500439379055,21.96082050503713],[-159.70540348038372,21.960897857974835],[-159.70576364457395,21.961000576955204],[-159.70655790035201,21.961272395132145],[-159.70693500663941,21.961415972168975],[-159.70733582197383,21.961583392021737],[-159.70772861481947,21.961766943324697],[-159.7080842720045,21.961953014392407],[-159.70848411125215,21.962184165791285],[-159.70882059723951,21.962398537757359],[-159.70914852689253,21.96262447076418],[-159.70951664142055,21.962896865337942],[-159.70980096940735,21.963126610739845],[-159.71007434697799,21.963367545636885],[-159.71034034020693,21.96361617562366],[-159.71053272144943,21.963808062466235],[-159.71128488388584,21.964630752707397],[-159.71164289263527,21.964997268949418],[-159.7120616185596,21.965391106697762],[-159.71252766346205,21.965781080981984],[-159.71303789344617,21.96616716615388],[-159.7136480958697,21.966574878260332],[-159.71396418464653,21.966763306909566],[-159.71431309673497,21.966958011766597],[-159.71466819908699,21.967143133551414],[-159.71494619103458,21.967276454562672],[-159.71534265457134,21.96745033249595],[-159.71577529167507,21.967621362308613],[-159.71609661030843,21.967737451430857],[-159.71654063130495,21.967881268537067],[-159.72272023734345,21.969708872063062],[-159.72415179031088,21.970129386411056]]},"properties":{"st_length(shape)":3553.8933594939958,"objectid":366,"year_record":2024,"island":"Kauai","route_id":"50","bmp":24.469999999999999,"emp":26.68,"route_name":"Kaumualii Highway","county_id":7,"county_id_t":"Kauai County","aadt":7643,"aadt_su":102,"aadt_cu":44,"f_system":4,"f_system_t":"Minor Arterial","facility_type":2,"facility_type_t":"two way","maint_op":1,"maint_op_t":"State Highway","ownership":1,"ownership_t":"State Highway","through_lanes":2,"urban_id":99998,"urban_id_t":"Small Urban"}},{"type":"Feature","id":367,"geometry":{"type":"LineString","coordinates":[[-159.72415179031088,21.970129386411056],[-159.7272592977645,21.971042155233224],[-159.72782454179801,21.971214961898561],[-159.72838431426229,21.971403982622004],[-159.72890853220369,21.971598958231457],[-159.72951092013514,21.971846076334927],[-159.72999168133259,21.972059996227902],[-159.73052025337603,21.972315726595937],[-159.73106450682826,21.972605445608881],[-159.73154582869202,21.972879102391541],[-159.73181964651585,21.973047613045086]]},"properties":{"st_length(shape)":858.723624533877,"objectid":367,"year_record":2024,"island":"Kauai","route_id":"50","bmp":26.68,"emp":27.213999999999999,"route_name":"Kaumualii Highway","county_id":7,"county_id_t":"Kauai County","aadt":3483,"aadt_su":93,"aadt_cu":20,"f_system":4,"f_system_t":"Minor Arterial","facility_type":2,"facility_type_t":"two way","maint_op":1,"maint_op_t":"State Highway","ownership":1,"ownership_t":"State Highway","through_lanes":2,"urban_id":99998,"urban_id_t":"Small Urban"}},{"type":"Feature","id":368,"geometry":{"type":"LineString","coordinates":[[-159.73181964651585,21.973047613045086],[-159.732042579177,21.97318480861767],[-159.73245377500152,21.973451600480139],[-159.73282984490427,21.973713923545127],[-159.73324732307532,21.974022063992741],[-159.73363232185301,21.974322025406071],[-159.73400687297379,21.974632090202267],[-159.73441617231896,21.974993978791829],[-159.73477019257683,21.975325006784214],[-159.73511435128711,21.975665025454862],[-159.73542848798078,21.975991175983658],[-159.74022453740963,21.981081557367695],[-159.74235956058888,21.983376273480367],[-159.74400551629111,21.98509930452116],[-159.74604089725031,21.987281440146901],[-159.74929197822692,21.990724362465727],[-159.75078768364889,21.992297833766163],[-159.76017086859352,22.002268116596067]]},"properties":{"st_length(shape)":4367.5901796795206,"objectid":368,"year_record":2024,"island":"Kauai","route_id":"50","bmp":27.213999999999999,"emp":29.93,"route_name":"Kaumualii Highway","county_id":7,"county_id_t":"Kauai County","aadt":3483,"aadt_su":93,"aadt_cu":20,"f_system":4,"f_system_t":"Minor Arterial","facility_type":2,"facility_type_t":"two way","maint_op":1,"maint_op_t":"State Highway","ownership":1,"ownership_t":"State Highway","through_lanes":2,"urban_id":99999,"urban_id_t":"Rural"}},{"type":"Feature","id":369,"geometry":{"type":"LineString","coordinates":[[-159.76017086859352,22.002268116596067],[-159.76849522316769,22.011111658730588]]},"properties":{"st_length(shape)":1302.5582180797874,"objectid":369,"year_record":2024,"island":"Kauai","route_id":"50","bmp":29.93,"emp":30.739999999999998,"route_name":"Kaumualii Highway","county_id":7,"county_id_t":"Kauai County","aadt":1135,"aadt_su":2,"aadt_cu":0,"f_system":4,"f_system_t":"Minor Arterial","facility_type":2,"facility_type_t":"two way","maint_op":1,"maint_op_t":"State Highway","ownership":1,"ownership_t":"State Highway","through_lanes":2,"urban_id":99999,"urban_id_t":"Rural"}},{"type":"Feature","id":370,"geometry":{"type":"LineString","coordinates":[[-159.76849522316769,22.011111658730588],[-159.77759654728533,22.020778839204254],[-159.77810588521552,22.021333822137301],[-159.77824277979846,22.021493638360639],[-159.77837220967652,22.021659343005563],[-159.77852710786536,22.021879483411503],[-159.77867071228141,22.022106359724319],[-159.77877405773211,22.022286906053278],[-159.77889558441052,22.022524840711135],[-159.77899406257046,22.022740077751955],[-159.77908196625151,22.022958972248027],[-159.77916839383124,22.023209790605197],[-159.77923553346648,22.023435179752759],[-159.77929213463989,22.02366339510969],[-159.77933790591405,22.02389324198078],[-159.7793773328186,22.024153866007978],[-159.77940219338657,22.0243866715408],[-159.77941752818782,22.024649468063458],[-159.77941972111148,22.024883264918703],[-159.77941072091852,22.025117347183052],[-159.77938977563502,22.02535046632952],[-159.77935327141867,22.025611707132903],[-159.77930528071846,22.025871360187299],[-159.77924389154421,22.026128313466309],[-159.77916341499787,22.026410488089084],[-159.77714881794995,22.032954403408858],[-159.77695961285355,22.033543244485394],[-159.77695226242247,22.033583216547505]]},"properties":{"st_length(shape)":2926.73570377741,"objectid":370,"year_record":2024,"island":"Kauai","route_id":"50","bmp":30.739999999999998,"emp":32.560000000000002,"route_name":"Kaumualii Highway","county_id":7,"county_id_t":"Kauai County","aadt":376,"aadt_su":0,"aadt_cu":1,"f_system":4,"f_system_t":"Minor Arterial","facility_type":2,"facility_type_t":"two way","maint_op":1,"maint_op_t":"State Highway","ownership":1,"ownership_t":"State Highway","through_lanes":2,"urban_id":99999,"urban_id_t":"Rural"}},{"type":"Feature","id":371,"geometry":{"type":"LineString","coordinates":[[-159.77695226242247,22.033583216547505],[-159.77690717152956,22.033828397168289],[-159.7768763239404,22.034087903076347],[-159.77686839494487,22.034319659162346],[-159.7768798422172,22.03455209755025],[-159.77691660961725,22.0348113414572],[-159.77697635451707,22.035066884459525],[-159.7770583768237,22.035317904149885],[-159.77716370571224,22.035560853406285],[-159.77729231012736,22.035794108029279],[-159.77745727329028,22.036041446392591],[-159.77762880219382,22.036248752978427],[-159.77781897387069,22.036442415428443],[-159.77802503116087,22.036620937206578],[-159.77824935710342,22.036779414157085],[-159.77854105483533,22.036949024658668],[-159.77881929713644,22.037082356035011],[-159.77901986435188,22.037163126648473],[-159.77908433437511,22.037182354940537]]},"properties":{"st_length(shape)":498.50996713445505,"objectid":371,"year_record":2024,"island":"Kauai","route_id":"50","bmp":32.560000000000002,"emp":32.869999999999997,"route_name":"Lio Road","county_id":7,"county_id_t":"Kauai County","aadt":376,"aadt_su":0,"aadt_cu":1,"f_system":4,"f_system_t":"Minor Arterial","facility_type":2,"facility_type_t":"two way","maint_op":1,"maint_op_t":"State Highway","ownership":1,"ownership_t":"State Highway","through_lanes":2,"urban_id":99999,"urban_id_t":"Rural"}},{"type":"Feature","id":372,"geometry":{"type":"LineString","coordinates":[[-159.77908433437511,22.037182354940537],[-159.77922872884395,22.037225420201501],[-159.77944242190432,22.037270358924381],[-159.7798141164823,22.037330614680783]]},"properties":{"st_length(shape)":77.188642836161122,"objectid":372,"year_record":2024,"island":"Kauai","route_id":"50","bmp":32.869999999999997,"emp":32.917999999999999,"route_name":"Kao Road","county_id":7,"county_id_t":"Kauai County","aadt":376,"aadt_su":0,"aadt_cu":1,"f_system":4,"f_system_t":"Minor Arterial","facility_type":2,"facility_type_t":"two way","maint_op":1,"maint_op_t":"State Highway","ownership":1,"ownership_t":"State Highway","through_lanes":2,"urban_id":99999,"urban_id_t":"Rural"}},{"type":"Feature","id":373,"geometry":{"type":"LineString","coordinates":[[-159.39575490001286,21.967045845013192],[-159.3954004552821,21.966382080600184],[-159.395339062142,21.966281084150083],[-159.39321273815736,21.96324986198297],[-159.39310638311062,21.963070408657778],[-159.39301139515163,21.962885382706322],[-159.3929394372137,21.962722244475781],[-159.39287700318073,21.962556368571587],[-159.3928425433368,21.962414499839014]]},"properties":{"st_length(shape)":596.38396846012097,"objectid":373,"year_record":2024,"island":"Kauai","route_id":"5010","bmp":0,"emp":0.35600000000000004,"route_name":"Puhi Road","county_id":7,"county_id_t":"Kauai County","aadt":7580,"aadt_su":242,"aadt_cu":49,"f_system":5,"f_system_t":"Major Collector","facility_type":2,"facility_type_t":"two way","maint_op":2,"maint_op_t":"County Highway","ownership":2,"ownership_t":"County Highway","through_lanes":2,"urban_id":99998,"urban_id_t":"Small Urban"}},{"type":"Feature","id":374,"geometry":{"type":"LineString","coordinates":[[-159.3928425433368,21.962414499839014],[-159.39282875922484,21.962357752162763]]},"properties":{"st_length(shape)":6.4404889896021631,"objectid":374,"year_record":2024,"island":"Kauai","route_id":"5010","bmp":0.35600000000000004,"emp":0.36000000000000004,"route_name":"Puhi Road","county_id":7,"county_id_t":"Kauai County","aadt":7580,"aadt_su":242,"aadt_cu":49,"f_system":6,"f_system_t":"Minor Collector","facility_type":2,"facility_type_t":"two way","maint_op":2,"maint_op_t":"County Highway","ownership":2,"ownership_t":"County Highway","through_lanes":2,"urban_id":99998,"urban_id_t":"Small Urban"}},{"type":"Feature","id":375,"geometry":{"type":"LineString","coordinates":[[-159.39282875922484,21.962357752162763],[-159.39272000021836,21.961909999039804],[-159.39257530710344,21.960932730954699],[-159.39248999974518,21.960569999008804],[-159.39247012081071,21.960475050998582],[-159.39244769269251,21.960380775818624],[-159.39242271442436,21.960287172566716],[-159.39239518601082,21.960194241241659],[-159.39236968936038,21.960118167872697],[-159.3923007540244,21.95992808582313],[-159.39224918195529,21.959765062034283],[-159.39222426129561,21.959695184899939],[-159.39218131195034,21.959596730547975],[-159.39209859685982,21.959429103017424],[-159.39197151940144,21.95917274457134],[-159.39192168579808,21.959078000760261],[-159.39187430302422,21.958992606267898],[-159.39181785818175,21.958898431103677],[-159.39175110330126,21.958795620978496],[-159.3916840357324,21.958697773294904],[-159.39151569226263,21.958458137165394],[-159.39143000017609,21.958329999656861],[-159.39128598287718,21.958104366533838],[-159.39116823044904,21.957915468991747],[-159.39106348583798,21.957742025456152],[-159.39096912967892,21.95757961168842],[-159.39085215311977,21.957373084007841],[-159.39077566157121,21.957233461307297],[-159.39070905972338,21.95710493466056],[-159.39065215697667,21.956986527005117],[-159.39059970165462,21.956868840543216],[-159.3905499995787,21.956749999235551],[-159.39019999971381,21.955759999665784],[-159.3901546727601,21.955616589435923]]},"properties":{"st_length(shape)":803.44750282384496,"objectid":375,"year_record":2024,"island":"Kauai","route_id":"5010","bmp":0.36000000000000004,"emp":0.85899999999999999,"route_name":"Puhi Road","county_id":7,"county_id_t":"Kauai County","aadt":6684,"aadt_su":230,"aadt_cu":73,"f_system":6,"f_system_t":"Minor Collector","facility_type":2,"facility_type_t":"two way","maint_op":2,"maint_op_t":"County Highway","ownership":2,"ownership_t":"County Highway","through_lanes":2,"urban_id":99998,"urban_id_t":"Small Urban"}},{"type":"Feature","id":376,"geometry":{"type":"LineString","coordinates":[[-159.3901546727601,21.955616589435923],[-159.38960343383735,21.953872506651063]]},"properties":{"st_length(shape)":201.26443043017883,"objectid":376,"year_record":2024,"island":"Kauai","route_id":"5010","bmp":0.85899999999999999,"emp":0.9840000000000001,"route_name":"Puhi Road","county_id":7,"county_id_t":"Kauai County","aadt":6684,"aadt_su":230,"aadt_cu":73,"f_system":6,"f_system_t":"Minor Collector","facility_type":2,"facility_type_t":"two way","maint_op":2,"maint_op_t":"County Highway","ownership":2,"ownership_t":"County Highway","through_lanes":2,"urban_id":99999,"urban_id_t":"Rural"}},{"type":"Feature","id":377,"geometry":{"type":"LineString","coordinates":[[-159.35798861066462,21.967598545239085],[-159.35812672598465,21.967739257769328],[-159.35826937892307,21.967892950045506],[-159.35840109192654,21.968016026552874],[-159.35852021417605,21.968104906948859],[-159.36191508263616,21.970187804591557],[-159.3621460115649,21.970337961434208],[-159.3623958389507,21.970514065688672],[-159.36510701072197,21.972582807915881],[-159.3672041749312,21.974193166310709]]},"properties":{"st_length(shape)":1201.6283679853091,"objectid":377,"year_record":2024,"island":"Kauai","route_id":"5020","bmp":0,"emp":0.73999999999999999,"route_name":"Rice Street","county_id":7,"county_id_t":"Kauai County","aadt":16409,"aadt_su":208,"aadt_cu":19,"f_system":4,"f_system_t":"Minor Arterial","facility_type":2,"facility_type_t":"two way","maint_op":2,"maint_op_t":"County Highway","ownership":2,"ownership_t":"County Highway","through_lanes":2,"urban_id":99998,"urban_id_t":"Small Urban"}},{"type":"Feature","id":378,"geometry":{"type":"LineString","coordinates":[[-159.3672041749312,21.974193166310709],[-159.36726731718321,21.974241650338257],[-159.36759480643292,21.974493114325362],[-159.36771767626516,21.974581082336609],[-159.36785132206691,21.974653644033616],[-159.3679944989259,21.974709210309587],[-159.36867602394068,21.974921983927125],[-159.36935541318596,21.975150472222733],[-159.36986371539439,21.97529263051549],[-159.37031061578827,21.975433157702739],[-159.37042794789653,21.975479415915576],[-159.37048273310722,21.975513515708375],[-159.37055272653686,21.975575968322381],[-159.37059114570886,21.975625231413535],[-159.37062111781503,21.975680175461495],[-159.37064897747703,21.975769859955193],[-159.37067496987626,21.976132776844004]]},"properties":{"st_length(shape)":446.55114996483303,"objectid":378,"year_record":2024,"island":"Kauai","route_id":"5020","bmp":0.73999999999999999,"emp":1.0149999999999999,"route_name":"Rice Street","county_id":7,"county_id_t":"Kauai County","aadt":13501,"aadt_su":389,"aadt_cu":19,"f_system":4,"f_system_t":"Minor Arterial","facility_type":2,"facility_type_t":"two way","maint_op":2,"maint_op_t":"County Highway","ownership":2,"ownership_t":"County Highway","through_lanes":2,"urban_id":99998,"urban_id_t":"Small Urban"}},{"type":"Feature","id":379,"geometry":{"type":"LineString","coordinates":[[-159.38832411184299,21.969486878352022],[-159.38824109853721,21.969237488919134],[-159.38774644715028,21.967883290294999],[-159.38767948077336,21.967719833566711],[-159.3876268494125,21.967614268268488],[-159.38749789145095,21.967416113706921],[-159.38742136109329,21.967325170079874],[-159.38733680698076,21.967240182785623],[-159.38722279069805,21.967142078236432],[-159.38710184978638,21.967051626754028],[-159.3869742917573,21.966969722913216],[-159.38686641501147,21.966913245248264],[-159.38664101302285,21.966820330966083],[-159.38643339445554,21.966763397604119],[-159.38615773789849,21.966719689624178],[-159.38594200327205,21.966713346895563],[-159.38581844406616,21.96672313969837],[-159.38569595902561,21.966742281450678],[-159.38487342256144,21.966924988180693],[-159.38437840429711,21.967006426068519],[-159.3840663618775,21.967038662985249],[-159.38378459817079,21.967057132307449],[-159.38350246179314,21.967062003352243],[-159.38322091389907,21.967055541522438],[-159.38272091403491,21.967015565651273],[-159.38240897914852,21.966975603913486],[-159.38216113047469,21.966935116608624],[-159.38188471408245,21.966877129671058],[-159.38164198817759,21.966816250635198],[-159.3811331372477,21.966664205365479],[-159.38092646299427,21.96659294861994],[-159.3807239558196,21.966513391025611],[-159.38033101704849,21.966331703419474],[-159.37920768325566,21.965747603451657],[-159.37902014698693,21.965640974424797],[-159.37883792683567,21.965526479256571],[-159.37851300986878,21.96529638624536],[-159.37829981216686,21.965122459082568],[-159.37810028611577,21.964936141008941],[-159.3774745652764,21.964323083336193],[-159.37725008065291,21.964120039129963],[-159.37698530987615,21.963915698491917],[-159.37667770810617,21.963715683789669],[-159.37637941923359,21.963555592143006],[-159.37603811462986,21.963408762567038],[-159.37571274660669,21.963301586034081],[-159.37531313030726,21.963199517691994]]},"properties":{"st_length(shape)":1658.098701710114,"objectid":379,"year_record":2024,"island":"Kauai","route_id":"5030","bmp":0,"emp":1.034,"route_name":"Nuhou Street","county_id":7,"county_id_t":"Kauai County","aadt":7918,"aadt_su":155,"aadt_cu":103,"f_system":5,"f_system_t":"Major Collector","facility_type":2,"facility_type_t":"two way","maint_op":2,"maint_op_t":"County Highway","ownership":2,"ownership_t":"County Highway","through_lanes":2,"urban_id":99998,"urban_id_t":"Small Urban"}},{"type":"Feature","id":725,"geometry":{"type":"LineString","coordinates":[[-159.46533849577162,21.904420315419607],[-159.46531656830081,21.904336107622747],[-159.4653025176178,21.904292186586797],[-159.46531424421934,21.904285832926234]]},"properties":{"st_length(shape)":16.066200165403984,"objectid":725,"year_record":2024,"island":"Kauai","route_id":"520","bmp":3.2599999999999998,"emp":3.27,"route_name":"Maluhia Road","county_id":7,"county_id_t":"Kauai County","aadt":12052,"aadt_su":212,"aadt_cu":70,"f_system":4,"f_system_t":"Minor Arterial","facility_type":2,"facility_type_t":"two way","maint_op":2,"maint_op_t":"County Highway","ownership":2,"ownership_t":"County Highway","through_lanes":2,"urban_id":99998,"urban_id_t":"Small Urban"}},{"type":"Feature","id":726,"geometry":{"type":"LineString","coordinates":[[-159.46531424421934,21.904285832926234],[-159.46535512689078,21.904263682292221],[-159.46585276411105,21.903968435963325],[-159.46616370264263,21.90382102026572],[-159.46636640151746,21.903747626481046],[-159.46640548987779,21.903735571257844]]},"properties":{"st_length(shape)":128.530153695048,"objectid":726,"year_record":2024,"island":"Kauai","route_id":"520","bmp":3.27,"emp":3.3500000000000001,"route_name":"Koloa Road","county_id":7,"county_id_t":"Kauai County","aadt":12052,"aadt_su":212,"aadt_cu":70,"f_system":4,"f_system_t":"Minor Arterial","facility_type":2,"facility_type_t":"two way","maint_op":2,"maint_op_t":"County Highway","ownership":2,"ownership_t":"County Highway","through_lanes":2,"urban_id":99998,"urban_id_t":"Small Urban"}},{"type":"Feature","id":714,"geometry":{"type":"LineString","coordinates":[[-159.38198657939714,21.971509687753002],[-159.38198304532827,21.971499661407975],[-159.38197314685212,21.971471592707864],[-159.3813064986814,21.969669164955668],[-159.38120559844552,21.969456152656537],[-159.38114312111733,21.969355428897284],[-159.38105538372514,21.969235904309258],[-159.38095627247094,21.969123978742719],[-159.38084625683379,21.969023177236881],[-159.38010424091661,21.96843653030971],[-159.37956263581572,21.967990359752953],[-159.37848738854618,21.967139681541692],[-159.37834914113188,21.967022917139872]]},"properties":{"st_length(shape)":642.02134730051807,"objectid":714,"year_record":2024,"island":"Kauai","route_id":"5035","bmp":0,"emp":0.40100000000000002,"route_name":"Kalepa Street","county_id":7,"county_id_t":"Kauai County","aadt":9657,"aadt_su":222,"aadt_cu":79,"f_system":5,"f_system_t":"Major Collector","facility_type":2,"facility_type_t":"two way","maint_op":2,"maint_op_t":"County Highway","ownership":2,"ownership_t":"County Highway","through_lanes":2,"urban_id":99998,"urban_id_t":"Small Urban"}},{"type":"Feature","id":715,"geometry":{"type":"LineString","coordinates":[[-159.36978162012969,21.975269670990976],[-159.37012143946555,21.974460698725764],[-159.37023890865839,21.974220165097918],[-159.37030173685352,21.974117990009013],[-159.37037633946778,21.97402408557895],[-159.37044280062702,21.973961459620529],[-159.37054216300481,21.973889015710785],[-159.37065044304677,21.973828448183635],[-159.37073771103451,21.973793612104402],[-159.37082837632471,21.97376902241658],[-159.37095271809494,21.97374931921404],[-159.37110995804198,21.973747352084292],[-159.3715441420637,21.973790422916728],[-159.37169897810406,21.973785531691437],[-159.37188366244703,21.973759367928892],[-159.3720655631073,21.973718391045825],[-159.37221133263654,21.973670279161134],[-159.37231910082934,21.973615089915601],[-159.37241391177793,21.973542749164551],[-159.37247140472181,21.973477238160203],[-159.3725011732227,21.973428023161656],[-159.3725238874342,21.973374371984097],[-159.37254619804659,21.973291138384035],[-159.37256068362399,21.97311890601544],[-159.3725519903891,21.972799166422188],[-159.37255774464793,21.97265390816775],[-159.37257100832673,21.972567655896658],[-159.37259437887263,21.972483104460963],[-159.37265882920778,21.972350212149909],[-159.37277086316467,21.972208655239641],[-159.37292593339131,21.972063761646737],[-159.37376513533138,21.971459023498252],[-159.37389379159194,21.97137639138699],[-159.3740331388895,21.971308156527929],[-159.37418085957998,21.97125918561888],[-159.37433414177494,21.971226101643097],[-159.37464584164684,21.97119216011076],[-159.37514753539918,21.971185187286032],[-159.3754586693891,21.97116269758677],[-159.37586298837718,21.971118638339576],[-159.37598413884217,21.971094275073519],[-159.37610072807985,21.971056992050261],[-159.37618310231511,21.971019461200683],[-159.37626012668753,21.970973348993798],[-159.3763991379636,21.970860152025072],[-159.37668663634423,21.970553276012524],[-159.37681325695806,21.970388004496932],[-159.37703797484124,21.970140477464728]]},"properties":{"st_length(shape)":1056.4314919778917,"objectid":715,"year_record":2024,"island":"Kauai","route_id":"5040","bmp":0,"emp":0.64600000000000002,"route_name":"Haleko Road","county_id":7,"county_id_t":"Kauai County","aadt":7727,"aadt_su":13,"aadt_cu":2,"f_system":5,"f_system_t":"Major Collector","facility_type":2,"facility_type_t":"two way","maint_op":2,"maint_op_t":"County Highway","ownership":2,"ownership_t":"County Highway","through_lanes":2,"urban_id":99998,"urban_id_t":"Small Urban"}},{"type":"Feature","id":716,"geometry":{"type":"LineString","coordinates":[[-159.35403509588255,21.957997789089983],[-159.35393763192241,21.958090439118667],[-159.35385937017745,21.95817874640338],[-159.35377706752442,21.958300611928454],[-159.35370956997377,21.958430209770746],[-159.3536699726798,21.958539753285955],[-159.35364453941915,21.958653498050158],[-159.35358853812255,21.959233075327532],[-159.35356420157527,21.959377968624629],[-159.35353282072512,21.959494944249851],[-159.3534993973019,21.959580227667963],[-159.35347941142399,21.959619106329054]]},"properties":{"st_length(shape)":193.41376948312845,"objectid":716,"year_record":2024,"island":"Kauai","route_id":"51","bmp":0,"emp":0.12000000000000001,"route_name":"Waapa Road","county_id":7,"county_id_t":"Kauai County","aadt":12597,"aadt_su":634,"aadt_cu":94,"f_system":3,"f_system_t":"Principal Arterial","facility_type":2,"facility_type_t":"two way","maint_op":1,"maint_op_t":"State Highway","ownership":1,"ownership_t":"State Highway","through_lanes":2,"urban_id":99998,"urban_id_t":"Small Urban"}},{"type":"Feature","id":717,"geometry":{"type":"LineString","coordinates":[[-159.35347941142399,21.959619106329054],[-159.35344447395462,21.959687074784782],[-159.35312948788564,21.960193678176243],[-159.35299669015203,21.960423832613429],[-159.35292766888733,21.960583822698446],[-159.35288756758104,21.960752913394877],[-159.35287202176374,21.960927795732559],[-159.35287541140278,21.961101881196395],[-159.35295078630057,21.962057110680668],[-159.35300367301213,21.962839449346983],[-159.35303053137298,21.963040575121951],[-159.35307410331231,21.963268157675138],[-159.35311832860975,21.96343594497802],[-159.35317655992384,21.963598600371284],[-159.3532140672549,21.963676490909553]]},"properties":{"st_length(shape)":467.41681576297736,"objectid":717,"year_record":2024,"island":"Kauai","route_id":"51","bmp":0.12000000000000001,"emp":0.41000000000000003,"route_name":"Rice Street","county_id":7,"county_id_t":"Kauai County","aadt":12597,"aadt_su":634,"aadt_cu":94,"f_system":3,"f_system_t":"Principal Arterial","facility_type":2,"facility_type_t":"two way","maint_op":1,"maint_op_t":"State Highway","ownership":1,"ownership_t":"State Highway","through_lanes":2,"urban_id":99998,"urban_id_t":"Small Urban"}},{"type":"Feature","id":718,"geometry":{"type":"LineString","coordinates":[[-159.3532140672549,21.963676490909553],[-159.35325148603755,21.963754198228557],[-159.35334687890389,21.963902909293811],[-159.35359931268869,21.964232369403188],[-159.35375229626138,21.964414161537377],[-159.35385714344551,21.964520393466255],[-159.35397248211152,21.964615314126146],[-159.35409977739607,21.964696081702066],[-159.35423779704709,21.964759471708206],[-159.35435417217718,21.964796461666399],[-159.35447476992212,21.964821619001071],[-159.35462783816803,21.964837411455488],[-159.35475132706756,21.964836028975522],[-159.35493487523027,21.964810011477329],[-159.35532679130077,21.964715152934129],[-159.35554121544314,21.964675532491114],[-159.35576003512639,21.96465825174451],[-159.35594845329729,21.964667855460664],[-159.35619362643129,21.964712522456384],[-159.35634304706386,21.964755448152417],[-159.35645987943056,21.964798085783681],[-159.3566818129876,21.964906880438509],[-159.35678564782268,21.964973227242339],[-159.35688283724943,21.965047204487153],[-159.35701751523285,21.965169983932569],[-159.357136216432,21.965307544990033],[-159.35723509544439,21.965458235521915],[-159.35732603316291,21.965644796596433],[-159.35737900034059,21.965783459949122],[-159.35742028289854,21.965925561036663],[-159.35756301664833,21.966651686422619]]},"properties":{"st_length(shape)":644.71274617471647,"objectid":718,"year_record":2024,"island":"Kauai","route_id":"51","bmp":0.41000000000000003,"emp":0.81000000000000005,"route_name":"Rice Street","county_id":7,"county_id_t":"Kauai County","aadt":12597,"aadt_su":634,"aadt_cu":94,"f_system":3,"f_system_t":"Principal Arterial","facility_type":2,"facility_type_t":"two way","maint_op":1,"maint_op_t":"State Highway","ownership":1,"ownership_t":"State Highway","through_lanes":3,"urban_id":99998,"urban_id_t":"Small Urban"}},{"type":"Feature","id":719,"geometry":{"type":"LineString","coordinates":[[-159.35756301664833,21.966651686422619],[-159.35757256027227,21.966700234988664],[-159.35763773938987,21.966954861671294],[-159.35769255617174,21.96709190459563],[-159.35778285664594,21.967276280406647],[-159.35789515874603,21.967462403358091]]},"properties":{"st_length(shape)":96.706939564878098,"objectid":719,"year_record":2024,"island":"Kauai","route_id":"51","bmp":0.81000000000000005,"emp":0.87,"route_name":"Rice Street","county_id":7,"county_id_t":"Kauai County","aadt":12597,"aadt_su":634,"aadt_cu":94,"f_system":3,"f_system_t":"Principal Arterial","facility_type":2,"facility_type_t":"two way","maint_op":1,"maint_op_t":"State Highway","ownership":1,"ownership_t":"State Highway","through_lanes":2,"urban_id":99998,"urban_id_t":"Small Urban"}},{"type":"Feature","id":720,"geometry":{"type":"LineString","coordinates":[[-159.35789515874603,21.967462403358091],[-159.35794937637553,21.967552260422934],[-159.3579776383136,21.967585601977692]]},"properties":{"st_length(shape)":16.117778606694976,"objectid":720,"year_record":2024,"island":"Kauai","route_id":"51","bmp":0.87,"emp":0.88,"route_name":"Kapule Highway","county_id":7,"county_id_t":"Kauai County","aadt":12597,"aadt_su":634,"aadt_cu":94,"f_system":3,"f_system_t":"Principal Arterial","facility_type":2,"facility_type_t":"two way","maint_op":1,"maint_op_t":"State Highway","ownership":1,"ownership_t":"State Highway","through_lanes":2,"urban_id":99998,"urban_id_t":"Small Urban"}},{"type":"Feature","id":721,"geometry":{"type":"LineString","coordinates":[[-159.3579776383136,21.967585601977692],[-159.35798861066462,21.967598545239085],[-159.3579387232073,21.967642355561033],[-159.35758071814172,21.967959727099121],[-159.35626606778342,21.969202974045924],[-159.35585506910854,21.969604706919529],[-159.35558931186145,21.969889480172704],[-159.35537039956975,21.970170604676309],[-159.35509212965019,21.970590790327396],[-159.35494750742362,21.970848783423804],[-159.3547153522459,21.971325873545659],[-159.35338941137934,21.9742567207762],[-159.35317399902118,21.974773495360207],[-159.35296001775359,21.975352991996012],[-159.35279489320658,21.975885547738756],[-159.35245803124164,21.977072184667144],[-159.35229277915431,21.977665681215164],[-159.35214441956481,21.978234376948272],[-159.35187969480319,21.979106343491953],[-159.35158642094311,21.980123105574719],[-159.35138140999854,21.980949858565825],[-159.35123223128073,21.981649446409197]]},"properties":{"st_length(shape)":1740.7245087274327,"objectid":721,"year_record":2024,"island":"Kauai","route_id":"51","bmp":0.88,"emp":1.96,"route_name":"Kapule Highway","county_id":7,"county_id_t":"Kauai County","aadt":11385,"aadt_su":377,"aadt_cu":69,"f_system":3,"f_system_t":"Principal Arterial","facility_type":2,"facility_type_t":"two way","maint_op":1,"maint_op_t":"State Highway","ownership":1,"ownership_t":"State Highway","through_lanes":2,"urban_id":99998,"urban_id_t":"Small Urban"}},{"type":"Feature","id":722,"geometry":{"type":"LineString","coordinates":[[-159.35123223128073,21.981649446409197],[-159.35116858644744,21.981947912379255],[-159.35106937037085,21.982317382187066],[-159.35092674128123,21.982736183494215],[-159.35076466844157,21.983149545016403],[-159.35058035935847,21.983556027150001],[-159.35041453510917,21.983875172291896],[-159.35025926329661,21.984131320919122],[-159.35007467436549,21.984403455182665],[-159.34989389365052,21.984643607250849],[-159.34970225914265,21.984874629436007],[-159.34909148458465,21.985579260091765],[-159.34549025589476,21.989671416439823],[-159.34514145544216,21.990084133684807],[-159.34499867566521,21.990275395362108],[-159.34486473131443,21.990472318307873],[-159.34472233172153,21.990698964212626],[-159.34458957423035,21.990930779134391],[-159.34446705196356,21.991167858519123],[-159.3443678662936,21.991382224079732],[-159.34428862340084,21.99157285666633],[-159.34418674243145,21.991848769598437],[-159.34405583701613,21.992298672920345],[-159.343971603195,21.992699038104014],[-159.34391077181562,21.993161760589651],[-159.34388608262879,21.993598685268744],[-159.34389560907951,21.994035908610535],[-159.34393814258834,21.994471061594901],[-159.34401487533037,21.994901462073592],[-159.34411713517864,21.995297725555218],[-159.34420581196315,21.995576840575854],[-159.34430846516793,21.99585186972925],[-159.34442566938506,21.996122431431797],[-159.34455601376632,21.996386753345458],[-159.3453659541976,21.997839885902753],[-159.34621862421133,21.999341881510944],[-159.34637252098392,21.999632464018298],[-159.34648636428977,21.999874092904388],[-159.34657739721695,22.000093888471003],[-159.34666778100689,22.00034423714196],[-159.34679991613834,22.000689868710133]]},"properties":{"st_length(shape)":2404.7785533163669,"objectid":722,"year_record":2024,"island":"Kauai","route_id":"51","bmp":1.96,"emp":3.452,"route_name":"Kapule Highway","county_id":7,"county_id_t":"Kauai County","aadt":23199,"aadt_su":767,"aadt_cu":140,"f_system":3,"f_system_t":"Principal Arterial","facility_type":2,"facility_type_t":"two way","maint_op":1,"maint_op_t":"State Highway","ownership":1,"ownership_t":"State Highway","through_lanes":2,"urban_id":99998,"urban_id_t":"Small Urban"}},{"type":"Feature","id":723,"geometry":{"type":"LineString","coordinates":[[-159.46598665025428,21.950600540849663],[-159.46592307116532,21.950504499320964],[-159.46589959291506,21.950441361197353],[-159.46588754660709,21.950349840688848],[-159.46589398710853,21.95023166775707],[-159.46592090514949,21.950030273241669],[-159.46749643056739,21.94077276731716],[-159.46792886283211,21.938167686244135],[-159.46801710684866,21.937439691909859],[-159.46807602127834,21.937211496354099],[-159.46815769038454,21.937021091085541],[-159.46825993356427,21.936838633470522],[-159.46850619890103,21.936465034352825],[-159.46858729377189,21.936308339727518],[-159.46865441688973,21.936116350380267],[-159.46867677185409,21.936002488204558],[-159.46868728430661,21.935887239578868],[-159.46868649311841,21.935771036620721],[-159.46867176922177,21.935626365273841],[-159.46854892256408,21.934903717053192],[-159.46851951158061,21.934642019515032],[-159.46852097616735,21.934378345777066],[-159.46858045428738,21.933915093524451],[-159.46857778905533,21.933770653373735],[-159.46855946195009,21.933627032108927],[-159.46851932026919,21.933457896560771],[-159.46845604489428,21.933294491500114],[-159.46840080607527,21.933190355522164],[-159.46819995607751,21.932859725711143],[-159.46811579889567,21.932670352695638],[-159.46808201509137,21.932557786919308],[-159.46805801004712,21.932443053943146],[-159.46804454677417,21.932326154309852],[-159.46804208430524,21.932208888179584],[-159.46805096090432,21.93209077034512],[-159.46807111978495,21.931974875381062],[-159.46813412993998,21.931777466379305],[-159.46818394859341,21.931669435431669],[-159.46824291635278,21.931565433965549],[-159.46851554802356,21.931173009594428],[-159.46863176616895,21.930967789384294],[-159.46868794397082,21.930832545636925],[-159.46873129366722,21.930693482548737],[-159.46876209239082,21.930551537112379],[-159.46877972472225,21.930406826729484],[-159.4687853387226,21.930173496699918],[-159.4687704860589,21.929266721229727],[-159.46877775284096,21.928711079678855],[-159.4689680579711,21.923888449343334],[-159.4690525474546,21.920968516273444],[-159.46910763676539,21.919684104220142],[-159.46910807207522,21.919480328557849],[-159.46909585334052,21.919306314985636],[-159.46906195312681,21.91907552759578],[-159.46901361992232,21.918877025251007],[-159.46866487594289,21.917815532312222],[-159.46852852718953,21.917334071633203],[-159.46813843878184,21.91550059541094],[-159.4681113300002,21.915361309963245]]},"properties":{"st_length(shape)":3978.0059248792018,"objectid":723,"year_record":2024,"island":"Kauai","route_id":"520","bmp":0,"emp":2.476,"route_name":"Maluhia Road","county_id":7,"county_id_t":"Kauai County","aadt":13941,"aadt_su":120,"aadt_cu":35,"f_system":4,"f_system_t":"Minor Arterial","facility_type":2,"facility_type_t":"two way","maint_op":2,"maint_op_t":"County Highway","ownership":2,"ownership_t":"County Highway","through_lanes":2,"urban_id":99999,"urban_id_t":"Rural"}},{"type":"Feature","id":724,"geometry":{"type":"LineString","coordinates":[[-159.4681113300002,21.915361309963245],[-159.46789213101417,21.91423508106644],[-159.46783746322512,21.9140071701413],[-159.46777746321337,21.913810804559354],[-159.46769732671544,21.913590034532575],[-159.46760333094986,21.913373733436664],[-159.46679577229452,21.911724828984532],[-159.46642871454884,21.910918234596583],[-159.4660136230311,21.910037642219031],[-159.46592211941845,21.909817761621479],[-159.46586008134085,21.909619394395733],[-159.46582185963231,21.909445579498676],[-159.46579088492879,21.909240865224486],[-159.46573694603399,21.908599312589306],[-159.46569075305297,21.906231410268479],[-159.46565938695875,21.906029294390308],[-159.46536825921399,21.904534614704147],[-159.46533849577162,21.904420315419607]]},"properties":{"st_length(shape)":1259.5946758010655,"objectid":724,"year_record":2024,"island":"Kauai","route_id":"520","bmp":2.476,"emp":3.2599999999999998,"route_name":"Maluhia Road","county_id":7,"county_id_t":"Kauai County","aadt":13941,"aadt_su":120,"aadt_cu":35,"f_system":4,"f_system_t":"Minor Arterial","facility_type":2,"facility_type_t":"two way","maint_op":2,"maint_op_t":"County Highway","ownership":2,"ownership_t":"County Highway","through_lanes":2,"urban_id":99998,"urban_id_t":"Small Urban"}},{"type":"Feature","id":727,"geometry":{"type":"LineString","coordinates":[[-159.46640548987779,21.903735571257844],[-159.46659894989369,21.903675907737775],[-159.46665587561449,21.903658729037048],[-159.46664584679542,21.903620651040978],[-159.46661231911546,21.903478292604131],[-159.46659228737911,21.903333945357222],[-159.46638873444465,21.90121041469564],[-159.46617140779455,21.899232579355971],[-159.46606949465058,21.898389780105067],[-159.46585534055106,21.89682293041745],[-159.46582961056097,21.896590665716822],[-159.46581343548004,21.896356598696158],[-159.465807429374,21.896064222463551],[-159.465811699803,21.895186744244704],[-159.46581800208605,21.894952584672506],[-159.46583069264801,21.89483495524842],[-159.46586704575208,21.894662879508232],[-159.46591552232928,21.894493954098294],[-159.46619567341719,21.893718499776217],[-159.46628647463254,21.893439166136066],[-159.46634273914381,21.893182687189491],[-159.46636273988727,21.892951657141364],[-159.46635804796801,21.892777287130475],[-159.46633101520942,21.892545373913325],[-159.46618137902999,21.89159138009444],[-159.46592391538169,21.889734967680749],[-159.46590536024283,21.889472426931093],[-159.4659184062389,21.889238475787646],[-159.46597431518299,21.888979180909232],[-159.46606520616265,21.888699307657486],[-159.46615830802648,21.888481473239317],[-159.4662922213972,21.888249108706653],[-159.46645507423028,21.888034043516335],[-159.46662152740407,21.887858200164636],[-159.46685077641277,21.887658352921711],[-159.46721361401995,21.887379989055784],[-159.46730207723363,21.887299050266019],[-159.46738195061812,21.887210208962138],[-159.46750232761696,21.887040666042779],[-159.46766671175442,21.886758554109846],[-159.46786273821013,21.886392404695126],[-159.46796049393384,21.88617813278675],[-159.46799711021563,21.886067351010759],[-159.46802750403722,21.885925683588372],[-159.46804152724013,21.885781126481003],[-159.46804138082129,21.885665042938346],[-159.46802146943489,21.885491577989988],[-159.46792475114802,21.885003445499194],[-159.46789230921217,21.884801450011803],[-159.46787679465208,21.88459559748895],[-159.46788274440433,21.884388867265642],[-159.4679194519874,21.884066979339519],[-159.46797731377796,21.883805330094361],[-159.46804577812892,21.883589802413582],[-159.4680664997442,21.883552108606636],[-159.46814173030475,21.883483504705804],[-159.4681636566992,21.883431177030971],[-159.46816340610209,21.883387010897593],[-159.468146717585,21.883334059383476],[-159.46810867578739,21.883255125775147],[-159.46807806318853,21.883213840294779],[-159.46804302220829,21.883189207995741],[-159.46802649337454,21.883185483071607],[-159.46792419930833,21.883185299413764],[-159.46788471901667,21.883169517218132],[-159.46781564496439,21.883123858035891],[-159.46770087684465,21.883021317419558],[-159.46743144874307,21.882737807016124],[-159.46728863019447,21.882544332368855],[-159.46687541304337,21.881856891675564],[-159.46676128102388,21.881719655255136],[-159.46660582397519,21.881577172955947],[-159.46648544143869,21.881485240275101],[-159.46578678764487,21.880993116267483],[-159.46408206080025,21.879757339015029],[-159.46390148691637,21.879646836426215],[-159.46365763590438,21.879519543185502],[-159.46346181918571,21.879433596275128],[-159.4632026033407,21.879335018322365],[-159.46290585204989,21.879248921782349],[-159.46232848645755,21.879118832187956],[-159.46183917570531,21.879021814696465],[-159.46067011873544,21.878805691052108],[-159.45972089710705,21.878614450961326],[-159.45926466188942,21.878504178334971],[-159.45881363315081,21.878380633623831],[-159.45839779744,21.878250885131319],[-159.45715867868671,21.877841458562283],[-159.45620835204102,21.877548604614262],[-159.45261092690518,21.876365091375153],[-159.45202570931872,21.876154126314827],[-159.45119621762868,21.87581416608306],[-159.45090276019877,21.875722014445937],[-159.45063114145233,21.875659397765123],[-159.45041697390116,21.875624937699914],[-159.45023125924723,21.875607580511375],[-159.45001366340648,21.875604906341216],[-159.44979599976429,21.87561580640779],[-159.44768446984534,21.875843509344925],[-159.44678616727219,21.875958242325318],[-159.44608934759736,21.876035514514253]]},"properties":{"st_length(shape)":4896.9959333223087,"objectid":727,"year_record":2024,"island":"Kauai","route_id":"520","bmp":3.3500000000000001,"emp":6.3979999999999997,"route_name":"Poipu Road","county_id":7,"county_id_t":"Kauai County","aadt":12629,"aadt_su":103,"aadt_cu":20,"f_system":5,"f_system_t":"Major Collector","facility_type":2,"facility_type_t":"two way","maint_op":2,"maint_op_t":"County Highway","ownership":2,"ownership_t":"County Highway","through_lanes":2,"urban_id":99998,"urban_id_t":"Small Urban"}},{"type":"Feature","id":728,"geometry":{"type":"LineString","coordinates":[[-159.48624785533195,21.929376162808907],[-159.48615855574781,21.929182936014769],[-159.48610126027566,21.928987982938555],[-159.48580093728066,21.9276734982409],[-159.4857280615422,21.927389271394315],[-159.48535345724687,21.926182239787718],[-159.4852497622775,21.925814036580949],[-159.48505074456313,21.925016448537548],[-159.4849989345791,21.924727713263064],[-159.48499251043265,21.924551716495891],[-159.48500928237874,21.92440586872759],[-159.4854496071456,21.922193810747338],[-159.4854519642299,21.922078255391902],[-159.48542927746004,21.92196462239491],[-159.48538487264588,21.921856292547311],[-159.48532292344106,21.921754839055914],[-159.4843218846982,21.920339656938499],[-159.48244271364854,21.91760894153391],[-159.4822168993183,21.917293227088713],[-159.48211170760533,21.917186106149707],[-159.4819692532744,21.917072292300162],[-159.4805947179012,21.916101938951115],[-159.48046410431121,21.916023701973153],[-159.48035171270374,21.915974128519913],[-159.48026299743643,21.915947610395207],[-159.48014031385964,21.915927176677638],[-159.47989071611599,21.915915601895481],[-159.47857401581894,21.915885907254875],[-159.47835599727927,21.915863946244887],[-159.47823415999568,21.915837642582833],[-159.47814509400305,21.915809756514779],[-159.47803159138516,21.915758304624131],[-159.47771698925285,21.91557029497196],[-159.4754383763601,21.914067632178003],[-159.47531528872616,21.913976687633888],[-159.47522175070893,21.913896934425107],[-159.47513638240355,21.913810477503969],[-159.47485791161483,21.913494319108363],[-159.47479155612353,21.913434472262157],[-159.47471431142611,21.913386580459161],[-159.47465627614812,21.913366036456441],[-159.47459681904991,21.913355850000343],[-159.47444270387643,21.913352224490456],[-159.47419620177573,21.913379377154257],[-159.47373551995389,21.913459382535024],[-159.47357841511811,21.913467239466137],[-159.47342215187706,21.91345701139625],[-159.47320585976874,21.91341530730335],[-159.47302967741345,21.913350036008371],[-159.47286888944274,21.913256632203279],[-159.47275400397717,21.913156980027406],[-159.47264164676344,21.913016000589391],[-159.47245448625461,21.912711557127277],[-159.47239539891942,21.912574085280859],[-159.47237577981346,21.912456371349414],[-159.47238242881019,21.912366970017018],[-159.47239845047994,21.912308908448864],[-159.47249894455845,21.912094629200038],[-159.47253644838958,21.911955946713622],[-159.4725433981794,21.911373056196425],[-159.47256681289676,21.911227308569096],[-159.47262958304631,21.911001537347023],[-159.47265313258936,21.910888484059587],[-159.47265783690852,21.91077314498396],[-159.47264154524007,21.910659767969996],[-159.47261506751835,21.910577502307934],[-159.47256182916206,21.910473348058861],[-159.47231079567976,21.910104287268553],[-159.4721539081834,21.909817698796417],[-159.47208436739231,21.909721712214612],[-159.47202164402009,21.909657912934936],[-159.47190533209076,21.909561785789652],[-159.47133827596593,21.90914799917276],[-159.47123277603998,21.909038247335143],[-159.47116981218804,21.908934085209918],[-159.47114029510888,21.908818680596159],[-159.47113814930171,21.908759088305729],[-159.47114879840501,21.908669985402696],[-159.47117428558107,21.908585054580712],[-159.4713033451101,21.908288300029319],[-159.47132236789869,21.908204874767623],[-159.47132274415,21.908119995967059],[-159.47130287672343,21.908036690224119],[-159.47126960963331,21.907955881126689],[-159.47110220457714,21.907640948949776],[-159.47106144520711,21.90752951008222],[-159.47103076820667,21.907415431387136],[-159.47101000787168,21.907299262639135],[-159.4709980176826,21.907152956066046],[-159.47099612656848,21.906503056687129]]},"properties":{"st_length(shape)":3406.3252189056075,"objectid":728,"year_record":2024,"island":"Kauai","route_id":"521","bmp":0,"emp":2.1040000000000001,"route_name":"Omao Road","county_id":7,"county_id_t":"Kauai County","aadt":2262,"aadt_su":26,"aadt_cu":2,"f_system":6,"f_system_t":"Minor Collector","facility_type":2,"facility_type_t":"two way","maint_op":2,"maint_op_t":"County Highway","ownership":2,"ownership_t":"County Highway","through_lanes":2,"urban_id":99998,"urban_id_t":"Small Urban"}},{"type":"Feature","id":729,"geometry":{"type":"LineString","coordinates":[[-159.44608934759736,21.876035514514253],[-159.44617619985738,21.876688848012666],[-159.44623330302588,21.876973543122425],[-159.44627452677616,21.877113323513811],[-159.44633587269954,21.877277840051271],[-159.44648790540023,21.87759536758567],[-159.44659557732791,21.877771252138892],[-159.44673702654427,21.877961892319014],[-159.44780429155668,21.879221441347049],[-159.44795283632553,21.879409994927229],[-159.44808551507765,21.879608593617352],[-159.44820275759341,21.879815701324855],[-159.44830455444966,21.880029555477694],[-159.44837980044372,21.880221754768467],[-159.44843974270179,21.880419089331838],[-159.44866537523032,21.881329152225803],[-159.4504927732024,21.888807591443729],[-159.45060756730678,21.889231347123232],[-159.45069270247023,21.889511160614564],[-159.45077763497406,21.889759340350984],[-159.45087819535911,21.890004962039608],[-159.451029383318,21.890323888120122],[-159.45114491270343,21.890529636475236],[-159.45180994537995,21.891583131921681],[-159.45535692294399,21.897352271672865],[-159.45549009408404,21.897583621218054],[-159.4556125694485,21.897820495012535],[-159.45571008957961,21.898036235691059],[-159.45579501902137,21.898256216711406],[-159.45589325962519,21.898564388751371],[-159.45597068329303,21.898878172772736],[-159.45603269654458,21.89925443214414],[-159.45605673362166,21.89954606059008],[-159.45606128924126,21.900219705921373],[-159.45601936536769,21.90348595471459],[-159.45601978291612,21.90383626767742],[-159.45602752897753,21.904010951996906],[-159.45605866526262,21.904241100933518],[-159.4561186194438,21.904466544344405],[-159.45620026890936,21.9046856929026],[-159.45631831560195,21.904921602418373],[-159.45643001344817,21.905095730099454],[-159.45655855922527,21.905259288518074],[-159.45672429485168,21.905432464703615],[-159.45688096157141,21.905573203258545],[-159.4571739668713,21.905789086550033],[-159.45840994687899,21.906636694517282],[-159.45861519575107,21.906770087421968],[-159.45880405386109,21.906873093184618],[-159.45964723751888,21.907258145905733],[-159.45989883923974,21.907381231275224],[-159.4601385295409,21.907524289511084],[-159.46033693062307,21.907670329531278],[-159.46051716720373,21.907838209442776],[-159.46071654881871,21.908065232920247],[-159.46185454601775,21.909494854960236],[-159.46206840155105,21.909745083518217],[-159.46221850663127,21.90989191357901],[-159.46235850496714,21.910006821552756],[-159.46253399090702,21.910126911189941],[-159.46271970544117,21.910233096757402],[-159.46288566699801,21.910312387006009],[-159.46305755311602,21.910379147694638],[-159.46323497934318,21.910432763738353],[-159.46338626593953,21.910466555730572],[-159.46357019302388,21.910494248618186],[-159.46375617172717,21.910509679380066],[-159.46394264160796,21.910511742075908],[-159.46412930019216,21.910500626378056],[-159.46440622704458,21.910460025652938],[-159.46467678514216,21.910389277323432],[-159.46596189448653,21.909913340978218]]},"properties":{"st_length(shape)":4686.3031814746928,"objectid":729,"year_record":2024,"island":"Kauai","route_id":"522","bmp":0,"emp":2.911,"route_name":"Ala Kinoike Way","county_id":7,"county_id_t":"Kauai County","aadt":4861,"aadt_su":65,"aadt_cu":23,"f_system":5,"f_system_t":"Major Collector","facility_type":2,"facility_type_t":"two way","maint_op":2,"maint_op_t":"County Highway","ownership":2,"ownership_t":"County Highway","through_lanes":2,"urban_id":99998,"urban_id_t":"Small Urban"}},{"type":"Feature","id":730,"geometry":{"type":"LineString","coordinates":[[-159.46810867578739,21.883255125775147],[-159.46824152571517,21.883103595020859],[-159.4682532690473,21.883044505066344],[-159.46831453890465,21.882861687167736],[-159.46838493155803,21.882520156322357],[-159.46844628881888,21.88235444128976],[-159.46852094514483,21.882224059286916],[-159.46873269697869,21.881898533634228],[-159.46897035154672,21.881488246573507],[-159.4691495026845,21.88121353818465],[-159.46923892739676,21.881092438276898],[-159.46934132545499,21.880980460509196],[-159.46947824996798,21.880859673230372],[-159.46960357134586,21.880770859413978],[-159.46973897029801,21.8806963129229],[-159.46988419075103,21.880639411550664],[-159.4700055576393,21.880607660538175],[-159.47016130508692,21.880586977921219],[-159.47031900143674,21.880586510560779],[-159.47044463482405,21.880599593287485],[-159.47059849564076,21.880626432480138],[-159.47363627119421,21.881208104936128],[-159.47382219570451,21.881231862097049],[-159.47394637389812,21.881239020613201],[-159.47438418940672,21.881228609247067],[-159.47457251704188,21.881231150212347],[-159.4747596659976,21.881246362497176],[-159.47488428640784,21.88126750168388],[-159.47503620771954,21.881307435958089],[-159.47515423380378,21.88134826742376],[-159.47585693066355,21.881668929368722],[-159.47605854397506,21.881748983044503],[-159.47623631848461,21.881804307582307],[-159.47647974367166,21.88185547408272],[-159.47669698991393,21.881877709918637],[-159.47685183081111,21.881884738639155],[-159.47725885366162,21.881881259588681],[-159.47741553906008,21.881891926939126],[-159.47751052693289,21.88190639493784],[-159.47763212023577,21.881940258627065],[-159.4777453722908,21.881987992647094],[-159.47815094133017,21.882207545916259],[-159.47832232735149,21.882275869255125],[-159.47853463423573,21.882321125075602],[-159.47948771930399,21.882481612402163],[-159.47970416018646,21.882508655639231],[-159.47992209523068,21.88251414342071],[-159.48182821484684,21.882407693169466],[-159.48204756237135,21.882409820414242],[-159.48220342165476,21.882438538279036],[-159.48232218705073,21.882481900173637],[-159.48245848269929,21.882553799290129],[-159.48426464940965,21.883710408193675],[-159.48458278000746,21.883895739572459],[-159.48485646290834,21.884036813068342],[-159.48538539485847,21.88429117330632],[-159.48619721437447,21.884669618190451],[-159.48679232156914,21.88492985501961],[-159.48693024625825,21.885002675174121],[-159.48702996897256,21.885075132071247],[-159.48711587591743,21.885162502292669],[-159.48718732436282,21.885259089729153],[-159.48738144509551,21.885558292166937],[-159.4874593610059,21.885647727632008],[-159.48757778978808,21.885740907155437],[-159.48774670023099,21.885850148514209]]},"properties":{"st_length(shape)":2354.9334812992674,"objectid":730,"year_record":2024,"island":"Kauai","route_id":"523","bmp":0,"emp":1.4570000000000001,"route_name":"Lawai Road","county_id":7,"county_id_t":"Kauai County","aadt":1595,"aadt_su":34,"aadt_cu":5,"f_system":5,"f_system_t":"Major Collector","facility_type":2,"facility_type_t":"two way","maint_op":2,"maint_op_t":"County Highway","ownership":2,"ownership_t":"County Highway","through_lanes":2,"urban_id":99998,"urban_id_t":"Small Urban"}},{"type":"Feature","id":731,"geometry":{"type":"LineString","coordinates":[[-159.48774670023099,21.885850148514209],[-159.48775683325209,21.885856701007224],[-159.48783926328167,21.885894598512959],[-159.48792910113039,21.885917318730751],[-159.4880206994153,21.885920577983715],[-159.48811239615577,21.885908107004674],[-159.48870334594173,21.885716934444183],[-159.48882625239671,21.885694446105379],[-159.48892075734682,21.885698528305287],[-159.48898242073614,21.885713306284252],[-159.48906917854458,21.885752515675655],[-159.48948049411564,21.886014903673708],[-159.48956364713055,21.886053180315539],[-159.48968054292985,21.886092084762566],[-159.48986280556537,21.886131460540298],[-159.49047819616365,21.886235687021209],[-159.490939099749,21.88632387579781],[-159.49109388674606,21.886340201201772],[-159.49121754711558,21.88633628727473],[-159.49130976073835,21.886322689992006],[-159.49139950774338,21.886300011360177],[-159.4914865702693,21.886268803135227],[-159.49156930511998,21.88622948852144],[-159.49174783324631,21.886111679323331],[-159.49222274724934,21.885731912203436],[-159.49242218114779,21.885593278631937],[-159.49255501807508,21.885515972014474],[-159.49266685052893,21.88546324401349],[-159.49278392169552,21.885420663115855],[-159.49290564614537,21.885390819432544],[-159.49300040136035,21.885380161547808],[-159.49306426063268,21.885382610237414],[-159.49312686120885,21.885393981480579],[-159.4931867385466,21.88541456334606],[-159.49326882321455,21.885462047413775],[-159.49356485882458,21.885674318376957],[-159.49372006424156,21.885771004204233],[-159.49383218332278,21.885819325776765],[-159.49398269169117,21.885847792757815],[-159.49407577303981,21.885849663728855],[-159.49416796825196,21.885842420643897],[-159.49431877875259,21.885807128497884],[-159.49469859527571,21.885668053664677],[-159.49505139001039,21.885550176313902],[-159.49530434990064,21.885437028994023],[-159.49542145951455,21.885398536012801],[-159.49551595336402,21.885393541165158],[-159.49573138425518,21.885424318258281],[-159.49582450246356,21.885427409591294],[-159.49594902204021,21.885413591397437],[-159.49622509204008,21.885362636685002],[-159.49634919679858,21.885348418310357],[-159.49647417157664,21.885356524049055],[-159.49659387997352,21.885393006508728],[-159.49667303023406,21.885438659200396],[-159.49689575669177,21.885596727990087],[-159.49706582632115,21.885669801235547],[-159.49730850168586,21.885727800632523],[-159.49746338882912,21.885744819916198],[-159.49758778875545,21.885746154318884],[-159.49770882854884,21.885721199511597],[-159.49785077803625,21.885661115110445],[-159.49861555926546,21.88525996498095],[-159.49914740566899,21.884948931392721],[-159.49928608927718,21.884880378648962],[-159.49943536589851,21.884840867413249],[-159.49965304140031,21.884811312295049],[-159.4997499640576,21.884816243739269],[-159.49990761769422,21.884850135911485]]},"properties":{"st_length(shape)":1370.6133132296818,"objectid":731,"year_record":2024,"island":"Kauai","route_id":"523","bmp":1.4570000000000001,"emp":2.3050000000000002,"route_name":"Lawai Road","county_id":7,"county_id_t":"Kauai County","aadt":1595,"aadt_su":34,"aadt_cu":5,"f_system":5,"f_system_t":"Major Collector","facility_type":2,"facility_type_t":"two way","maint_op":2,"maint_op_t":"County Highway","ownership":2,"ownership_t":"County Highway","through_lanes":2,"urban_id":99999,"urban_id_t":"Rural"}},{"type":"Feature","id":755,"geometry":{"type":"LineString","coordinates":[[-159.72032217951977,21.975118881897522],[-159.72034475084274,21.97510423256286],[-159.72040547045742,21.975039879250179],[-159.72128285006821,21.973868547158116],[-159.72222042747063,21.972662319903634],[-159.72388212870175,21.970463006170249],[-159.7240221378735,21.97026981116603],[-159.72410902185752,21.970116823445888]]},"properties":{"st_length(shape)":678.22407676201885,"objectid":755,"year_record":2024,"island":"Kauai","route_id":"551","bmp":2.0699999999999998,"emp":2.4929999999999999,"route_name":"Akialoa Road","county_id":7,"county_id_t":"Kauai County","aadt":1256,"aadt_su":18,"aadt_cu":3,"f_system":6,"f_system_t":"Minor Collector","facility_type":2,"facility_type_t":"two way","maint_op":2,"maint_op_t":"County Highway","ownership":2,"ownership_t":"County Highway","through_lanes":2,"urban_id":99998,"urban_id_t":"Small Urban"}},{"type":"Feature","id":732,"geometry":{"type":"LineString","coordinates":[[-159.46465058799538,21.904606634243919],[-159.46448539668378,21.904386554098668],[-159.46400858620368,21.903846865188779],[-159.46386319040116,21.903694215061549],[-159.46372402362715,21.903578317494837],[-159.46357019226198,21.903479262494869],[-159.46338055037867,21.903376014096938],[-159.46255455861791,21.902959254292703],[-159.46224864108544,21.902812907170514],[-159.46213322622052,21.902775668702006],[-159.4619819639573,21.902742905263132],[-159.46164346617107,21.902706153347324],[-159.46126980699748,21.902681549445312],[-159.46098882629195,21.902675241018049],[-159.46042673103065,21.902693572456783],[-159.46014415743565,21.902695604949173],[-159.45998640591571,21.902674754391406],[-159.45989565581007,21.902647296586494],[-159.45983849309721,21.902620619430408],[-159.45973785413892,21.90254860679843],[-159.45963792513894,21.902434098519855],[-159.45957761509959,21.902330388669025],[-159.45943989504912,21.902036132184097],[-159.45936996519646,21.901906134415274],[-159.45928670204754,21.901784097045169],[-159.45916972352185,21.901647795214554],[-159.4590362548447,21.901526418146798],[-159.45839307124581,21.901014379028084],[-159.45821861937034,21.900890031937351],[-159.45805793723741,21.900802079631362],[-159.45794367353724,21.900757064427424],[-159.4578249091785,21.900722347402457],[-159.45770283952683,21.900699679716745],[-159.45757865625399,21.900688748168402],[-159.45707874466135,21.900682241028704],[-159.45605523014567,21.900691741201488]]},"properties":{"st_length(shape)":1062.0692571592845,"objectid":732,"year_record":2024,"island":"Kauai","route_id":"525","bmp":0,"emp":0.65200000000000002,"route_name":"Weliweli Road","county_id":7,"county_id_t":"Kauai County","aadt":2740,"aadt_su":26,"aadt_cu":3,"f_system":6,"f_system_t":"Minor Collector","facility_type":2,"facility_type_t":"two way","maint_op":2,"maint_op_t":"County Highway","ownership":2,"ownership_t":"County Highway","through_lanes":2,"urban_id":99998,"urban_id_t":"Small Urban"}},{"type":"Feature","id":733,"geometry":{"type":"LineString","coordinates":[[-159.4653025176178,21.904292186586797],[-159.46486955711012,21.904503968070657],[-159.4644520576058,21.904699717421394],[-159.46334607954435,21.905172161465405],[-159.46321922897522,21.905249974579181],[-159.46311308467827,21.905356847384883],[-159.46307761208129,21.905381047522432]]},"properties":{"st_length(shape)":260.74180625664371,"objectid":733,"year_record":2024,"island":"Kauai","route_id":"526","bmp":0,"emp":0.16,"route_name":"Koloa Road","county_id":7,"county_id_t":"Kauai County","aadt":7659,"aadt_su":552,"aadt_cu":56,"f_system":5,"f_system_t":"Major Collector","facility_type":2,"facility_type_t":"two way","maint_op":2,"maint_op_t":"County Highway","ownership":2,"ownership_t":"County Highway","through_lanes":2,"urban_id":99998,"urban_id_t":"Small Urban"}},{"type":"Feature","id":734,"geometry":{"type":"LineString","coordinates":[[-159.46307761208129,21.905381047522432],[-159.46307201505562,21.905384864971325],[-159.46300826269018,21.905371124055634],[-159.46285155560261,21.905278703291703],[-159.46278022853207,21.905221156531756],[-159.46272050025252,21.905152077166452],[-159.46258075338505,21.904922309075843],[-159.46196032618516,21.903806685209513],[-159.46192636403529,21.903724248030642],[-159.46190306133511,21.903638629707622],[-159.46189201436238,21.903551290251233],[-159.46189280095206,21.903462817185527],[-159.46190627006706,21.903374695200181],[-159.4619383811463,21.903261005767057],[-159.46216568205807,21.902653400935399],[-159.46226282975772,21.902469492749013],[-159.46244574868513,21.902197562900714],[-159.46254820372536,21.902016909205127],[-159.46265450342807,21.901805534696482],[-159.46300471928407,21.901054952466843],[-159.46310384409696,21.90087237893286],[-159.46318200656711,21.900777951240201],[-159.4632987493174,21.900681310795893],[-159.46351541817808,21.900568780967479],[-159.4638588161242,21.900420768684185],[-159.46402719401863,21.900338317189814],[-159.46413110032304,21.900277112082964],[-159.46464172727818,21.899943119240678],[-159.46480755435343,21.89986161374258],[-159.46492847417429,21.899825163306275],[-159.46508221736801,21.899795036318086],[-159.46588760037062,21.899668393076819],[-159.46598132365051,21.899660110599054],[-159.46621623773709,21.899640567901201]]},"properties":{"st_length(shape)":925.63343993640387,"objectid":734,"year_record":2024,"island":"Kauai","route_id":"526","bmp":0.16,"emp":0.72799999999999998,"route_name":"Waikomo Road","county_id":7,"county_id_t":"Kauai County","aadt":1792,"aadt_su":28,"aadt_cu":1,"f_system":5,"f_system_t":"Major Collector","facility_type":2,"facility_type_t":"two way","maint_op":2,"maint_op_t":"County Highway","ownership":2,"ownership_t":"County Highway","through_lanes":2,"urban_id":99998,"urban_id_t":"Small Urban"}},{"type":"Feature","id":735,"geometry":{"type":"LineString","coordinates":[[-159.50818564918552,21.926479704018554],[-159.50798521891889,21.924953405405109],[-159.50792199802962,21.924548300654951],[-159.50785039897428,21.924264602416756],[-159.5076313423867,21.923654676569448],[-159.50757608560946,21.923425897495324],[-159.50755459903135,21.923221818108342],[-159.50753069172745,21.92269617591942],[-159.50750149790017,21.922524268281901],[-159.50744096866353,21.922360761735],[-159.50738383995795,21.92225789528084],[-159.50733307397127,21.922185453285639],[-159.50727500154483,21.922117616958111],[-159.50721050920876,21.922057011662446],[-159.5070381421821,21.921937019769739],[-159.50692967438476,21.921884854341307],[-159.50684423019428,21.921854506427323],[-159.50672381179305,21.921825939395603],[-159.50660319570756,21.921807439009221],[-159.50545628445573,21.921730656440662],[-159.50492959268664,21.921685385704368],[-159.50471313978684,21.921659212487775],[-159.50456127401478,21.921626374939731],[-159.50441252032485,21.921580646458779],[-159.50424054874728,21.921510272713089],[-159.50410261175912,21.921440977979781],[-159.50295190940977,21.920803601249442],[-159.50277112093033,21.920688312163939],[-159.50262383825597,21.920579055750416],[-159.50248771374604,21.920456845012257],[-159.50239464493563,21.920339115616461],[-159.50229322488255,21.92015749958723],[-159.50209610169077,21.91973039650463],[-159.50204105219728,21.919627085375083],[-159.50191966437748,21.91945898045066],[-159.50175465844481,21.919285081015889],[-159.50135011906593,21.918920422020452],[-159.50113721041996,21.918749168654369],[-159.50098828503928,21.918643792367586],[-159.50080332344649,21.918535274176985],[-159.50061046766999,21.918439052136254],[-159.50041040341233,21.918356580479031],[-159.50023345320275,21.918298111366298],[-159.49993050392072,21.918228971451324],[-159.49931198104562,21.918140784297325],[-159.49859646302804,21.918059237314679],[-159.4971607382432,21.917925699699836],[-159.49678746090206,21.917878562015428],[-159.49391321365286,21.917420089360956],[-159.49175212724987,21.917056088715281],[-159.48966367782086,21.916664718347992],[-159.48739523333867,21.916220001369691],[-159.4871543048987,21.91615460743623],[-159.48695201406574,21.916075061996263],[-159.48678722876392,21.915989839217254],[-159.48663430414902,21.915885530295057],[-159.48649572922636,21.915766045226977],[-159.48635060240215,21.915612531372759],[-159.48619743152139,21.915427185776135],[-159.48601609719847,21.915189347397028],[-159.48525882021039,21.914148438220185],[-159.48510221308183,21.913967023505418],[-159.48498906764056,21.913866923168531],[-159.48486619794886,21.913777997182809],[-159.48443869763673,21.913534883394068],[-159.48428413043561,21.913435146640094],[-159.48411810975742,21.913301296008921],[-159.48396872843728,21.913151352917687],[-159.4838525825447,21.913013259976569],[-159.48374759036886,21.912867438625895],[-159.48363590401976,21.912691388705674],[-159.48339898833652,21.912279325330793],[-159.48325896147094,21.912051612785692],[-159.4831232451312,21.911855698587477],[-159.48295759809716,21.911643701397193],[-159.48273961259099,21.91139590236299],[-159.48221685461738,21.910852915565375],[-159.48179476599617,21.910422943949676],[-159.48142866537458,21.910064585971835],[-159.48100000876065,21.90968253019323],[-159.48055220826552,21.909318693793946],[-159.47859836942283,21.907853464170504],[-159.47793280163799,21.907365793325717],[-159.47765234590435,21.90717940406017],[-159.47743813721002,21.907058752759905],[-159.47724001217819,21.906971983378458],[-159.47703184511019,21.906911757146514],[-159.47684730554994,21.906885817460171],[-159.47662895862388,21.906881145898335],[-159.47641050728373,21.906892823077296],[-159.4754766904079,21.90699238576202],[-159.4751958274758,21.907016032504714],[-159.47497681156199,21.90702397547938],[-159.47469453682095,21.907020120076595],[-159.47378724578169,21.906972664977513],[-159.47231644045775,21.906882348438444],[-159.47212978809927,21.90685930324533],[-159.47194494634718,21.906824831298355],[-159.47176225124562,21.906781890421069],[-159.47158146803395,21.906730034087634],[-159.47140575439312,21.906666484199821],[-159.47068545690013,21.906379108448505],[-159.47034350318901,21.906227676792803],[-159.47012599430468,21.906110130418444],[-159.469861156886,21.905951360979589],[-159.46952337129076,21.90573739366857],[-159.46932530322849,21.905595094164585],[-159.46919139188805,21.905470574713846],[-159.46903035740732,21.905290383560658],[-159.46861792909718,21.904739250768841],[-159.46788684317391,21.903825772987151],[-159.46776450772467,21.903693262751418],[-159.46767037010551,21.903617761919964],[-159.46759107126468,21.903573216993784],[-159.46750495992009,21.90354206056697],[-159.46744382608077,21.903529896759206],[-159.4673509649937,21.903524549177838],[-159.4671967875293,21.90354577068015],[-159.46665587561449,21.903658729037048]]},"properties":{"st_length(shape)":5459.5068093095524,"objectid":735,"year_record":2024,"island":"Kauai","route_id":"530","bmp":0,"emp":3.395,"route_name":"Koloa Road","county_id":7,"county_id_t":"Kauai County","aadt":12059,"aadt_su":114,"aadt_cu":22,"f_system":5,"f_system_t":"Major Collector","facility_type":2,"facility_type_t":"two way","maint_op":2,"maint_op_t":"County Highway","ownership":2,"ownership_t":"County Highway","through_lanes":2,"urban_id":99998,"urban_id_t":"Small Urban"}},{"type":"Feature","id":736,"geometry":{"type":"LineString","coordinates":[[-159.52721781768861,21.925587773476131],[-159.52724520799944,21.925465807466395],[-159.52728238825014,21.925265995207418],[-159.52764259257668,21.923549272120994],[-159.52769859476712,21.923205021022376],[-159.527713087791,21.922973393697639],[-159.52771725431776,21.9226836669147],[-159.52771478626775,21.921056082414019],[-159.52771142345114,21.920969864598455],[-159.52770096491841,21.920914244588065],[-159.52767936485984,21.920860697573506],[-159.52764779357162,21.920811768393513],[-159.52754741056748,21.920701697539005],[-159.52713769495446,21.920305931295616],[-159.52678206152177,21.919980638712392],[-159.52661755260249,21.919847198312251],[-159.52592564303032,21.919347737530526],[-159.52530491300033,21.918858077299358],[-159.52471225035697,21.918378049704987],[-159.52462693761265,21.918291481531647],[-159.5245748908396,21.91821786913815],[-159.52450812083615,21.918085653364301],[-159.52443897512393,21.917922543929372],[-159.52436106052559,21.917700998206808],[-159.5243122203938,21.917533115255402],[-159.52422574172076,21.917129646058392],[-159.52415390214443,21.91657784155807],[-159.52414700818514,21.916401799622079],[-159.52417123823335,21.916227147378624],[-159.52422177705103,21.91608449691358],[-159.52435401000119,21.915820092543864],[-159.5243919568635,21.915682662477089],[-159.52439590935973,21.915570618977998],[-159.52438256594635,21.915485528687345],[-159.52435713001543,21.915403668787302],[-159.52430501372777,21.915300680274676],[-159.52425335292685,21.915229269988806],[-159.52417262322109,21.915141204363312],[-159.52386878692428,21.914848099275329],[-159.52373255712422,21.91472824467634],[-159.52351399579396,21.914563115949921],[-159.52324765504855,21.914411008379272],[-159.52288195938132,21.914243196397919],[-159.52245564413602,21.914060404656517],[-159.52067117300808,21.913348549628001],[-159.51897506822158,21.912593116000384],[-159.51885969610277,21.912553161189376]]},"properties":{"st_length(shape)":1945.064340556992,"objectid":736,"year_record":2024,"island":"Kauai","route_id":"531","bmp":0,"emp":1.206,"route_name":"Papalina Road","county_id":7,"county_id_t":"Kauai County","aadt":5351,"aadt_su":82,"aadt_cu":4,"f_system":5,"f_system_t":"Major Collector","facility_type":2,"facility_type_t":"two way","maint_op":2,"maint_op_t":"County Highway","ownership":2,"ownership_t":"County Highway","through_lanes":2,"urban_id":99998,"urban_id_t":"Small Urban"}},{"type":"Feature","id":737,"geometry":{"type":"LineString","coordinates":[[-159.51472044286851,21.904355563288423],[-159.51476111163274,21.904402184632723],[-159.51515453248186,21.904773559670915],[-159.51527836392663,21.90490382578562],[-159.51651986226619,21.90635337271593],[-159.51744386745818,21.907375195206619],[-159.51758881691171,21.907564548519005],[-159.51826879223111,21.908533818683392],[-159.51839621310808,21.908732378275257],[-159.51849027747772,21.908915098056752],[-159.51855457999801,21.909110086327107],[-159.51861820270184,21.909424272948065],[-159.51875789336955,21.910402578608558],[-159.51880877477026,21.910835901196769],[-159.51886064946061,21.912524744107614],[-159.51885658091342,21.912646031040268],[-159.51883374956631,21.912845507488964],[-159.51882407962788,21.913166097267407],[-159.5188196697039,21.913516603199685],[-159.51883438205689,21.913926363219623],[-159.51882463867199,21.914014161270888],[-159.51880605454076,21.914070617980428],[-159.5187598133061,21.914148493005285],[-159.51871657168061,21.914193006290315],[-159.51863797382515,21.914242878204426],[-159.51854865665325,21.914273365344073],[-159.51704499923625,21.914554457380984],[-159.51484402112672,21.915010351470873],[-159.5126155676505,21.915491974076559],[-159.51252645472505,21.915516276003704],[-159.51244519964621,21.915556003130217],[-159.51237495466322,21.915611917187437],[-159.51231426928854,21.915677759158271],[-159.51217373218662,21.915870168690937],[-159.51204274926155,21.916101678151477],[-159.51201085855624,21.916182896368259],[-159.51199067121607,21.916266763177354],[-159.51198907321685,21.916352495551653],[-159.5120023953879,21.916408482712395],[-159.51202604745563,21.916460715547508],[-159.51209458941108,21.916555497074306],[-159.5122414079645,21.916706629017135],[-159.5123541828363,21.916803096729858],[-159.51240760319806,21.91682465444859],[-159.51246468220177,21.916826396450897],[-159.51254926488591,21.916792392169317],[-159.51274764229817,21.916652846610937],[-159.51288886187967,21.916588580167286],[-159.51303985768644,21.916549836905201],[-159.51310299140468,21.916544462382689],[-159.51319823981945,21.916550003290219],[-159.51334988926229,21.91658696323562],[-159.51372623973543,21.916736307709414],[-159.51377649779505,21.916773431181991],[-159.5137952862969,21.916798670613904],[-159.51380763913619,21.916827954968181],[-159.51381108362031,21.916862393262416],[-159.51380440719311,21.916892979282146],[-159.5137661448334,21.916943762773016],[-159.51370555368749,21.91697295150588],[-159.5136132645527,21.91699002649408],[-159.51333570604902,21.917020544664879],[-159.5132474901354,21.917047091950113],[-159.51316627324542,21.917090093382203],[-159.51307414905293,21.917167307721318],[-159.51292959173895,21.917320564499221],[-159.51281850003366,21.91742318925823],[-159.51224642988112,21.91787606902405],[-159.51214524965482,21.917986229680924],[-159.51208691265873,21.918087978689037],[-159.51202149840995,21.918252149373949],[-159.51190210521727,21.918615201361092],[-159.51184599172512,21.91874998124354],[-159.51181171696925,21.918799063350804],[-159.51176595331856,21.918841103651069],[-159.51170998166643,21.918871208735428],[-159.51165149615724,21.918890108129055],[-159.51143600605195,21.918919277284967],[-159.51128006427828,21.918915096712581],[-159.51097810409223,21.918844067926177],[-159.51094457607832,21.918829533644395],[-159.51092258099786,21.9188080766131],[-159.51087286307521,21.918733732500648],[-159.51083140357508,21.918643497421282]]},"properties":{"st_length(shape)":2668.8633129744389,"objectid":737,"year_record":2024,"island":"Kauai","route_id":"532","bmp":0,"emp":1.6600000000000001,"route_name":"Waha Road","county_id":7,"county_id_t":"Kauai County","aadt":1592,"aadt_su":9,"aadt_cu":0,"f_system":6,"f_system_t":"Minor Collector","facility_type":2,"facility_type_t":"two way","maint_op":2,"maint_op_t":"County Highway","ownership":2,"ownership_t":"County Highway","through_lanes":2,"urban_id":99998,"urban_id_t":"Small Urban"}},{"type":"Feature","id":738,"geometry":{"type":"LineString","coordinates":[[-159.51083140357508,21.918643497421282],[-159.51082377970812,21.91862690413199],[-159.51057360337813,21.917908919589017],[-159.51050897801895,21.917745374419756],[-159.51043384012937,21.917585401517506],[-159.51037226968702,21.917484865345081],[-159.5102956403548,21.917393721044331],[-159.51020454518971,21.917316729689805],[-159.51009828865207,21.91725759571132],[-159.50998128435558,21.917222998079755],[-159.50988950411883,21.917214854402697],[-159.50901658809366,21.917276096228033],[-159.50882881495886,21.917277518262239],[-159.50867367461629,21.917262942245124],[-159.50855063456623,21.917238631657327],[-159.50840089142076,21.917194420317497],[-159.50773855475072,21.916928611370039],[-159.50747083768951,21.916848449484849],[-159.50713698285335,21.916771300765678],[-159.5070147043904,21.916752436220147],[-159.50695316863366,21.916751741402273],[-159.50689285763107,21.916760614736848],[-159.50680975383324,21.916793216663184],[-159.50674066446908,21.916847899725905],[-159.50670640139981,21.916894366209334],[-159.50667426954891,21.916975653743069],[-159.50666305976179,21.917061626216373],[-159.5066654467287,21.917411505903818],[-159.50670474614066,21.918987752334509],[-159.50670546720852,21.919307853363687],[-159.50671647334178,21.919421788412553],[-159.5067421095826,21.919504867470589],[-159.50676961436963,21.91955588942707],[-159.50686578706947,21.919666677359771],[-159.50695936188831,21.919741556082045],[-159.50716869145475,21.919868483707095],[-159.50729404811489,21.919954979137035],[-159.50736382153812,21.920014314165332],[-159.50742444935182,21.920082725327088],[-159.50754814752111,21.920286617737073],[-159.50762618536149,21.920446283946116],[-159.50767578987691,21.920586164008967],[-159.50769347298882,21.920704232367534],[-159.50768007439879,21.920764259412792],[-159.5076652424554,21.920791957676236],[-159.50762359246821,21.9208379737365],[-159.50754089818901,21.920884289002892],[-159.507334320654,21.920950364277932],[-159.5072252500043,21.921003902436013],[-159.50694291182984,21.921233295273929],[-159.50685554575796,21.921315283367385],[-159.50679846672722,21.921381877437618],[-159.50675370074723,21.921456416345052],[-159.50668241867049,21.921673820160319],[-159.50667275261443,21.921732341336675],[-159.50666350423236,21.921816689663768]]},"properties":{"st_length(shape)":1176.8722600176113,"objectid":738,"year_record":2024,"island":"Kauai","route_id":"532","bmp":1.6600000000000001,"emp":2.3919999999999999,"route_name":"Lauoho Road","county_id":7,"county_id_t":"Kauai County","aadt":1592,"aadt_su":9,"aadt_cu":0,"f_system":6,"f_system_t":"Minor Collector","facility_type":2,"facility_type_t":"two way","maint_op":2,"maint_op_t":"County Highway","ownership":2,"ownership_t":"County Highway","through_lanes":2,"urban_id":99998,"urban_id_t":"Small Urban"}},{"type":"Feature","id":756,"geometry":{"type":"LineString","coordinates":[[-159.7172997543224,21.968105792784602],[-159.7146655665972,21.971568961112716],[-159.71459986208032,21.971661284621799]]},"properties":{"st_length(shape)":482.29680167558848,"objectid":756,"year_record":2024,"island":"Kauai","route_id":"552","bmp":0,"emp":0.29999999999999999,"route_name":"Alae Road","county_id":7,"county_id_t":"Kauai County","aadt":1704,"aadt_su":28,"aadt_cu":5,"f_system":5,"f_system_t":"Major Collector","facility_type":2,"facility_type_t":"two way","maint_op":2,"maint_op_t":"County Highway","ownership":2,"ownership_t":"County Highway","through_lanes":2,"urban_id":99998,"urban_id_t":"Small Urban"}},{"type":"Feature","id":739,"geometry":{"type":"LineString","coordinates":[[-159.52650331506268,21.925502615301834],[-159.52645357597081,21.92574605845142],[-159.5264184770441,21.925859197135846],[-159.52637923928097,21.925940357444329],[-159.52635298668724,21.925975640293156],[-159.5263075272662,21.925956321236644],[-159.52599135667592,21.925841129117018],[-159.52586994879209,21.925818952248573],[-159.52574575909256,21.925814696635221],[-159.52562152489264,21.925823636675837],[-159.52549811726698,21.925843308623989],[-159.52537789599418,21.925873224314152],[-159.52517590518357,21.925950517142578],[-159.525010301527,21.926031757221072],[-159.52412568843781,21.92658432978196],[-159.52325916378942,21.927049544555867],[-159.52306334193773,21.92714247899297],[-159.52294552314112,21.927183759562151],[-159.52285249370263,21.927202152142971],[-159.52275841240493,21.927209329128797],[-159.52219534585447,21.927215502565659],[-159.52213468480031,21.927223827032851],[-159.52207811788381,21.927243114342033],[-159.52202910395542,21.92727447739334],[-159.5219744344015,21.92734277645506],[-159.52193996112385,21.927423302662909],[-159.52183359688482,21.927730320242066],[-159.52178900017296,21.927809009331511],[-159.52169720988147,21.92788965953795],[-159.52151463782724,21.928005482073576],[-159.52142271336268,21.928031298414318],[-159.52139017690268,21.928030942638728],[-159.52132797247342,21.928014135365032],[-159.52127584587055,21.927980565359832],[-159.52111688913777,21.927841687750139],[-159.5210621175853,21.927818833599154],[-159.52100341665638,21.927811908643278],[-159.5209147825708,21.927828983453626],[-159.52086269191466,21.927857406185513],[-159.52080052993247,21.927920362178462],[-159.5207561747016,21.927997465601933],[-159.52069856994981,21.928132196082789],[-159.52067191312651,21.928215235036195],[-159.52066689858873,21.928271989505241],[-159.52067418187576,21.928328124122771],[-159.52073160355133,21.928461651045922],[-159.52094480762602,21.928817604062772],[-159.52101878870329,21.928979674008442],[-159.5210634274431,21.92915064993468],[-159.52109736019537,21.929383937328325],[-159.52110495326417,21.929501959106442],[-159.52108737695525,21.929589489232235],[-159.52104333540686,21.929670132300682],[-159.5207714723951,21.9299884641975],[-159.52070048333823,21.930082791063221],[-159.52068023409055,21.930135414465187],[-159.5206807363281,21.930190162986555],[-159.52069852363823,21.930243326345895],[-159.52074964222408,21.930313158260955],[-159.52106754812758,21.930591395423896],[-159.52110773999746,21.930636818448878],[-159.52113909045403,21.930688647754533],[-159.52115882342954,21.930744769067683],[-159.52117410317922,21.930831194938097],[-159.52121544241766,21.931350131038013],[-159.52121913868754,21.931466130592447],[-159.52121029516758,21.931582589093299],[-159.52101479430664,21.932698038409971],[-159.52096925393101,21.933101635124082],[-159.52094169815578,21.933447320525062],[-159.5209462831038,21.933765718743821],[-159.52097755544429,21.934199407596978],[-159.52101237109761,21.934516605074283],[-159.52109851439116,21.935091844787763],[-159.5211060918252,21.935266086496416],[-159.52108895196392,21.935323667164255],[-159.52103238944503,21.935394805986107],[-159.52095535701724,21.935445375164107],[-159.52083871385958,21.935487121269936],[-159.52078970911643,21.935519188623196],[-159.52074824405875,21.935559849058205],[-159.52068942869383,21.935659926560202],[-159.52057522438707,21.935961152576251],[-159.52054166615804,21.93601261741702],[-159.52049530874731,21.936053245399151],[-159.52040949206523,21.936089184781775],[-159.52034520643986,21.936094019300626],[-159.52028218968562,21.93608137550439],[-159.52013850114136,21.936029338733064],[-159.52004817552853,21.936024700779747],[-159.51999329965651,21.93604244622075],[-159.5199247702798,21.936096973989265],[-159.51989320216401,21.936144565697209],[-159.51987018877367,21.936226403123413],[-159.51988059905597,21.936545077400343],[-159.51987791740893,21.936719290170021],[-159.51986828756191,21.936835835958149],[-159.51983607676829,21.936921673066585],[-159.51979261034833,21.936966304777659],[-159.51976514521596,21.936982272234612],[-159.51970489110843,21.937001174726785],[-159.51964111626896,21.937002259906354],[-159.51948907222189,21.936983841486715],[-159.5193682032145,21.937000974044437],[-159.51925572043058,21.937045173188366],[-159.51913284151334,21.937130487069592],[-159.51901380687357,21.937262013065247],[-159.51896431919448,21.937335015225795],[-159.51893852458016,21.937387640543577],[-159.51888190768506,21.937583151335435],[-159.51885156728591,21.937810331353443],[-159.51886106992589,21.937866477957236],[-159.518896562452,21.937975339358839],[-159.51901542274283,21.938270717647072],[-159.51940179973465,21.938931119938001],[-159.51950609160519,21.939141313642139],[-159.5197339457637,21.939742459980586],[-159.51981142542377,21.939938957215031]]},"properties":{"st_length(shape)":2283.1339319578906,"objectid":739,"year_record":2024,"island":"Kauai","route_id":"534","bmp":0,"emp":1.4159999999999999,"route_name":"Puuwai Road","county_id":7,"county_id_t":"Kauai County","aadt":2431,"aadt_su":34,"aadt_cu":5,"f_system":6,"f_system_t":"Minor Collector","facility_type":2,"facility_type_t":"two way","maint_op":2,"maint_op_t":"County Highway","ownership":2,"ownership_t":"County Highway","through_lanes":2,"urban_id":99998,"urban_id_t":"Small Urban"}},{"type":"Feature","id":740,"geometry":{"type":"LineString","coordinates":[[-159.49787209856021,21.92321703062845],[-159.49786894024788,21.922849493501683],[-159.49787798519668,21.922674778671929],[-159.49790368218996,21.92255887077042],[-159.49794683811666,21.922479040399196],[-159.49798950187241,21.92243421531014],[-159.49806789729536,21.922382599255965],[-159.49818329165609,21.922335292535028],[-159.49847812268723,21.922240414294926],[-159.49856054813202,21.92219866943379],[-159.49860928385147,21.92216313302449],[-159.49865038244229,21.922120201606106],[-159.49868278956268,21.922071564201033],[-159.49880839939283,21.921804679189364],[-159.49885376610777,21.921726810476432],[-159.49889273468867,21.921679244484853],[-159.49896527755058,21.921618798369334],[-159.49904934989758,21.921576065328424],[-159.49917157885017,21.921545092170369],[-159.49926589753252,21.921540561524203],[-159.49948408793634,21.921548020076589],[-159.49957658428929,21.921538744496619],[-159.49966593923099,21.921513528167079],[-159.49989461842853,21.921416396437344],[-159.49998758794069,21.921395973445005],[-159.50014540569998,21.921398732448459],[-159.50045175246387,21.92146008016352],[-159.50057509315354,21.921473877993968],[-159.50069758733844,21.921465441027458],[-159.50078575308035,21.921439408292951],[-159.50086793308739,21.921398963990644],[-159.50094320880848,21.921348352579791],[-159.5013587708622,21.920998441513369],[-159.50179451986554,21.920664664707044],[-159.50197960624868,21.920551455381233],[-159.50239913031822,21.920344789976248]]},"properties":{"st_length(shape)":633.48645305272009,"objectid":740,"year_record":2024,"island":"Kauai","route_id":"536","bmp":0,"emp":0.38800000000000001,"route_name":"Piko Road","county_id":7,"county_id_t":"Kauai County","aadt":1972,"aadt_su":59,"aadt_cu":1,"f_system":6,"f_system_t":"Minor Collector","facility_type":2,"facility_type_t":"two way","maint_op":2,"maint_op_t":"County Highway","ownership":2,"ownership_t":"County Highway","through_lanes":2,"urban_id":99998,"urban_id_t":"Small Urban"}},{"type":"Feature","id":741,"geometry":{"type":"LineString","coordinates":[[-159.53531908005286,21.92494819159857],[-159.53529696270348,21.924724070426418],[-159.53531104181482,21.924544010371498],[-159.53533004819238,21.924456878008776],[-159.53535838690684,21.92437216538325],[-159.53544308323143,21.924213019441183],[-159.53713783617454,21.921803353697289]]},"properties":{"st_length(shape)":403.25751211026613,"objectid":741,"year_record":2024,"island":"Kauai","route_id":"540","bmp":0,"emp":0.25,"route_name":"Halewili Road","county_id":7,"county_id_t":"Kauai County","aadt":3140,"aadt_su":133,"aadt_cu":57,"f_system":5,"f_system_t":"Major Collector","facility_type":2,"facility_type_t":"two way","maint_op":1,"maint_op_t":"State Highway","ownership":1,"ownership_t":"State Highway","through_lanes":2,"urban_id":99998,"urban_id_t":"Small Urban"}},{"type":"Feature","id":742,"geometry":{"type":"LineString","coordinates":[[-159.53713783617454,21.921803353697289],[-159.53789596367628,21.920725386323795],[-159.53820268027678,21.920318930573234],[-159.53847488927204,21.919997611459614],[-159.53915709240857,21.919272573204331],[-159.54205138718748,21.916236497075442],[-159.557018233961,21.900570169205597],[-159.55725524411551,21.900336198990615],[-159.55746680397135,21.900161605380905],[-159.55772523268945,21.899995840994066],[-159.55797601558115,21.899875275766664],[-159.55821044434563,21.899791791168646],[-159.55845290835543,21.89973177555877],[-159.55870118800249,21.899696248283004],[-159.55895190397476,21.899684998543158],[-159.55920259994207,21.899698164765759],[-159.55948202980468,21.899737913228236],[-159.55972441444814,21.899798072951469],[-159.55995881503284,21.899882154465079],[-159.56018351836013,21.89998624723437],[-159.56042594000883,21.900120076501349],[-159.56235866613954,21.901250473383058],[-159.56398429991989,21.902185956003777],[-159.56468979535219,21.902563976447595],[-159.56529695634825,21.902867878542271],[-159.5659119556812,21.903158034527866],[-159.56664726352446,21.903485465301735],[-159.57035381563685,21.905054493958453],[-159.57090126799309,21.905268770465604],[-159.57116649381649,21.905355896184787],[-159.57140499288752,21.905423074286841],[-159.57173919226932,21.905498100183557],[-159.57204620637935,21.905550625902894],[-159.57235600965231,21.905588312372082],[-159.57269828081257,21.90561190371815],[-159.57357419478836,21.905642811454261],[-159.57624879505835,21.905716638776852]]},"properties":{"st_length(shape)":5297.1896648368283,"objectid":742,"year_record":2024,"island":"Kauai","route_id":"540","bmp":0.25,"emp":3.5339999999999998,"route_name":"Halewili Road","county_id":7,"county_id_t":"Kauai County","aadt":3140,"aadt_su":133,"aadt_cu":57,"f_system":5,"f_system_t":"Major Collector","facility_type":2,"facility_type_t":"two way","maint_op":1,"maint_op_t":"State Highway","ownership":1,"ownership_t":"State Highway","through_lanes":2,"urban_id":99999,"urban_id_t":"Rural"}},{"type":"Feature","id":743,"geometry":{"type":"LineString","coordinates":[[-159.57624879505835,21.905716638776852],[-159.58052799125804,21.905834666575309],[-159.58080410908173,21.905828353004011],[-159.58121125106967,21.90578777521451],[-159.58135494335673,21.905822071525318],[-159.58155273528453,21.905923383843557]]},"properties":{"st_length(shape)":551.65621195753033,"objectid":743,"year_record":2024,"island":"Kauai","route_id":"540","bmp":3.5339999999999998,"emp":3.8759999999999999,"route_name":"Halewili Road","county_id":7,"county_id_t":"Kauai County","aadt":3140,"aadt_su":133,"aadt_cu":57,"f_system":5,"f_system_t":"Major Collector","facility_type":2,"facility_type_t":"two way","maint_op":1,"maint_op_t":"State Highway","ownership":1,"ownership_t":"State Highway","through_lanes":2,"urban_id":99998,"urban_id_t":"Small Urban"}},{"type":"Feature","id":744,"geometry":{"type":"LineString","coordinates":[[-159.58444828461455,21.904917158657128],[-159.58467579883674,21.90442812624568],[-159.58470318598074,21.904378582245066]]},"properties":{"st_length(shape)":65.182898389979755,"objectid":744,"year_record":2024,"island":"Kauai","route_id":"541","bmp":0,"emp":0.040000000000000001,"route_name":"Waialo Road","county_id":7,"county_id_t":"Kauai County","aadt":4127,"aadt_su":127,"aadt_cu":42,"f_system":5,"f_system_t":"Major Collector","facility_type":2,"facility_type_t":"two way","maint_op":1,"maint_op_t":"State Highway","ownership":1,"ownership_t":"State Highway","through_lanes":2,"urban_id":99998,"urban_id_t":"Small Urban"}},{"type":"Feature","id":745,"geometry":{"type":"LineString","coordinates":[[-159.58470318598074,21.904378582245066],[-159.58473381558355,21.904323172472907],[-159.58481704709629,21.904199572564803],[-159.58586220068298,21.902800437866816]]},"properties":{"st_length(shape)":211.84480940142564,"objectid":745,"year_record":2024,"island":"Kauai","route_id":"541","bmp":0.040000000000000001,"emp":0.17000000000000001,"route_name":"Waialo Road","county_id":7,"county_id_t":"Kauai County","aadt":4127,"aadt_su":127,"aadt_cu":42,"f_system":5,"f_system_t":"Major Collector","facility_type":2,"facility_type_t":"two way","maint_op":1,"maint_op_t":"State Highway","ownership":1,"ownership_t":"State Highway","through_lanes":4,"urban_id":99998,"urban_id_t":"Small Urban"}},{"type":"Feature","id":746,"geometry":{"type":"LineString","coordinates":[[-159.58586220068298,21.902800437866816],[-159.58766648458624,21.900384985689861]]},"properties":{"st_length(shape)":325.91492731460391,"objectid":746,"year_record":2024,"island":"Kauai","route_id":"541","bmp":0.17000000000000001,"emp":0.37,"route_name":"Waialo Road","county_id":7,"county_id_t":"Kauai County","aadt":4127,"aadt_su":127,"aadt_cu":42,"f_system":5,"f_system_t":"Major Collector","facility_type":2,"facility_type_t":"two way","maint_op":1,"maint_op_t":"State Highway","ownership":1,"ownership_t":"State Highway","through_lanes":2,"urban_id":99998,"urban_id_t":"Small Urban"}},{"type":"Feature","id":747,"geometry":{"type":"LineString","coordinates":[[-159.59393241807743,21.908225334042164],[-159.59436373148037,21.909117750159382],[-159.5943952783968,21.909197326084531],[-159.5944063160469,21.909261232895972],[-159.59439438686357,21.909378690454453],[-159.5943633326421,21.909491414454223],[-159.594172710197,21.910074733955263],[-159.59412056642978,21.910211502096043],[-159.59407036822083,21.910318303604818],[-159.59399330402539,21.910445728049353],[-159.59391946845949,21.910539982163392],[-159.59381497538706,21.910648751201229],[-159.59370124512813,21.910748673678771],[-159.59334284028964,21.911030845162841],[-159.59211094769904,21.911970667944264],[-159.59192702919972,21.912126834676474],[-159.5918259691654,21.912236231565373],[-159.59175879782876,21.912333246040113],[-159.59169353978814,21.912464789079518],[-159.59163418570725,21.912629903152137],[-159.59149509492266,21.913107542423933],[-159.59121736763936,21.914123805984424],[-159.59006620307684,21.918240680212921],[-159.589063546049,21.921794890146995],[-159.58868299019778,21.923179889303739],[-159.58858917274677,21.923578661471204],[-159.5885114810612,21.923980297564434],[-159.58801756880558,21.927009297034136],[-159.58799181938818,21.927125665100984],[-159.58795603884218,21.92724183413841]]},"properties":{"st_length(shape)":2274.2815436026749,"objectid":747,"year_record":2024,"island":"Kauai","route_id":"543","bmp":0,"emp":1.409,"route_name":"Moi Road","county_id":7,"county_id_t":"Kauai County","aadt":4355,"aadt_su":34,"aadt_cu":3,"f_system":6,"f_system_t":"Minor Collector","facility_type":2,"facility_type_t":"two way","maint_op":2,"maint_op_t":"County Highway","ownership":2,"ownership_t":"County Highway","through_lanes":2,"urban_id":99998,"urban_id_t":"Small Urban"}},{"type":"Feature","id":748,"geometry":{"type":"LineString","coordinates":[[-159.59674623692104,21.907984416457595],[-159.59603283471466,21.908176225761679],[-159.59586093367994,21.908244514435832],[-159.59566827004198,21.908340108419981],[-159.59540250196065,21.908493702309315],[-159.59432333057728,21.909145921436366],[-159.59246269497581,21.910282497296183],[-159.59230144051804,21.91037425939744],[-159.59215959113519,21.910437121198608],[-159.59194801457437,21.910495362445893],[-159.59182409521136,21.910515358479262],[-159.59169855803663,21.910525745015114],[-159.59144790912046,21.910521304204188],[-159.59116641502393,21.910487338568686],[-159.59092188309327,21.910431522111306],[-159.5906522117441,21.910345977768038],[-159.590391859086,21.910247961993399],[-159.58973671496798,21.909968280801234],[-159.58964632697871,21.909956608971861],[-159.58955509554357,21.909966769740375],[-159.58946808799257,21.909996428552862],[-159.58938735947322,21.910040123132756],[-159.58931397897575,21.910092716360374],[-159.58922580955686,21.910174176575346],[-159.58909519751927,21.910337409265924],[-159.58887738672573,21.910657327190798],[-159.58875066128644,21.910824163045106],[-159.58866606057032,21.910911720107595],[-159.58854369399731,21.91100472078784],[-159.58846287187319,21.911051997367124],[-159.58834950005996,21.911103706901926],[-159.58799770228833,21.911229575785708],[-159.58769736525181,21.911313867576325],[-159.58744901400402,21.911353501779288],[-159.58722842191204,21.911357054645322],[-159.58622669646712,21.911314645759003],[-159.5861331895432,21.911300161705782],[-159.58607230059576,21.911282533110608],[-159.58601397306191,21.911254878113358],[-159.58593809637574,21.91119565643038],[-159.58588135280914,21.911123729371255],[-159.58581608046222,21.910990867242088],[-159.58562324663023,21.910436088287295],[-159.58548611802959,21.909957421963853],[-159.58529442211895,21.909189458198753],[-159.58520939306163,21.908776573947517]]},"properties":{"st_length(shape)":1548.0958427701305,"objectid":748,"year_record":2024,"island":"Kauai","route_id":"545","bmp":0,"emp":0.93800000000000006,"route_name":"Hanapepe Road","county_id":7,"county_id_t":"Kauai County","aadt":1418,"aadt_su":10,"aadt_cu":1,"f_system":6,"f_system_t":"Minor Collector","facility_type":2,"facility_type_t":"two way","maint_op":2,"maint_op_t":"County Highway","ownership":2,"ownership_t":"County Highway","through_lanes":2,"urban_id":99998,"urban_id_t":"Small Urban"}},{"type":"Feature","id":749,"geometry":{"type":"LineString","coordinates":[[-159.67201529210624,21.957423662315023],[-159.67113663316769,21.95887505913128],[-159.67103957376318,21.959025970286522],[-159.67093477998162,21.959171113047837],[-159.67080171238973,21.959334616618271],[-159.67059739566739,21.959555466266043],[-159.67011539772906,21.960053039636033],[-159.66993549777416,21.960215752489418],[-159.66981190417485,21.96030559091307],[-159.66965369024999,21.960400200417428],[-159.66951576655754,21.960468514433888],[-159.66937235321424,21.96052645419471],[-159.66872505978282,21.960745108778681],[-159.66736656995019,21.961180537117162],[-159.66716454479035,21.961253757735975],[-159.66705718856969,21.961308424108527],[-159.66696083225995,21.961377184211472],[-159.66687816002741,21.961461182634661],[-159.66679347731926,21.961581132514546],[-159.66674255153819,21.961685387571194],[-159.66671556146056,21.961768372971399],[-159.66669260026097,21.961881456501324],[-159.66668487315621,21.961996565077627],[-159.66669426253887,21.962111123549903],[-159.66671363510332,21.962196400606892],[-159.66675419418243,21.962305906198647],[-159.66679449273894,21.962384057957276],[-159.66686228814442,21.96248032538367],[-159.66694280430647,21.962568596473844],[-159.66756452798285,21.963193277152566]]},"properties":{"st_length(shape)":954.29262442279605,"objectid":749,"year_record":2024,"island":"Kauai","route_id":"550","bmp":0,"emp":0.59499999999999997,"route_name":"Waimea Canyon Drive","county_id":7,"county_id_t":"Kauai County","aadt":3443,"aadt_su":19,"aadt_cu":2,"f_system":5,"f_system_t":"Major Collector","facility_type":2,"facility_type_t":"two way","maint_op":1,"maint_op_t":"State Highway","ownership":1,"ownership_t":"State Highway","through_lanes":2,"urban_id":99998,"urban_id_t":"Small Urban"}},{"type":"Feature","id":757,"geometry":{"type":"LineString","coordinates":[[-159.71459986208032,21.971661284621799],[-159.7145795981607,21.971689757934833],[-159.714513093085,21.971820137383435],[-159.71449575774079,21.971902378778413],[-159.71450919829374,21.971987560528692],[-159.71483861993343,21.972806082905581],[-159.71485903147922,21.972873263648886]]},"properties":{"st_length(shape)":143.08135976949362,"objectid":757,"year_record":2024,"island":"Kauai","route_id":"552","bmp":0.29999999999999999,"emp":0.38900000000000001,"route_name":"Kokee Road","county_id":7,"county_id_t":"Kauai County","aadt":1704,"aadt_su":28,"aadt_cu":5,"f_system":5,"f_system_t":"Major Collector","facility_type":2,"facility_type_t":"two way","maint_op":2,"maint_op_t":"County Highway","ownership":2,"ownership_t":"County Highway","through_lanes":2,"urban_id":99998,"urban_id_t":"Small Urban"}},{"type":"Feature","id":750,"geometry":{"type":"LineString","coordinates":[[-159.66756452798285,21.963193277152566],[-159.66792069174309,21.963551132064939],[-159.66799552086908,21.963643899448897],[-159.6680608376773,21.963743135106618],[-159.66810155527801,21.963822218935036],[-159.66813230209749,21.96390501389897],[-159.66815613715295,21.964019793518947],[-159.66816535739747,21.964165203298798],[-159.66815440518593,21.964281319673933],[-159.66811787400616,21.964423181779704],[-159.6680582799892,21.964557655610623],[-159.66799386656413,21.964657741517733],[-159.66791468993046,21.964748062798094],[-159.66779712956625,21.964844886638932],[-159.66761098691063,21.964950845426753],[-159.66746263466945,21.964999032329629],[-159.66736940324617,21.96501134990331],[-159.66730692711721,21.965011480936486],[-159.66721409567054,21.964999119079863],[-159.66712398425705,21.964973368332529],[-159.6669873419645,21.964903892378921],[-159.66686960880779,21.964808436767147],[-159.66676967331099,21.96469745225221],[-159.6665333430343,21.964393209630643],[-159.66644879559814,21.964310644452269],[-159.66637448369164,21.96425969972745],[-159.666291876049,21.964223386932993],[-159.66620370370754,21.964202508955708],[-159.66611233378427,21.964196259372184],[-159.6659257638338,21.964197751436735],[-159.6658327152588,21.964183552115571],[-159.66574414541637,21.964153420902583],[-159.66566410616915,21.964107273623497],[-159.66559435704613,21.964049419682688],[-159.66553531741462,21.963981522389986],[-159.66548714972774,21.963906438605029],[-159.66544908574886,21.963826204137742],[-159.66540332666884,21.963687861465626],[-159.66524340672362,21.963098770731364],[-159.66520171801699,21.962991489931152],[-159.66515671923977,21.962917123154316],[-159.66509885259219,21.96285118766853],[-159.66502978671318,21.962795121266328],[-159.66497840060188,21.962764404489359],[-159.66489399398378,21.962729601529372],[-159.66477452527647,21.962705696539047],[-159.66465298231566,21.962706202047027],[-159.66456331690824,21.962723260061331],[-159.66445027334973,21.962766649647964],[-159.66437525905488,21.962814484608177],[-159.66431319822098,21.962877496937182],[-159.66426741483801,21.962951542782484],[-159.66423923841623,21.96303135889363],[-159.6642302869684,21.963143741304499],[-159.66434537047729,21.963829208506873],[-159.66435219421774,21.96397473940139],[-159.66434472600059,21.964120952373236],[-159.66432018881562,21.964236754019421],[-159.66427806952842,21.964346769934682],[-159.66410466213281,21.964655579758553],[-159.66406860372936,21.964738763123336]]},"properties":{"st_length(shape)":938.25399121796079,"objectid":750,"year_record":2024,"island":"Kauai","route_id":"550","bmp":0.59499999999999997,"emp":1.1799999999999999,"route_name":"Waimea Canyon Drive","county_id":7,"county_id_t":"Kauai County","aadt":3443,"aadt_su":19,"aadt_cu":2,"f_system":5,"f_system_t":"Major Collector","facility_type":2,"facility_type_t":"two way","maint_op":1,"maint_op_t":"State Highway","ownership":1,"ownership_t":"State Highway","through_lanes":2,"urban_id":99999,"urban_id_t":"Rural"}},{"type":"Feature","id":751,"geometry":{"type":"LineString","coordinates":[[-159.66406860372936,21.964738763123336],[-159.6640239345555,21.964841808585135],[-159.66397508925357,21.96503804750628],[-159.66395023690563,21.965266194742249],[-159.66395505229886,21.965493978995429],[-159.66401544933782,21.966205100319815],[-159.66403371058419,21.967034819005548],[-159.66405583852722,21.967263821460193],[-159.66410444787246,21.96754924446434],[-159.6641101040741,21.96763695596173],[-159.66409514397046,21.96772337945713],[-159.66406134523558,21.967805071160399],[-159.66400936298641,21.967878995642749],[-159.66391156316843,21.967990402017431],[-159.66384880036608,21.968088365682039],[-159.66381972681776,21.968169001110233],[-159.66381204988974,21.968253970445833],[-159.66385830715186,21.968684575671112],[-159.66417285068349,21.971027287996964],[-159.66420172620769,21.971313067090009],[-159.66420399100431,21.971543494030847],[-159.6641795362427,21.971773510505084],[-159.66413154395332,21.97200008712532],[-159.66408934947484,21.972138788504918],[-159.66391893796671,21.972604873337801],[-159.66387445175386,21.972801557927809],[-159.66381614895045,21.973316475989392],[-159.66375562800326,21.973600123130264],[-159.66373692877926,21.973742464129007],[-159.66373442601119,21.974087588985178],[-159.66375647888324,21.974432984939266],[-159.6637826729737,21.974633226796254],[-159.66381697067104,21.974802506536324],[-159.66387205444633,21.974996639181061],[-159.66395779775041,21.975243041374217],[-159.66400888566267,21.975439910301887],[-159.66405937430622,21.975696379045647],[-159.66410535655848,21.976012049642645],[-159.66414126467717,21.976388308774403],[-159.66414549359803,21.976679668414896],[-159.6641240290231,21.976970892599905],[-159.66406318846165,21.97737549841262],[-159.66405628404107,21.977490407343538],[-159.66406513027266,21.977575597943236],[-159.66407917903115,21.97763125291608],[-159.66411202791625,21.977711402005013],[-159.66415740453425,21.977786102487936],[-159.66423474706417,21.977874786749489],[-159.66434661301236,21.977973776524951],[-159.66449180276175,21.978081489297541],[-159.66464611515227,21.978178202955206],[-159.66594400793528,21.978937295230022],[-159.66635103500104,21.97915217820308],[-159.66693905673534,21.97942867933132],[-159.66717725744186,21.979570315206775],[-159.66734650675392,21.979700488520759],[-159.66748059675365,21.979823623404585],[-159.66793890931419,21.980338585083445],[-159.66821623557863,21.980611770733315],[-159.66842342904781,21.98078543955134],[-159.66878017603605,21.981022608614147],[-159.66889980903815,21.981118680683831],[-159.6689841426188,21.98120563204478],[-159.66907937487363,21.981321440953501],[-159.66922932669655,21.981543658452026],[-159.66998715795606,21.982981700457056],[-159.67034737982024,21.983560242731897],[-159.67051448589254,21.983806403372391],[-159.67063106328288,21.983942848373026],[-159.67076468442713,21.984064310063907],[-159.67088624817842,21.984154656777811],[-159.6711920294504,21.984358337593573],[-159.67133515018756,21.984472018588658],[-159.67150156041095,21.984646679420042],[-159.67157458827106,21.984741349194039],[-159.67163985829629,21.984841566024969],[-159.67174861216395,21.985052157330564],[-159.67189633407384,21.985373857904232],[-159.67210420797275,21.985859300432733],[-159.67216505611492,21.986024737180749],[-159.67221388081674,21.986192710253988],[-159.67228263837251,21.986476199683395],[-159.67243354429587,21.987154847728199],[-159.67246815960411,21.987353893092315],[-159.67249403805107,21.987612428768415],[-159.67250444595768,21.987902191976783],[-159.67250680589541,21.988191884268446],[-159.67249248757955,21.988452240626202],[-159.67243688309892,21.988940706306849],[-159.67240623633762,21.989140969488627],[-159.6723697600743,21.989311641774343],[-159.67227686572443,21.989649205942143],[-159.67226066170829,21.989735367584807],[-159.67225484797373,21.989821170456732],[-159.6722664888579,21.989964954211349],[-159.67232945031205,21.990336705335665],[-159.67239821446535,21.990825614293897],[-159.6724163568376,21.990911097635951],[-159.67244408584554,21.990993806147049],[-159.67251521228175,21.991120744008228],[-159.67261605606183,21.991229551369614],[-159.67273592363455,21.991319976611781],[-159.67302088028902,21.991496856912786],[-159.67314109263361,21.991588395242417],[-159.67416166942036,21.992525104786107],[-159.67437890544625,21.992687806307149],[-159.67474739427163,21.992907159992505],[-159.67487530479008,21.992992665762504],[-159.67509476764928,21.993157458469181],[-159.67520319995893,21.993263437754372],[-159.67525715026301,21.993335359462332],[-159.67531857499711,21.993437336711871],[-159.67606211224648,21.994789084713425],[-159.67612207787423,21.994924277952514],[-159.6761596326607,21.995036017926097],[-159.67619972728571,21.995207803519911],[-159.67623915745321,21.995438645150347],[-159.67627375355255,21.995549674554397],[-159.67634612741224,21.995676768035267],[-159.67646593203824,21.995811872468792],[-159.67652006684264,21.995883748677169],[-159.67658336608551,21.996017982992875],[-159.67662395083195,21.996188768154493],[-159.67665941173337,21.996566150325624],[-159.67668768171643,21.996737423509117],[-159.67674536310918,21.996963588576445],[-159.67687578878872,21.997412553586688],[-159.6769196415184,21.997612254183061],[-159.67697235482839,21.998017589715612],[-159.67703115709813,21.99839315164073],[-159.67727854768071,21.999767691183738],[-159.67732693244147,21.999965721435959],[-159.67737839521337,22.000132779960541],[-159.67757281810617,22.000654582907959],[-159.67761755457431,22.00085429851821],[-159.67762785304888,22.001027128161365],[-159.67761518025208,22.00125905177099],[-159.67755848560074,22.001719041744416],[-159.6775233589878,22.002096208213054],[-159.67747582871772,22.002442903267735],[-159.67748488411129,22.002615904251169],[-159.6775388546813,22.002989593937045],[-159.67757929509293,22.003189032725295],[-159.67763642357764,22.003383967693306],[-159.67770704561346,22.00357530369125],[-159.6778623845274,22.003952991007854],[-159.67791849315813,22.004117671228592],[-159.67794988813975,22.00425967139595],[-159.6779750432996,22.004520260041243],[-159.67799599891259,22.004633947104679],[-159.67803278286846,22.004743843952784],[-159.6781863190115,22.005094205637153],[-159.67820765963671,22.00518022141496],[-159.67821356924873,22.005268218954598],[-159.67820009879841,22.005357329249765],[-159.67816859208705,22.005440043915652],[-159.67773492761194,22.006275339603615],[-159.67769519959,22.006385227510506],[-159.67762967160567,22.006610283985204],[-159.67757155382125,22.006746477476288],[-159.67749685796531,22.006875340518537],[-159.67741228966528,22.006998229410552],[-159.67715913157474,22.007297199084523],[-159.67712766425095,22.007346805210325],[-159.6770916928244,22.007425961509348],[-159.6770634914815,22.007537425995427],[-159.67705231037405,22.007681209257839],[-159.67705887861382,22.007883942627142],[-159.67708390907498,22.008145164218863],[-159.67707494030347,22.008290086570874],[-159.67703714102021,22.008430759988865],[-159.67683502994339,22.008914193481179],[-159.67676951482386,22.009044101484367],[-159.67670506881768,22.009141895142232],[-159.67641652933492,22.009476792009888],[-159.67631238336213,22.009619612656564],[-159.67623409093937,22.009743844636795],[-159.67605764182181,22.010048231991547],[-159.67596271235709,22.010230474467132],[-159.67592537014522,22.010338945498695],[-159.67591582519563,22.010450066353133],[-159.67593343716894,22.010531960138373],[-159.67596898884406,22.010609981111969],[-159.67601863476119,22.010681218973627],[-159.67609939690041,22.010766872494262],[-159.67625716398675,22.010902358437548],[-159.67683671922157,22.011336613632309],[-159.67709905005137,22.011490451584478],[-159.67717402274172,22.011544111611663],[-159.67723978487206,22.011608378644933],[-159.67731381345141,22.011703509014595],[-159.67748544028879,22.011983400701311],[-159.67751851970786,22.012066708332743],[-159.67753184693643,22.012124188706242],[-159.67753520753203,22.012241532254581],[-159.67751579436359,22.012356749344693],[-159.67741493079029,22.012693828121407],[-159.67737987224808,22.012864393998751],[-159.67737436081805,22.012979838196337],[-159.67738818905195,22.013212652954241],[-159.67738172958781,22.013329416429318],[-159.67735473952428,22.013444564522459],[-159.67730539123417,22.013552315727438],[-159.6772365686131,22.013649752745433],[-159.67714730593869,22.013733255062807],[-159.67706789007769,22.013784248120785],[-159.67698255039625,22.013822130934024],[-159.67689280757867,22.013848040026744],[-159.67664965635876,22.013899661952216],[-159.67656475561068,22.013931062581928],[-159.67649098054895,22.013980328253414],[-159.67643879763176,22.014047675972698],[-159.676416467396,22.014099456703178],[-159.67640006338655,22.014182638984526],[-159.67640749836477,22.014385776096063],[-159.67640263712332,22.014473851491001],[-159.67638526210413,22.01456046621449],[-159.67635310021575,22.01464354637984],[-159.67627435552282,22.014769793024971],[-159.67605320317858,22.015051410017051],[-159.67594351792897,22.015226925082221],[-159.67589309201108,22.01533313097115],[-159.67576457196236,22.015663549013606],[-159.67550428062498,22.016162714085564],[-159.67509955271862,22.016980949981264],[-159.67465696631402,22.017845790439573],[-159.67452369626039,22.018077252239859],[-159.67424208723975,22.018497237032673],[-159.67417309635675,22.01862741666605],[-159.67413083000278,22.018736536283178],[-159.67410352496972,22.018848932450492],[-159.67408932687439,22.0189924613009],[-159.67410717248507,22.019309867648836],[-159.67410689493769,22.019426506169545],[-159.67404034862633,22.019975250537971],[-159.67404643554809,22.020120337432051],[-159.67407020564548,22.020234095436429],[-159.67413901074201,22.020396417959041],[-159.67424981116559,22.020603719162636],[-159.67434117963467,22.020753855715871],[-159.67519454104854,22.021998703355777],[-159.67523241295129,22.022080399774616],[-159.6752491467594,22.022138041488802],[-159.67525716962106,22.022197609026939],[-159.67525369807947,22.022257509405915],[-159.67522720697639,22.022343483064287],[-159.67517295844641,22.022417936082192],[-159.67509968011836,22.022474692910851],[-159.67493988175119,22.022568052658102],[-159.67484358175247,22.022639248521109],[-159.6747574296885,22.022722665416353],[-159.67463829230337,22.022857870475978],[-159.67457013852194,22.022919225106346],[-159.67446181999006,22.022976746540191],[-159.67417288160351,22.023066316931224],[-159.67406469572208,22.023116915641896],[-159.6739453247713,22.023204596439626],[-159.67374144605245,22.023418970898405],[-159.67362558857712,22.023516218579434],[-159.67349331439033,22.023593515918822],[-159.67327072825435,22.023693818256248],[-159.67312417015793,22.02379410703033],[-159.67299236280962,22.023910243224648],[-159.67291309444812,22.023996426955382],[-159.67284704838923,22.024091974395201],[-159.67278556923696,22.024224352209444],[-159.67273354480946,22.02441913842976],[-159.67265929637023,22.024839661235212],[-159.67262313711799,22.025152126284368],[-159.67262510662991,22.025353357962693],[-159.67264369825497,22.025467847445238],[-159.67267719545342,22.025580414708525],[-159.67284068035951,22.02592597400028],[-159.67289992886833,22.026092054577877],[-159.6729215085922,22.026206458564197],[-159.67295541527076,22.026519635926544],[-159.67302205173803,22.026825045022878],[-159.67302480112107,22.026940399022205],[-159.67300197922191,22.027027001377533],[-159.67297341792369,22.027079480261623],[-159.67276037874447,22.027322968286228],[-159.67266366415009,22.027470180139151],[-159.67232171133233,22.028123503300815],[-159.67227533822421,22.028261108374032],[-159.67226046431267,22.028492107760602],[-159.67223646215098,22.028604497230166],[-159.67218221319857,22.028739629437691],[-159.67207498395842,22.028944729344726],[-159.67204846620783,22.029025087911595],[-159.6720357051372,22.029135959585098],[-159.67204750209837,22.029276622502433],[-159.6720715977589,22.02941683475397],[-159.67216777055486,22.029836627252035],[-159.67218847500456,22.030008841274135],[-159.67218862327323,22.030124831087516],[-159.67217052759199,22.03024030673269],[-159.67213790777419,22.030352402689278],[-159.67197788822901,22.030729503121016],[-159.67193983544044,22.030839389000313],[-159.67191630342953,22.03095174305037],[-159.67187936259236,22.031299585740811],[-159.67185371534617,22.031384240015189],[-159.67182801469497,22.031437453182555],[-159.67175874339088,22.031534360395103],[-159.67164625304272,22.031636139796127],[-159.67104203630038,22.032045905015693],[-159.66960720916668,22.033157352336033],[-159.66910918164072,22.033593464360294],[-159.66858947090608,22.034022931216324],[-159.66833919671788,22.034255541347648]]},"properties":{"st_length(shape)":8885.346095932704,"objectid":751,"year_record":2024,"island":"Kauai","route_id":"550","bmp":1.1799999999999999,"emp":6.7199999999999998,"route_name":"Waimea Canyon Drive","county_id":7,"county_id_t":"Kauai County","aadt":1378,"aadt_su":2,"aadt_cu":0,"f_system":5,"f_system_t":"Major Collector","facility_type":2,"facility_type_t":"two way","maint_op":1,"maint_op_t":"State Highway","ownership":1,"ownership_t":"State Highway","through_lanes":2,"urban_id":99999,"urban_id_t":"Rural"}},{"type":"Feature","id":752,"geometry":{"type":"LineString","coordinates":[[-159.66833919671788,22.034255541347648],[-159.66828181876247,22.034308868770726],[-159.66810801509303,22.034449029722708]]},"properties":{"st_length(shape)":32.077047870778131,"objectid":752,"year_record":2024,"island":"Kauai","route_id":"550","bmp":6.7199999999999998,"emp":6.7400000000000002,"route_name":"Waimea Canyon Drive","county_id":7,"county_id_t":"Kauai County","aadt":778,"aadt_su":5,"aadt_cu":2,"f_system":5,"f_system_t":"Major Collector","facility_type":2,"facility_type_t":"two way","maint_op":1,"maint_op_t":"State Highway","ownership":1,"ownership_t":"State Highway","through_lanes":2,"urban_id":99999,"urban_id_t":"Rural"}},{"type":"Feature","id":753,"geometry":{"type":"LineString","coordinates":[[-159.66810801509303,22.034449029722708],[-159.6680710284617,22.034478857550798],[-159.66795221406176,22.034609686792837],[-159.66773951483813,22.034928608938802],[-159.66764609670011,22.0350443062312],[-159.66751958845009,22.035172199735499],[-159.66720774260835,22.03545541960958],[-159.66702460830479,22.035652106685937],[-159.66693396716695,22.035778549160813],[-159.66679202491017,22.036038740487449],[-159.66671155897106,22.036129641980061],[-159.66660859566471,22.036197757983217],[-159.66632392552722,22.03631935694353],[-159.66618835147312,22.036389170055074],[-159.66608644069311,22.036454937110623],[-159.66589044874016,22.03659877705546],[-159.66578483957784,22.036662594953391],[-159.6655578412562,22.036762137233087],[-159.66520394163379,22.036879354901011],[-159.66512651497402,22.036922978757801],[-159.66506851993685,22.036983882673265],[-159.66504430831259,22.037035910723276],[-159.66503646845305,22.037089290645621],[-159.66504448466469,22.03714377158181],[-159.66506757708953,22.037194204556261],[-159.66510313330232,22.037239758194275],[-159.665273160845,22.037408038483346],[-159.66532713109555,22.037480946562962],[-159.66541677869179,22.037633355078398],[-159.66545343028247,22.037679775972222],[-159.6654972360642,22.037718941422362],[-159.66557600353769,22.037762651668842],[-159.6656648529603,22.037786752167904],[-159.66575761738386,22.037795145401631],[-159.66600737613763,22.037796868186458],[-159.66610059135496,22.037804679403944],[-159.66622257713504,22.037829216684987],[-159.66636754180439,22.037881663332534],[-159.66666653763886,22.03803852403167],[-159.66679085485703,22.038125476907688],[-159.66683292811942,22.038169307918153],[-159.66686494195102,22.038221168716642],[-159.6668814596845,22.038279500482091],[-159.66687844009593,22.038342348437855],[-159.66685631737889,22.038398564563984],[-159.66679712581339,22.038468783572302],[-159.66674448659845,22.038504029342047],[-159.66665656076401,22.038540091773982],[-159.66647555633625,22.038587918619086],[-159.66501799653534,22.038895395024717],[-159.66484344840467,22.038953144009138],[-159.66476355823087,22.038994480342165],[-159.66468825798017,22.039044063292767],[-159.66457474565814,22.039141204023199],[-159.66449591717051,22.03922983206607],[-159.66440779366437,22.039349784625028],[-159.66433439114877,22.039476965219293],[-159.66430329356754,22.039558389094861],[-159.6642912086711,22.039614809901458],[-159.66428769390868,22.039846715564344],[-159.66427964197499,22.039933851255551],[-159.66425330070004,22.040018698716686],[-159.66420334913931,22.040095440791543],[-159.66413713080871,22.040159571289781],[-159.66397200207058,22.040292620022143],[-159.66390862807549,22.040354976348453],[-159.66383752859707,22.040447797088095],[-159.66369952797714,22.040675171581054],[-159.66362274624043,22.040767040481338],[-159.66353335920661,22.040849536064371],[-159.66342897687665,22.040915718070867],[-159.66331601958746,22.040966528017311],[-159.6629872108208,22.04106221241528],[-159.66293607815123,22.041093020574735],[-159.66288278603517,22.041154322980066],[-159.6628639670092,22.04120540740756],[-159.66285910799934,22.041261524226904],[-159.66287204291731,22.041346065233952],[-159.66292086858513,22.041543316544537],[-159.66292353714491,22.041631288691658],[-159.66291126439521,22.041718473925741],[-159.66285347458123,22.041885854680419],[-159.66268616074473,22.042233344025398],[-159.66260606682658,22.042423771463476],[-159.66257375019384,22.042535511107161],[-159.66257036783833,22.042649490665518],[-159.66259824372804,22.042760744636812],[-159.6626548979595,22.042894829620661],[-159.66322563340501,22.043993814278437],[-159.66327672743046,22.04410025916852],[-159.66331842275113,22.044211077569557],[-159.66333730808,22.044297665004763],[-159.6633422104035,22.044385789770217],[-159.66330642615833,22.044646483951151],[-159.66330346569308,22.044732970164571],[-159.66333881656251,22.044991540435436],[-159.66333351571274,22.04510959758974],[-159.66330932772209,22.045195385636191],[-159.6632836640656,22.045249207143648],[-159.66324818066215,22.045299021156517],[-159.66320218690967,22.045341574583439],[-159.663118126547,22.045388487533803],[-159.66291439565438,22.045461305994142],[-159.66280641766264,22.045514852681556],[-159.66273556362214,22.045568678158357],[-159.66258117939304,22.04571281295944],[-159.6624801336458,22.045783823170602],[-159.66239380142474,22.045821186891668],[-159.66229975203942,22.045839708685968],[-159.66217408023593,22.045842826022898],[-159.66189541964437,22.045826750960106],[-159.66180348096049,22.045836555987009],[-159.6617451675879,22.04585133112829],[-159.66166409869507,22.04588798931664],[-159.66159438490709,22.045941252299187],[-159.6615187742608,22.046030981659587],[-159.66143898192539,22.04615467434429],[-159.66140590121378,22.046234571693219],[-159.66139403721266,22.046291126895134],[-159.66139686889377,22.046375580504353],[-159.66141498428337,22.046428258229479],[-159.66144641401758,22.046474753443459],[-159.66148963526311,22.046513095634054],[-159.66154175416003,22.046542818581703],[-159.66171197669667,22.046617049441988],[-159.66178820241072,22.046669114631644],[-159.66183052783026,22.046713587262502],[-159.66186213003297,22.046765034176644],[-159.66188353815434,22.04682012869965],[-159.66192978226482,22.047018481918361],[-159.66195982480804,22.047098976971785],[-159.66200525492772,22.047172735422755],[-159.66216616552697,22.047387075933283],[-159.66220270728024,22.047468280022546],[-159.66221910628386,22.04755476739847],[-159.66221347324336,22.047644132706868],[-159.66219805589981,22.047702152295248],[-159.66217341928225,22.047757367048501],[-159.66211902885377,22.047830638390856],[-159.66206938999429,22.047872515144988],[-159.66194576147743,22.047956318280864],[-159.66188901706036,22.048021484656875],[-159.66185132588248,22.048098583894994],[-159.66172775626586,22.048426824414751],[-159.66167208838397,22.048531203302293],[-159.66158575785909,22.048653739007772],[-159.66152676318848,22.048722532503795],[-159.66145812054532,22.048784503577295],[-159.66132450178151,22.048864388792037],[-159.66120748183408,22.048909144698392],[-159.66108647890164,22.04894222560424],[-159.66099268092736,22.048957982146884],[-159.66089717897347,22.048961154718764],[-159.66083361441005,22.048953750410082],[-159.66077156224637,22.0489360474457],[-159.66068846089212,22.04889084926344],[-159.66062164144873,22.04882714226413],[-159.660480812385,22.048637358794654],[-159.66041259298257,22.048583287681069],[-159.6603326520308,22.048545170120949],[-159.66024532494575,22.048523583056149],[-159.66009202499751,22.048512678248741],[-159.6598750938945,22.048517982160249],[-159.65968876502134,22.048531366326777],[-159.65947442151804,22.048561177778925],[-159.6593878411505,22.048588610690484],[-159.65933636919914,22.048615543515332],[-159.6592909414631,22.048652113031171],[-159.65925410612917,22.048696748796051],[-159.65916041573601,22.048879024567928],[-159.65911120373838,22.048953904743826],[-159.6590403802586,22.049017719331147],[-159.65898007125605,22.049042822083095],[-159.65891448611205,22.049047117069748],[-159.6588485420433,22.049031035296242],[-159.65879299414053,22.049000474295166],[-159.65867723425106,22.048903985403239],[-159.65860455476096,22.048854533432181],[-159.65852171329945,22.04881906098878],[-159.65840377633452,22.048799034286837],[-159.65831281524186,22.048800891600681],[-159.65822137428748,22.048812349506427],[-159.65797903908748,22.048867738633916],[-159.65792223777424,22.048888804024209],[-159.65787287199362,22.048917784992529],[-159.65785251428053,22.048939961454288],[-159.65783596547143,22.048988007064061],[-159.65784846588508,22.049037723792026],[-159.65786839537327,22.049060418632223],[-159.65791805488047,22.049084886636688],[-159.65797770237864,22.049091251738083],[-159.65825776721201,22.049068728673376],[-159.65835180717988,22.049084446557153],[-159.65843673974587,22.049125299503014],[-159.65850514573384,22.049187540216682],[-159.65863017786322,22.04935413705028],[-159.65874090596378,22.049449651557886],[-159.65884965374653,22.049501295423138],[-159.65909011427649,22.049563847953731],[-159.65914658058355,22.049590101312159],[-159.65922250381712,22.049641985490453],[-159.659305058439,22.049730226781694],[-159.65944303046189,22.049924247092306],[-159.65964258765723,22.050104269265955],[-159.65970466965808,22.050169912774393],[-159.65977171554601,22.050268812379976],[-159.65982337218759,22.050374993115188],[-159.65990405551818,22.050594270095132],[-159.65996130499877,22.050791316483419],[-159.66000008460884,22.051051442777855],[-159.66002769075968,22.051606312040342],[-159.6600500738403,22.051688969423445],[-159.66007681932078,22.051740185077321],[-159.66013412189812,22.051807130501913],[-159.66030350074107,22.051933671564935],[-159.66039008584761,22.052016879362625],[-159.66046414996717,22.052111928906978],[-159.6606440243217,22.052384629317064],[-159.66086236940117,22.052632363915389],[-159.66105123430728,22.052865992200388],[-159.66114253276371,22.052943683300985],[-159.66132461554895,22.053059079895515],[-159.66137159975437,22.053098217199771],[-159.66141157043032,22.053144211685638],[-159.66144186232248,22.053199313674941],[-159.66146115934691,22.053287067673946],[-159.66143954952551,22.053490566200733],[-159.6614493765392,22.053603774023006],[-159.66148519768075,22.053713963309573],[-159.66151345514632,22.053765643262597],[-159.66156651080041,22.053836168340176],[-159.6616508020835,22.053920231176075],[-159.66177260163479,22.054010217739091],[-159.66188024456915,22.054068153455503],[-159.66208131058352,22.054149619912916],[-159.66221199307557,22.054230971576452],[-159.66258182311458,22.054547990091805],[-159.6626455436149,22.054612650068979],[-159.66269929029167,22.054684242493728],[-159.6627530392457,22.05478979757444],[-159.66284827477068,22.055037442328569],[-159.66308429190528,22.055481374535809],[-159.66314660470056,22.05561603506391],[-159.66319718031392,22.05575418961951],[-159.66324293107289,22.055954556041538],[-159.66327477081379,22.056274153535433],[-159.6633076294186,22.05644499914478],[-159.66353510521748,22.057080169386118],[-159.66371406920501,22.057791629898563],[-159.66388393135233,22.058382363271988],[-159.66390889386992,22.0585277203926],[-159.6639071706758,22.058674268044562],[-159.6638715400247,22.058846597338622],[-159.66377842118277,22.059095746987531],[-159.66375584656973,22.059179595165698],[-159.66374902365408,22.059266367923808],[-159.6637686977403,22.059469902382826],[-159.66376304032556,22.059586904713097],[-159.66374868548525,22.05964406363913],[-159.66371170521231,22.059725413594705],[-159.66353428929423,22.059967315439721],[-159.66348070930883,22.060070109050447],[-159.663451275011,22.060151536763431],[-159.663418765155,22.060321166564705],[-159.6633802631122,22.060697746772121],[-159.66337247044871,22.060842827472424],[-159.66337912160094,22.060958073347123],[-159.66340024782693,22.061041453411008],[-159.66342457161176,22.06109331511739],[-159.66347487998351,22.061164550715137],[-159.6635164514631,22.061206729329939],[-159.663641322747,22.061289592910477],[-159.6639186911427,22.061420708419128],[-159.66399267592445,22.061475185363257],[-159.66403336837672,22.061520426340007],[-159.66407770353479,22.061598985499291],[-159.6641487535432,22.061821465353802],[-159.66419679563757,22.061926723147327],[-159.66426853863337,22.062019892902491],[-159.66446490679107,22.062206012163546],[-159.66452530533738,22.062273341666184],[-159.66455625876407,22.062325174453765],[-159.66457502164852,22.062382127562518],[-159.66457376853546,22.062471085617652],[-159.66454132598963,22.0625547724886],[-159.66447249634666,22.062652490657861],[-159.6643261429852,22.062803687186044],[-159.66416641483966,22.062942266702279],[-159.66404406635942,22.063032644924398],[-159.66388863275358,22.06313275598302],[-159.66348514317957,22.063352910191121],[-159.66332926944582,22.063447132307221],[-159.66313618760287,22.063591008112468],[-159.66295763267937,22.063750935278463],[-159.66283790343928,22.063883936449496],[-159.6627348910383,22.064028491243342],[-159.66235478228094,22.064696655494018],[-159.66230430310227,22.064832527925468],[-159.66229131319531,22.064917858418998],[-159.66229103198469,22.064975662183432],[-159.66230477569061,22.065060661322772],[-159.66237606064706,22.065312535947847],[-159.66238652869183,22.065399434647592],[-159.66238385020816,22.065516205287519],[-159.66233985980952,22.065774029318884],[-159.6621470464703,22.066628117251813],[-159.66210921708731,22.066857541194821],[-159.6620885172382,22.067059891200323],[-159.66207514809039,22.067321474049621],[-159.66208036244339,22.067495850913463],[-159.66210247223526,22.067669426736749],[-159.66215772841852,22.067956657769241],[-159.66225077508409,22.068355721058467],[-159.66230749212076,22.068521609684726],[-159.66237349491394,22.068653500770235],[-159.66245982831293,22.068773574262483],[-159.66258340395632,22.068904431694918],[-159.66324641513506,22.069478045479283],[-159.66344291377541,22.069663553479206],[-159.66362734808692,22.069861323305066],[-159.66379215428714,22.070072405632708],[-159.66388763732391,22.070222356542008],[-159.66403166531802,22.070480380744392],[-159.66420035988284,22.070724941482215],[-159.66425365018776,22.070831749698495],[-159.66426970848048,22.070888996511066],[-159.66427909608913,22.070978082916138],[-159.6642530650274,22.071211913966742],[-159.66425343285403,22.071268422266257],[-159.66427571298163,22.07134915673246],[-159.66430596403848,22.071397939718111],[-159.66434703255027,22.071439007050071],[-159.66442203773528,22.071486462731627],[-159.66479344521198,22.071629039625311],[-159.66503180507394,22.071693719386158],[-159.66561019604853,22.071808688507705],[-159.66572880803218,22.071844798242129],[-159.66581404405957,22.071882708716725],[-159.66589261817575,22.071932329095397],[-159.66596370141013,22.071990496328503],[-159.66602910601853,22.072053646342336],[-159.66610564762934,22.0721458261552],[-159.66618088909053,22.072274496125978],[-159.66620746910274,22.072359372959987],[-159.66621393472658,22.072418462718591],[-159.66619679239179,22.072534796198354],[-159.66614789745361,22.072642205970407],[-159.66607275670574,22.072736680149553],[-159.66596142028331,22.072838787274065],[-159.66526949814676,22.073377206204864],[-159.66500103077414,22.073620361563652],[-159.66489362125975,22.07368020971504],[-159.66466077245585,22.073763339689997],[-159.6645514262508,22.073815547266072],[-159.66442753762607,22.073900161153887],[-159.66429782009422,22.074023616118474],[-159.66424203400257,22.074092509565599],[-159.66419706401504,22.074167469703148],[-159.66416620020746,22.074248377481833],[-159.6641541582878,22.074304597374603],[-159.66415029160041,22.074361554675544],[-159.66416011438599,22.074447894736377],[-159.66421148839521,22.074613472629924],[-159.66429045038541,22.074802239071762],[-159.6643901098212,22.07498098123353],[-159.66449637230826,22.075121835716065],[-159.66464220957667,22.075271102620807],[-159.66478286427957,22.075385931891841],[-159.66493690316608,22.075484684744708],[-159.6650744074197,22.075551718395733],[-159.66530215097248,22.075644773331216],[-159.66538501770739,22.075687714726328],[-159.66548426260579,22.07576179302734],[-159.66554220630442,22.075832782560031],[-159.66558361547484,22.075913316069538],[-159.66561480100319,22.075996981720113],[-159.66564863209101,22.076109695500186],[-159.66567278209814,22.076224666530944],[-159.66568615198244,22.076340888380841],[-159.6656846069356,22.076662365667364],[-159.66571752028929,22.076862982582387],[-159.66581031218684,22.077203747453392],[-159.66584945669442,22.07731343390935],[-159.66589869592221,22.077419735753065],[-159.66599841817299,22.077565550171695],[-159.66621304413087,22.077815215275777],[-159.66632710460519,22.077913089747426],[-159.66657990154778,22.078084783204091],[-159.66667503837272,22.078160997746217],[-159.66677979687887,22.078269326955553],[-159.66688999005962,22.078411465505347],[-159.66700111062428,22.078587986453986],[-159.6670782715276,22.078748599583399],[-159.66712492866978,22.078889084599602],[-159.66722844747883,22.079285119236072],[-159.6672786901965,22.079423092555256],[-159.66732950734081,22.079529397402528],[-159.66742921100351,22.079675776456572],[-159.66767903236968,22.07993790551453],[-159.66774250473702,22.080040832214454],[-159.6677838071582,22.080183895495139],[-159.66779841165283,22.080388872338251],[-159.66778718732246,22.080621890599609],[-159.66771875874818,22.081289166406187],[-159.66772097636115,22.081405431704937],[-159.66774707228242,22.081517672401688],[-159.66778679404538,22.081594304004618],[-159.66786382368784,22.081682946650247],[-159.66793373133029,22.081739509583354],[-159.66813430751682,22.081879376278597],[-159.66826302299896,22.082008829271736],[-159.66869384717143,22.082541692158742],[-159.66879054074744,22.08269134656134],[-159.66887037601711,22.082850215914487],[-159.66913616805184,22.083535283897522],[-159.66920451996481,22.083761065422507],[-159.66924510580532,22.084021793970948],[-159.66928819157781,22.084605432746702],[-159.66930568913349,22.08472005625368],[-159.66933498403068,22.084832546408339],[-159.66939050145348,22.084968120456324],[-159.6696825974316,22.08558004936933],[-159.66980378754764,22.085850193428442],[-159.67019023723824,22.086930328736219],[-159.67028913100583,22.087177108704978],[-159.67039261002222,22.087389577542591],[-159.67048470674365,22.0875423916325],[-159.67059051444963,22.087686660151821],[-159.67076466399868,22.087892238572049],[-159.67110487299223,22.088272531660895],[-159.67121879896797,22.088414284764063],[-159.67132989485552,22.088591547689497],[-159.67157927671775,22.089063062382994],[-159.67172939202709,22.089285182133686],[-159.67315774629751,22.090979100665741],[-159.67326564569288,22.091121382026241],[-159.67334086303532,22.091248953237905],[-159.6733747691552,22.09133121554574],[-159.67339603405486,22.091417016147954],[-159.67340356988711,22.091505088445228],[-159.67339721545747,22.091622560447902],[-159.67335694688762,22.091795085422557],[-159.67322520024697,22.092154442030537],[-159.67318498341163,22.092294201274498],[-159.67315266602043,22.092494078259634],[-159.67314550669013,22.092697600748718],[-159.67315318568347,22.092814038360743],[-159.67317752292033,22.092987591777973],[-159.67324931956102,22.093332293353214],[-159.67332033566194,22.093586133976437],[-159.67340444230865,22.093773491713733],[-159.67346625115999,22.093874792920406],[-159.67355462856054,22.093995390581767],[-159.67361464618745,22.094061963325778],[-159.67370489294885,22.094141533354314],[-159.67383224759524,22.094224682304262],[-159.67411245483373,22.094355787534194],[-159.67427049800625,22.094451606236493],[-159.67440889728047,22.094569999621282],[-159.67467988624989,22.094851510287292],[-159.6748398989954,22.094989495562007],[-159.6750907338043,22.095162340008571],[-159.67595327731428,22.095695094334669],[-159.67602419838076,22.09575428091474],[-159.67606579368407,22.09579952462715],[-159.67612958390248,22.095901644062291],[-159.67616000968533,22.095985723274385],[-159.6761838850415,22.096102112606381],[-159.6762182750673,22.096596460262049],[-159.67625229416493,22.096796615179283],[-159.67630553243643,22.096931782118805],[-159.67647443955087,22.097245087057296],[-159.67650740635358,22.097328285688072],[-159.67653063843673,22.097414345928442],[-159.67655443352157,22.0976185080977],[-159.67658276999325,22.098229904399933],[-159.67660356279654,22.0984321863431],[-159.67662673778273,22.098576163791542],[-159.6768809709624,22.09960221122191],[-159.67701799293019,22.100080636358076],[-159.67709588382257,22.100393767307271],[-159.67720523429003,22.100938302049283],[-159.67730831971704,22.101513613466281],[-159.67736093641312,22.101889812328881],[-159.67739225206779,22.102353385054961],[-159.67738962945435,22.102470299489259],[-159.67737756262386,22.102558608069639],[-159.67735011583636,22.102644346090752],[-159.67732084909429,22.102699563962183],[-159.67724067516136,22.102792455922387],[-159.67714102266893,22.102864768715015],[-159.67651406193073,22.10319335397676],[-159.67619454197001,22.103376714389146],[-159.67602804582657,22.103507034906407],[-159.67587967370946,22.103655550650231],[-159.6757645091391,22.103792901122041],[-159.67562190920381,22.103983281615985],[-159.67513921094437,22.10466209239496],[-159.67500840418239,22.104859686070025],[-159.67483713493215,22.105168236129796],[-159.67462519653583,22.105622300156178],[-159.67458022933224,22.10569949344266],[-159.67452314099046,22.10577101462486],[-159.67447643965122,22.105812390718814],[-159.67442075135756,22.105846028334163],[-159.67432846227067,22.105873057761084],[-159.67423415316551,22.105875282689503],[-159.67404906643637,22.105855391058874],[-159.6739577134197,22.105855611634784],[-159.67386752881757,22.105868121711143],[-159.67374975060767,22.105900930197858],[-159.67357796270178,22.105966514395924],[-159.67338395494184,22.106057546631551],[-159.67325240768065,22.106133999664141],[-159.67310496039738,22.106238945390558],[-159.67296626582146,22.106355038123795],[-159.6728350937494,22.106478204100824],[-159.67234543482266,22.106966687341718],[-159.67211777928881,22.107206304186299],[-159.67195596165547,22.107418962598612],[-159.67177022505928,22.107721411481833],[-159.67168611243952,22.107844397504099],[-159.67132555593528,22.108283028510801],[-159.67125803529973,22.108344125565278],[-159.6711819652906,22.10839530766907],[-159.67098282999444,22.108483086079076],[-159.67090393637778,22.108526214097239],[-159.67083901087733,22.108583235024742],[-159.67080568585143,22.108630013511572],[-159.6707638962171,22.108737278669125],[-159.67074892716801,22.108879334752022],[-159.67076931496283,22.109020058591618],[-159.67083987291699,22.109211590507702],[-159.67086215453182,22.109298250705926],[-159.67086011399093,22.109388291932621],[-159.67084204369417,22.10944591633492],[-159.67078946715048,22.109523021513361],[-159.67071616152964,22.109580803139835],[-159.67063266524892,22.109623156747993],[-159.67043092311422,22.109699297680269],[-159.67035422808087,22.10974501550303],[-159.6703096924019,22.109783190742718],[-159.67025553970711,22.109851409152135],[-159.67023065625077,22.109902836114539],[-159.67021209452156,22.10998558150489],[-159.67021476524812,22.110070064649946],[-159.67024296001026,22.110181840484064],[-159.67028774081589,22.110290288787521],[-159.67047018767198,22.110628805588579],[-159.67061944322145,22.110851626293456],[-159.67110213323994,22.111499554285665],[-159.67119478051626,22.111651789459813],[-159.67124814644762,22.111789092901805],[-159.67127405873745,22.111904047919602],[-159.67128264264156,22.112050679582513],[-159.67126974867625,22.112167552989831],[-159.67123980008896,22.112280762729107],[-159.67119127537444,22.112388811786943],[-159.67108265657671,22.112565997379455],[-159.67086653689825,22.112884478921401],[-159.67081067689267,22.11298793349318],[-159.67076611617725,22.113095817990096],[-159.67074256201533,22.11317910969159],[-159.67072623496503,22.113293015930704],[-159.67072101809583,22.11369913534606],[-159.67070300465861,22.11387385813353],[-159.67065400621561,22.114044093580667],[-159.67056492562031,22.114232197496626],[-159.67045398613962,22.11444190374743],[-159.67037661321052,22.114569532915752],[-159.67030376076565,22.114666332152204],[-159.67013965203276,22.114842307542954],[-159.67006576667322,22.114934989605818],[-159.67000298261337,22.115034495546606],[-159.66989448690754,22.115245647682517],[-159.66984378472367,22.115320889287748],[-159.66976306490363,22.115411567502065],[-159.66969297009095,22.115472471233268],[-159.66948559830448,22.115605187022808]]},"properties":{"st_length(shape)":11772.281649791757,"objectid":753,"year_record":2024,"island":"Kauai","route_id":"550","bmp":6.7400000000000002,"emp":14.08,"route_name":"Kokee Road","county_id":7,"county_id_t":"Kauai County","aadt":778,"aadt_su":5,"aadt_cu":2,"f_system":5,"f_system_t":"Major Collector","facility_type":2,"facility_type_t":"two way","maint_op":1,"maint_op_t":"State Highway","ownership":1,"ownership_t":"State Highway","through_lanes":2,"urban_id":99999,"urban_id_t":"Rural"}},{"type":"Feature","id":754,"geometry":{"type":"LineString","coordinates":[[-159.69283722546285,21.96136511478397],[-159.69309211614561,21.961629393392208],[-159.6931769306974,21.961697971267629],[-159.69327842547725,21.961759544988791],[-159.69339174388821,21.961806004312855],[-159.69351074928656,21.961839684253871],[-159.69454080698827,21.962085788917928],[-159.69490822693723,21.962155479572623],[-159.69587177816891,21.962262583478473],[-159.69817610476744,21.962493879716913],[-159.69867505752507,21.962538314183529],[-159.69895654731582,21.962555157516018],[-159.69920697253357,21.962560459641008],[-159.70017735015284,21.96253473642825],[-159.70039646266568,21.962543114458242],[-159.70061497470917,21.962560574046734],[-159.70126848952407,21.962635575702929],[-159.70160927607401,21.96268645657408],[-159.70182214206849,21.962739197925366],[-159.70202287360061,21.962821825137624],[-159.70218442593838,21.962912524478231],[-159.70246814086317,21.963094752460513],[-159.70627075082055,21.965616227680027],[-159.70654500505668,21.965810964213254],[-159.70897794728359,21.96760199432666],[-159.70945286262614,21.967936099183525],[-159.70986315830962,21.968204172603311],[-159.71134757933416,21.969132263179098],[-159.71175888614809,21.969399911716124],[-159.71195364070292,21.969547530930235],[-159.71211722620401,21.969684463153687],[-159.71377514720629,21.97115433691793],[-159.71403285157274,21.971366557252047],[-159.71425324614083,21.971528978257279],[-159.71492608927028,21.971956238423111],[-159.71751560968693,21.973702251105507],[-159.71854794207078,21.974364509574848],[-159.71876109140973,21.974486445338453],[-159.71895362739545,21.974584014940291],[-159.72004102733868,21.975105843375459],[-159.72015282283519,21.975153282343495],[-159.7202115219888,21.975163226992951],[-159.72027094317752,21.975152135313394],[-159.72032217951977,21.975118881897522]]},"properties":{"st_length(shape)":3318.9687436436302,"objectid":754,"year_record":2024,"island":"Kauai","route_id":"551","bmp":0,"emp":2.0699999999999998,"route_name":"Kekaha Road","county_id":7,"county_id_t":"Kauai County","aadt":1256,"aadt_su":18,"aadt_cu":3,"f_system":6,"f_system_t":"Minor Collector","facility_type":2,"facility_type_t":"two way","maint_op":2,"maint_op_t":"County Highway","ownership":2,"ownership_t":"County Highway","through_lanes":2,"urban_id":99998,"urban_id_t":"Small Urban"}},{"type":"Feature","id":758,"geometry":{"type":"LineString","coordinates":[[-159.71485903147922,21.972873263648886],[-159.71487289030043,21.972918876033457],[-159.71489244631547,21.973064744689818],[-159.71489757042363,21.97321091920691],[-159.71489105290595,21.973385436470114],[-159.71474662065947,21.975249011459965],[-159.71471703781074,21.975481689370657],[-159.71467998716176,21.975683211414257],[-159.71461185626544,21.975968264203747],[-159.71454328626575,21.97619387640237],[-159.71446875686024,21.976386095625266],[-159.71439457064997,21.976547246910801],[-159.71408324722546,21.977087901219068],[-159.7140023800593,21.977245213002412],[-159.71397095487438,21.977327280714711],[-159.71395078447148,21.977411829912864],[-159.71394288789321,21.97755543934716],[-159.71396168280731,21.977669808596932],[-159.71400875731842,21.977808504668154],[-159.71428045243326,21.978366595503189],[-159.71432515255566,21.978443154532251],[-159.71439666291045,21.978538379614903],[-159.71454635600313,21.97868536114839],[-159.71579745878631,21.979656714050279],[-159.71611700405111,21.979890572011652],[-159.71658103929144,21.980186941292441],[-159.71759762719537,21.980765036578539],[-159.71780290363853,21.980899637356245],[-159.717919378593,21.980999289569834],[-159.71797918637245,21.981067821504251],[-159.7180445515877,21.98116763939462],[-159.71808301454902,21.981248189653414],[-159.71812047186259,21.981359495386542],[-159.71814095743696,21.981474900959569],[-159.71814431197689,21.981592208183123],[-159.71813427280631,21.98167954114081],[-159.71810482508823,21.981792993418651],[-159.7180429041484,21.981927388731485],[-159.71794278006098,21.982076094902915],[-159.717385031795,21.982774697929209],[-159.71699925715237,21.983302797573153],[-159.71660643314235,21.983789077683173],[-159.71602804203965,21.98458254467155],[-159.7158974414593,21.984745309547982],[-159.71572471825903,21.984912695594378],[-159.71521956852104,21.985299614196151],[-159.714611839843,21.985839834594582],[-159.71414584301945,21.986224364311784],[-159.71396509255999,21.986383017737218],[-159.71360613279637,21.986744618769254],[-159.71300690064925,21.9873732734698],[-159.71285302489147,21.987555019265656],[-159.71270037364226,21.987773721616826],[-159.71163675447539,21.989479589278535],[-159.71151817459469,21.989683574427946],[-159.71142854022096,21.989867921282119],[-159.71096036528633,21.991068774251112],[-159.71086991977359,21.991345329688908],[-159.71081553087581,21.991601574736595],[-159.71074683525916,21.992091374591769],[-159.71069572792922,21.992377785497077],[-159.71065062921551,21.99281083941964],[-159.71062562576861,21.9929254907358],[-159.71058015035447,21.993064356215861],[-159.71048043973485,21.993307345706711],[-159.71033785368155,21.993596542173833],[-159.71003564379049,21.99406953661029],[-159.70975618330019,21.994557010357124],[-159.70967629220792,21.994681644064098],[-159.70957962244083,21.994795850014601],[-159.70948791915058,21.994875786263037],[-159.70901106193207,21.995201871373236],[-159.70827800086326,21.995741907986876],[-159.70811876247333,21.995878865458874],[-159.70773955397186,21.996301369739715],[-159.70732828424295,21.996698837089411],[-159.70712657591164,21.99691920316522],[-159.70696556204163,21.997132134724854],[-159.70670771140124,21.997528941932956],[-159.70657952715985,21.997694304593427],[-159.70647181608439,21.997800081473439],[-159.70628004428863,21.997948495232691],[-159.70619235956505,21.998029659994927],[-159.70585169521897,21.998443733333055],[-159.70536924018973,21.998936412434045],[-159.70531502192256,21.999006929792642],[-159.70525487030233,21.999107074595415],[-159.70511755041224,21.999398773582417],[-159.70487779423149,21.99987001324633],[-159.70480837000059,21.999966998777801],[-159.70462916813642,22.000167819317806],[-159.70454178289967,22.000286541097815],[-159.70446106671099,22.000441616203801],[-159.70434625653533,22.000710914551217],[-159.70424724615697,22.000892498206774],[-159.70405599697492,22.001192038208984],[-159.70378306952077,22.001647268512329],[-159.7034720580001,22.002081387412805],[-159.70316762846147,22.002620453438915],[-159.70257700927453,22.003509996233412],[-159.70229691096176,22.00396468932961],[-159.70219767688616,22.004078208237726],[-159.7021027988103,22.004155243308595],[-159.70202401538614,22.004203657237422],[-159.70175311397949,22.004345259587293],[-159.70158264400297,22.004469160487243],[-159.70138884725097,22.004656417569883],[-159.70120262029226,22.00488884494494],[-159.70112167399066,22.004978861473905],[-159.7010321653886,22.005060180429499],[-159.70074937513141,22.005288070346754],[-159.70065820813755,22.005402626220988],[-159.70049501944524,22.005684127733161],[-159.70033304885584,22.005932099345106],[-159.70031057020586,22.005983197210281],[-159.7003072878932,22.006041567723827],[-159.7003245759289,22.006095427297424],[-159.70035319705758,22.006142231635149],[-159.7003955613518,22.006179558338911],[-159.70042183778361,22.006191794767837],[-159.70048142192189,22.006199664569259],[-159.70054052355732,22.006189580288918],[-159.7006494324024,22.006137106693988],[-159.70108871603185,22.005865866404619],[-159.70148783359903,22.005588790957475],[-159.70165248591255,22.005504544796214],[-159.70191521157088,22.005411637796115],[-159.70256755356067,22.005209119672635],[-159.70272357790367,22.005187011427658],[-159.70294181500759,22.005194727022459],[-159.70302994289759,22.005169182989555],[-159.7031023151649,22.005114885077724],[-159.70325388533922,22.004895266405374],[-159.70337737624868,22.004763866487046],[-159.70368913723394,22.004524397131874],[-159.70394391997448,22.004311657898526],[-159.70453971184392,22.003844691070316],[-159.7046744236541,22.003724622210502],[-159.70489081010072,22.003514983520191],[-159.70514035225838,22.003296204051637],[-159.70543837402298,22.002998603914662],[-159.70564852877214,22.002823549988491],[-159.7058015918993,22.002721884965368],[-159.7058876664762,22.002683934558203],[-159.70594857029533,22.002667439066332],[-159.70601250425025,22.002661874376656],[-159.70607783652389,22.002670674133448],[-159.70614072335968,22.002697414308894],[-159.70618987218666,22.002737453047871],[-159.70622646290977,22.002785889719803],[-159.70626532717338,22.002866176133601],[-159.70635460141264,22.003144263126103],[-159.70641007835115,22.003371832603619],[-159.70641935489579,22.003459175555438],[-159.70641706864782,22.003546795072499],[-159.70639691409522,22.003662310163794],[-159.70637051052125,22.003747033356277],[-159.70623964277118,22.004041874525573],[-159.70616814496628,22.004233271918242],[-159.70603446832001,22.004740094022239],[-159.70595968996957,22.004962475127869],[-159.70590394181866,22.005067194103326],[-159.70581944493887,22.005189692990214],[-159.70549225760422,22.005575853784762],[-159.70536872294363,22.005742207340855],[-159.70527860672672,22.005893197376089],[-159.7051079082473,22.0062358700016],[-159.70498680444362,22.006405596083273],[-159.70481200291553,22.006571513781008],[-159.70394972590134,22.00723721821522],[-159.70384058293772,22.00733971119633],[-159.70373251288865,22.007480013392478],[-159.70366708165108,22.007609992693627],[-159.70362767030625,22.007749214177664],[-159.70361008074431,22.007892496772563],[-159.70356369619543,22.008588136380435],[-159.70354319847777,22.008791362520903],[-159.7035075660209,22.00893372425239],[-159.7034710597971,22.009014863157255],[-159.70343903501703,22.009065919265268],[-159.70337950894358,22.009134494772486],[-159.70333257590997,22.009173726893938],[-159.7032806976209,22.009207567004204],[-159.70319633736432,22.00924714392827],[-159.70310636071324,22.009274310409253],[-159.70301374882411,22.009289679715007],[-159.70285764343819,22.009287403921736],[-159.7027652371039,22.009271370698325],[-159.70264521011637,22.009235485998641],[-159.70145642937646,22.008792911394188],[-159.70130878318187,22.008747118757636],[-159.70121767161382,22.008732649231803],[-159.70112664784639,22.008738196064765],[-159.70104235875425,22.00876729567943],[-159.70097452666033,22.008820622920631],[-159.70093059833005,22.008893560278718],[-159.70091602771069,22.008948380770764],[-159.70091128537092,22.009005320193275],[-159.70092035119995,22.009089605428962],[-159.7010014101248,22.009368374525053],[-159.70103294203142,22.009540981914746],[-159.70103554001989,22.009686499696762],[-159.70101079687234,22.010005125030492],[-159.70097386377728,22.010324293022265],[-159.70093086005198,22.010583587477111],[-159.70088008493676,22.010722809033481],[-159.70083614037711,22.010799859643459],[-159.70078315105749,22.010871624226869],[-159.70069830898802,22.010958194458262],[-159.70058169736501,22.011054634623388],[-159.70020530928238,22.011314612477076],[-159.70011115372463,22.011390219603179],[-159.69996162501479,22.01153842689622],[-159.6996404492152,22.011895999454779],[-159.69949114187585,22.012045498162244],[-159.69932630120252,22.012180026702374],[-159.69907394916669,22.012351156711482],[-159.69872976343089,22.012553775770929],[-159.69861811411678,22.012606271596809],[-159.69850157199099,22.01264984356607],[-159.69828940994321,22.012701892027742],[-159.69788745709852,22.01274988438195],[-159.69776962561346,22.012780300495407],[-159.69771738369548,22.012809075937028],[-159.697672708645,22.012847613895236],[-159.69762509781924,22.012919961690084],[-159.69760887957034,22.01297420079262],[-159.69760617483345,22.013030468351989],[-159.69761750217589,22.013086237139436],[-159.6976413855364,22.013139218780253],[-159.69769568215992,22.013208150712984],[-159.69790092819488,22.01338552369354],[-159.69796469952558,22.013448964938519],[-159.69803515456405,22.013545371013645],[-159.69807287300603,22.013626807895392],[-159.69811977135029,22.013795498248196],[-159.69817135979517,22.014082229403861],[-159.69823474786796,22.014485019699897],[-159.6982405051418,22.014659524298288],[-159.69821566031052,22.014862074512202],[-159.69818354524469,22.015004711950546],[-159.69812742868677,22.015171245530862],[-159.69806318681589,22.015304264789844],[-159.69795009313867,22.015479149930044],[-159.69773113974182,22.015763095898095],[-159.69762971321464,22.015874254548343],[-159.69748995806029,22.015990825940371],[-159.69736083483275,22.016073134555182],[-159.69692716601617,22.016304109184336],[-159.69670790308214,22.016415823385341],[-159.69656626398049,22.01647785161563],[-159.69641945138724,22.016528250472032],[-159.69626855166121,22.016567267375795],[-159.69577733254064,22.016656824795945],[-159.69553695589289,22.016718151942463],[-159.69542127613158,22.016761831963748],[-159.69528266164764,22.016828584637185],[-159.69515086484896,22.016906052497255],[-159.69489516724022,22.017073150421979],[-159.69472977273495,22.017156370548296],[-159.69455052762922,22.017207479791477],[-159.69415193386473,22.017277877007807],[-159.69403733433126,22.017316757112994],[-159.69398624515154,22.017346782256663],[-159.6939409447366,22.01738433264709],[-159.69387355433668,22.017478617447861],[-159.69381879360662,22.017613621318102],[-159.69365863168827,22.018083973254427],[-159.69361808468554,22.018163616655517],[-159.69356334798883,22.018236177760109],[-159.69349533913871,22.018297085046985],[-159.69341683807551,22.018345992477741],[-159.69308079758841,22.018496270946109],[-159.69292466907871,22.018589556523565],[-159.69280891498937,22.018684391375793],[-159.69258300117824,22.018926600125766],[-159.69248456559353,22.019000379039628],[-159.69240201436494,22.01904320240217],[-159.69234298229162,22.01906444154665],[-159.69228179910431,22.019077863542282],[-159.69218716118471,22.019082820056333],[-159.69203248241325,22.019056128944804],[-159.69173747314315,22.018966632552317],[-159.69161523954591,22.018947984447514],[-159.69149161409968,22.018944391078293],[-159.6913991066055,22.01895190653353],[-159.69124570330925,22.018977975493726],[-159.69115579573671,22.019000368899107],[-159.69107026752636,22.019033366050344],[-159.69099023455772,22.01907771478793],[-159.69086696391543,22.019165305756243],[-159.69022685763747,22.019670928718167],[-159.69009459474051,22.019749104643033],[-159.68970810011916,22.01993751650874],[-159.68952820161195,22.020050529085854],[-159.68936576063754,22.020184869754278],[-159.68902260714984,22.02052380050376],[-159.68887448266526,22.020632346951057],[-159.68876515183902,22.020689713917466],[-159.6885944394385,22.020762401247431],[-159.68801629574901,22.020977878227757],[-159.6872113749036,22.021289806241462],[-159.68693045679763,22.021413427345308],[-159.68668443621368,22.021534929611093],[-159.68644483399839,22.021669074919068],[-159.68624407577477,22.021805335618147],[-159.68595918658633,22.022029649256869],[-159.68571816574232,22.022256475524067],[-159.68562437667154,22.022334032509111],[-159.6855214109321,22.022401495212435],[-159.68533165345818,22.022504491411325],[-159.68518480672242,22.022558409238709],[-159.68509055659234,22.022572629950471],[-159.68502593915406,22.022571712103446],[-159.68487159977198,22.022541998205934],[-159.68461080528581,22.022449529253809],[-159.68449218568679,22.022417829133513],[-159.68433963456309,22.022397874902495],[-159.68415343676045,22.022393906776511],[-159.68396788453251,22.022404124665879],[-159.68381585640077,22.022430941698286],[-159.68370070205441,22.02247158046773],[-159.68356700492947,22.022543739615102],[-159.683423393027,22.022652682503427],[-159.68319721040294,22.022893406340504],[-159.68293640384715,22.023101313345609],[-159.68285287431675,22.023184119991839],[-159.68280750015327,22.02325944458887],[-159.68277913095901,22.023340581311182],[-159.68272914553251,22.023714279129042],[-159.68270357893016,22.023799389994757],[-159.68266398613201,22.023879598679397],[-159.68254844127688,22.024017812651401],[-159.68209147758549,22.024456008111819],[-159.68200026937876,22.024571453900833],[-159.68195103858133,22.024676234570933],[-159.6819329069659,22.024759758708374],[-159.68193183379645,22.024874598945871],[-159.68195813560601,22.025135598702885],[-159.68195115019489,22.025223334208608],[-159.68193699269449,22.025280883285923],[-159.68187575156838,22.025416165982005],[-159.68170903768672,22.025694217583897],[-159.68154541519496,22.026008962518674],[-159.68146727932444,22.026135961528897],[-159.68139288745868,22.026231003148279],[-159.68131005369807,22.026319455149821],[-159.68110312231437,22.026499428700294],[-159.68083019382658,22.02669542445188],[-159.68056662027317,22.026854248135731],[-159.6803938143151,22.026926200437646],[-159.68026942989462,22.026950556044206],[-159.68017441835261,22.026949505949805],[-159.6801115153666,22.026939760022923],[-159.68001975694978,22.02691261766293],[-159.67996235547326,22.026886410436607],[-159.67988386422402,22.026836033301791],[-159.6797970704084,22.026750562466219],[-159.67952982011093,22.026358119504138],[-159.67943426790015,22.026244046753281],[-159.67932674368893,22.026137872387192],[-159.6792077718203,22.026043894430813],[-159.67912763118773,22.025998793328991],[-159.67904091746456,22.025970773060479],[-159.67895033079179,22.025962226395674],[-159.67885941054254,22.02597212233071],[-159.67879998046385,22.025986930583965],[-159.67856628799046,22.026070398692195],[-159.67844668977247,22.026105189131286],[-159.6783544522898,22.026121729388834],[-159.67813812581625,22.026143624586517],[-159.6780788188847,22.026157059794347],[-159.6780234642394,22.026178851412421],[-159.67797360675394,22.026210104244438],[-159.67791381596319,22.026273757336188],[-159.67780339923675,22.026482903227976],[-159.67772628160333,22.026577449505236],[-159.67767974210687,22.026616563534787],[-159.67760147679755,22.026665625192823],[-159.67745891586503,22.026725209065781],[-159.67736803244796,22.026750312908611],[-159.67724400677994,22.026767269443855],[-159.67652890785595,22.026806678035143],[-159.67643950062754,22.026826836338884],[-159.67635839012857,22.026864705993852],[-159.67631202832681,22.026900735577506],[-159.67627576046837,22.026945057426648],[-159.67624373563859,22.027024298360097],[-159.67623326667342,22.027138656140462],[-159.67624688067184,22.027370593380166],[-159.67624480488774,22.027459093493704],[-159.67622626809532,22.027546009213847],[-159.67617904039091,22.027654001510491],[-159.67606389617006,22.027827557948459],[-159.67593085197478,22.027989779014948],[-159.67577684754391,22.028134062535397],[-159.67555507238487,22.028294721396581],[-159.67546315229671,22.028371207113587],[-159.67534384045052,22.028504155782542],[-159.67524086895247,22.028648412737724],[-159.67512134061565,22.028851884897925],[-159.67506152579799,22.02898497032335],[-159.67502273456745,22.029124902764355],[-159.67494211208583,22.029525758240105],[-159.67489815194321,22.029637414489162],[-159.67484979318661,22.029713389768645],[-159.67478706891168,22.029779589703661],[-159.67471539380068,22.029836668630765],[-159.67431051752592,22.030110847781561],[-159.67408815072901,22.030270743773961],[-159.67397636703168,22.030370789089943],[-159.67378750346916,22.030563544736523],[-159.67370902392946,22.030653883995214],[-159.67364238232315,22.030750633004999],[-159.6735766681671,22.030881235204532],[-159.67345430934051,22.031179603687903],[-159.67340386870404,22.031255118243458],[-159.67334061807958,22.031320534742814],[-159.67318926889473,22.031425400131699],[-159.67289428599264,22.031587618382339],[-159.67264032395016,22.031801008372891],[-159.67254010077943,22.031872142278203],[-159.6724028751353,22.031942762198561],[-159.67206065527373,22.032085726098597],[-159.67198106425286,22.032130053109324],[-159.67191214987963,22.03218621610915],[-159.67185937859361,22.032255347247283],[-159.67182198407545,22.032333365372789],[-159.67172864654992,22.03264009117677],[-159.67168717456701,22.032750592677765],[-159.67164646162027,22.032829131182226],[-159.67157795667828,22.032926593483012],[-159.67145439325432,22.033058702209527],[-159.67129201973333,22.033195839266842],[-159.67111653066729,22.033317113655638],[-159.67082649109432,22.033488404442526],[-159.6706875531743,22.03360189489193],[-159.6705719788323,22.0337377708993],[-159.67037515961994,22.03399905713048],[-159.67022645604229,22.034220948281533],[-159.67006069211433,22.034501318050882],[-159.66998308717893,22.034594591689761],[-159.66990802335275,22.03464946727539],[-159.66985134834056,22.03467663417484],[-159.66979059275292,22.034694910135222],[-159.66969611385332,22.034707683074547],[-159.66960138175017,22.034708034226941],[-159.66947671759388,22.034697439106647],[-159.66913810338548,22.034644738390789],[-159.66898749191344,22.034602810279242],[-159.66887578019993,22.034546199086712],[-159.66877749818596,22.034471328400343],[-159.66862058017963,22.034328355061689],[-159.66857141281687,22.034295287733393],[-159.66851666388814,22.034274342519964],[-159.66833524693527,22.034259211751021]]},"properties":{"st_length(shape)":11510.817525795428,"objectid":758,"year_record":2024,"island":"Kauai","route_id":"552","bmp":0.38900000000000001,"emp":7.5490000000000004,"route_name":"Kokee Road","county_id":7,"county_id_t":"Kauai County","aadt":1704,"aadt_su":28,"aadt_cu":5,"f_system":5,"f_system_t":"Major Collector","facility_type":2,"facility_type_t":"two way","maint_op":2,"maint_op_t":"County Highway","ownership":2,"ownership_t":"County Highway","through_lanes":2,"urban_id":99999,"urban_id_t":"Rural"}},{"type":"Feature","id":806,"geometry":{"type":"LineString","coordinates":[[-159.36726731718321,21.974241650338257],[-159.3671583236065,21.97435314631382],[-159.36611195795027,21.975552539494579],[-159.36598215070703,21.975717302219149],[-159.36591379983639,21.975846815426909],[-159.36584925963331,21.976072835256137],[-159.36487738640463,21.979904487075014],[-159.36485798023884,21.980019216325005],[-159.36485456969797,21.980106044134843],[-159.36488643358703,21.980625763532515]]},"properties":{"st_length(shape)":768.27448385496496,"objectid":806,"year_record":2024,"island":"Kauai","route_id":"5710","bmp":0,"emp":0.47300000000000003,"route_name":"Umi Street","county_id":7,"county_id_t":"Kauai County","aadt":5309,"aadt_su":31,"aadt_cu":3,"f_system":6,"f_system_t":"Minor Collector","facility_type":2,"facility_type_t":"two way","maint_op":2,"maint_op_t":"County Highway","ownership":2,"ownership_t":"County Highway","through_lanes":2,"urban_id":99998,"urban_id_t":"Small Urban"}},{"type":"Feature","id":759,"geometry":{"type":"LineString","coordinates":[[-159.66812260087249,21.955202438688296],[-159.66801147829813,21.955369824036353],[-159.66785221156121,21.955684905972866],[-159.66779199590306,21.95578597303513],[-159.66755204471121,21.956092152464347],[-159.66744109281004,21.956197028408994],[-159.66733257281462,21.956256535633173],[-159.66704810268513,21.956376926782838],[-159.66664542736754,21.956601754341111],[-159.66586807109323,21.956979914079092],[-159.66557291327732,21.957146483565381],[-159.66512538410618,21.957415239907618],[-159.66458304715331,21.957708694160797],[-159.66422419689772,21.95788915424324],[-159.66393726126873,21.958008163328685],[-159.66382639714487,21.958061520064955],[-159.66357240091568,21.958230520608474],[-159.66326162796145,21.958474501519319],[-159.66292741990532,21.958783004565376],[-159.66251187385285,21.959217821142925],[-159.6616953633401,21.959942072365269],[-159.66152058545094,21.960109338601328],[-159.66133363807035,21.960306295690966],[-159.66107069418391,21.960596170523086],[-159.66093766016346,21.960758174659929],[-159.6608178417506,21.960929596043876],[-159.66055196461866,21.9613603888019],[-159.66047941362879,21.96145581135529],[-159.66041724012683,21.961521943102735],[-159.66002814184148,21.961859721364238],[-159.6595225912956,21.962377184592579],[-159.65927833752605,21.962604030542309],[-159.65908969191574,21.962757954060635],[-159.65845057665243,21.963227930714012],[-159.65818834842446,21.963435061405225],[-159.65793485574565,21.963652377053084],[-159.65635458217164,21.965070699259421],[-159.65622504761328,21.965197486743147],[-159.65611030465797,21.965335808585678],[-159.6560105043875,21.965484394008385],[-159.65592730878501,21.965641340125067],[-159.65588831659261,21.965752382258497],[-159.65588413069491,21.965768846599389],[-159.65581611431313,21.966036335640691],[-159.65580182722871,21.966181617079737],[-159.6558104656072,21.966327444768019],[-159.65588024834344,21.966700807798905],[-159.65604212698227,21.967263192563948],[-159.65617319997958,21.967866505772513],[-159.6562836711249,21.968230042964638],[-159.65641509326699,21.968831754523041],[-159.65644372259951,21.969122675009938],[-159.65646474982432,21.969238846274269],[-159.65651971874729,21.969406028777666],[-159.65664557270014,21.969704700189055],[-159.65668907887306,21.96984398306282],[-159.65673459922959,21.970162435276677],[-159.65681697354043,21.970622940569712],[-159.65684056626904,21.970797080983669],[-159.65684665964812,21.970943087629927],[-159.65681062225389,21.971378362564721],[-159.65678647192718,21.971786282336843],[-159.6567820327605,21.972136714707116],[-159.65679859361666,21.972281919680828],[-159.65688076707153,21.972683659243199],[-159.65690738416637,21.972856538972252],[-159.6569420675647,21.973205876089821],[-159.65696710997491,21.973673118726101],[-159.6570220392708,21.974049272180633],[-159.65702491081399,21.974165215107451],[-159.6570065847225,21.974486142262393],[-159.65700911160468,21.974603590751467],[-159.65703638177277,21.974748399548115],[-159.65711754301083,21.975000602162897],[-159.65715902426174,21.975111281687877],[-159.65725645964659,21.975326142293508],[-159.65727673752289,21.975410868410439],[-159.65729177690648,21.975526017267828],[-159.65729541170631,21.97564253258416],[-159.65727972167062,21.975875291071759],[-159.65725186391541,21.976136610092627],[-159.65720327612462,21.976484176335894],[-159.65717120302025,21.976892439309573],[-159.65714553844725,21.977005515165928],[-159.6569646819637,21.977626017000798],[-159.65694678418464,21.977742013195488],[-159.65694937918488,21.977859511958023],[-159.65697660023224,21.978004449178034],[-159.65706281870018,21.978345725435403],[-159.65715878300955,21.978863624707785],[-159.65721028346493,21.979033149587025],[-159.65725015828642,21.979113346959213],[-159.65728439189215,21.97916322839615],[-159.65749679217612,21.979418751738862],[-159.65757904548119,21.979507050017599],[-159.65767606893908,21.979580561580214]]},"properties":{"st_length(shape)":3322.2687814819192,"objectid":759,"year_record":2024,"island":"Kauai","route_id":"553","bmp":0,"emp":2.052,"route_name":"Menehune Road","county_id":7,"county_id_t":"Kauai County","aadt":715,"aadt_su":5,"aadt_cu":0,"f_system":6,"f_system_t":"Minor Collector","facility_type":2,"facility_type_t":"two way","maint_op":2,"maint_op_t":"County Highway","ownership":2,"ownership_t":"County Highway","through_lanes":2,"urban_id":99998,"urban_id_t":"Small Urban"}},{"type":"Feature","id":760,"geometry":{"type":"LineString","coordinates":[[-159.66802986170106,21.955342131815218],[-159.66773394779435,21.955181779556728],[-159.66762275076817,21.955129691486402],[-159.66747797555237,21.955074827163472],[-159.66735871186208,21.955039191295963],[-159.66684266046821,21.954918250575087],[-159.66519447729792,21.954567735204787],[-159.66504232917109,21.954529591002352],[-159.66496005883411,21.954493503665873]]},"properties":{"st_length(shape)":332.40900329467252,"objectid":760,"year_record":2024,"island":"Kauai","route_id":"554","bmp":0,"emp":0.20100000000000001,"route_name":"Waimea Road","county_id":7,"county_id_t":"Kauai County","aadt":709,"aadt_su":7,"aadt_cu":1,"f_system":6,"f_system_t":"Minor Collector","facility_type":2,"facility_type_t":"two way","maint_op":2,"maint_op_t":"County Highway","ownership":2,"ownership_t":"County Highway","through_lanes":2,"urban_id":99998,"urban_id_t":"Small Urban"}},{"type":"Feature","id":761,"geometry":{"type":"LineString","coordinates":[[-159.37067496987626,21.976132776844004],[-159.37050927768422,21.976155894260625],[-159.37030140805186,21.97620486841792],[-159.37012806293777,21.976259866342577],[-159.36993093344779,21.976340387630472],[-159.3697130212756,21.976450204549682],[-159.36947748358781,21.976590300088493],[-159.36922439961623,21.976755057271458],[-159.36915118101842,21.976813395725216]]},"properties":{"st_length(shape)":176.76800493492047,"objectid":761,"year_record":2024,"island":"Kauai","route_id":"56","bmp":0,"emp":0.11,"route_name":"Kuhio Highway","county_id":7,"county_id_t":"Kauai County","aadt":30388,"aadt_su":635,"aadt_cu":143,"f_system":3,"f_system_t":"Principal Arterial","facility_type":2,"facility_type_t":"two way","maint_op":1,"maint_op_t":"State Highway","ownership":1,"ownership_t":"State Highway","through_lanes":4,"urban_id":99998,"urban_id_t":"Small Urban"}},{"type":"Feature","id":762,"geometry":{"type":"LineString","coordinates":[[-159.36915118101842,21.976813395725216],[-159.36906261317296,21.9768839642724],[-159.36895412288877,21.976988779299013],[-159.36892940048818,21.977016459526844]]},"properties":{"st_length(shape)":32.139568667748996,"objectid":762,"year_record":2024,"island":"Kauai","route_id":"56","bmp":0.11,"emp":0.13,"route_name":"Kuhio Highway","county_id":7,"county_id_t":"Kauai County","aadt":30388,"aadt_su":635,"aadt_cu":143,"f_system":3,"f_system_t":"Principal Arterial","facility_type":2,"facility_type_t":"two way","maint_op":1,"maint_op_t":"State Highway","ownership":1,"ownership_t":"State Highway","through_lanes":3,"urban_id":99998,"urban_id_t":"Small Urban"}},{"type":"Feature","id":763,"geometry":{"type":"LineString","coordinates":[[-159.36892940048818,21.977016459526844],[-159.36887566252918,21.97707662601265],[-159.36880601733154,21.977170014494796],[-159.36874638508837,21.97726991146277],[-159.36857907160126,21.977642737257849],[-159.3683557515655,21.978249743335745],[-159.36764223350929,21.981029126406664]]},"properties":{"st_length(shape)":466.02456049011698,"objectid":763,"year_record":2024,"island":"Kauai","route_id":"56","bmp":0.13,"emp":0.42000000000000004,"route_name":"Kuhio Highway","county_id":7,"county_id_t":"Kauai County","aadt":30388,"aadt_su":635,"aadt_cu":143,"f_system":3,"f_system_t":"Principal Arterial","facility_type":2,"facility_type_t":"two way","maint_op":1,"maint_op_t":"State Highway","ownership":1,"ownership_t":"State Highway","through_lanes":4,"urban_id":99998,"urban_id_t":"Small Urban"}},{"type":"Feature","id":764,"geometry":{"type":"LineString","coordinates":[[-159.36764223350929,21.981029126406664],[-159.36741636440689,21.981908938414549],[-159.36718310875969,21.982717686216226]]},"properties":{"st_length(shape)":192.83773888022813,"objectid":764,"year_record":2024,"island":"Kauai","route_id":"56","bmp":0.42000000000000004,"emp":0.54000000000000004,"route_name":"Kuhio Highway","county_id":7,"county_id_t":"Kauai County","aadt":23814,"aadt_su":497,"aadt_cu":112,"f_system":3,"f_system_t":"Principal Arterial","facility_type":2,"facility_type_t":"two way","maint_op":1,"maint_op_t":"State Highway","ownership":1,"ownership_t":"State Highway","through_lanes":4,"urban_id":99998,"urban_id_t":"Small Urban"}},{"type":"Feature","id":765,"geometry":{"type":"LineString","coordinates":[[-159.36718310875969,21.982717686216226],[-159.36715619034405,21.982811017224066],[-159.36667027381642,21.984652834295801],[-159.36648427055738,21.985390563042298],[-159.3663067894187,21.986131505939429],[-159.36623276257447,21.986475544896539],[-159.36621015434918,21.986619403905273],[-159.36619673667229,21.98679332620895],[-159.36619364302399,21.986996965968963],[-159.36620267244743,21.987405928962392],[-159.36618651198981,21.9876106820033],[-159.36613805437295,21.987811773173597],[-159.36598827238899,21.988195668416953],[-159.36594238306407,21.988334329376265],[-159.36590752565274,21.988505261157169],[-159.36589777080317,21.988679441750516],[-159.36591385998611,21.988882308700507],[-159.36595206443542,21.989052913096796],[-159.36601104390385,21.989218603376639],[-159.36618042317684,21.989625014911532],[-159.36623404965232,21.98979809998972],[-159.3662506397159,21.989925632033518]]},"properties":{"st_length(shape)":819.56043946833051,"objectid":765,"year_record":2024,"island":"Kauai","route_id":"56","bmp":0.54000000000000004,"emp":1.05,"route_name":"Kuhio Highway","county_id":7,"county_id_t":"Kauai County","aadt":23814,"aadt_su":497,"aadt_cu":112,"f_system":3,"f_system_t":"Principal Arterial","facility_type":2,"facility_type_t":"two way","maint_op":1,"maint_op_t":"State Highway","ownership":1,"ownership_t":"State Highway","through_lanes":3,"urban_id":99998,"urban_id_t":"Small Urban"}},{"type":"Feature","id":766,"geometry":{"type":"LineString","coordinates":[[-159.3662506397159,21.989925632033518],[-159.36626461894869,21.99003309175119],[-159.36626016992091,21.990299288953494],[-159.36623784792587,21.990474856360606],[-159.36619387782804,21.990705878522462],[-159.36614333479636,21.990906309350461],[-159.36610537504941,21.991019790790975],[-159.36604471528938,21.991155595485271],[-159.36598428243448,21.991260182936138],[-159.36591378452758,21.991359132734502],[-159.36584558119441,21.991438342546701]]},"properties":{"st_length(shape)":176.76788356360061,"objectid":766,"year_record":2024,"island":"Kauai","route_id":"56","bmp":1.05,"emp":1.1599999999999999,"route_name":"Kuhio Highway","county_id":7,"county_id_t":"Kauai County","aadt":23814,"aadt_su":497,"aadt_cu":112,"f_system":3,"f_system_t":"Principal Arterial","facility_type":2,"facility_type_t":"two way","maint_op":1,"maint_op_t":"State Highway","ownership":1,"ownership_t":"State Highway","through_lanes":2,"urban_id":99998,"urban_id_t":"Small Urban"}},{"type":"Feature","id":767,"geometry":{"type":"LineString","coordinates":[[-159.36584558119441,21.991438342546701],[-159.36581382699572,21.99147522148516],[-159.36572546309213,21.991559973658941],[-159.36560687835791,21.991655170098106],[-159.36548039512337,21.991740787662327],[-159.3653740968378,21.99180171331092],[-159.36523431707036,21.991867084297301],[-159.3651174709822,21.991909421405257],[-159.36499794242306,21.991943050677556],[-159.36484411713781,21.99197333750573],[-159.36465733821353,21.991992494731132],[-159.36443839674581,21.991990889766065],[-159.36428280332726,21.991974114156317],[-159.3638238377724,21.99189368169732],[-159.36369936116671,21.991876586268003]]},"properties":{"st_length(shape)":241.0472189628745,"objectid":767,"year_record":2024,"island":"Kauai","route_id":"56","bmp":1.1599999999999999,"emp":1.3100000000000001,"route_name":"Kuhio Highway","county_id":7,"county_id_t":"Kauai County","aadt":19127,"aadt_su":399,"aadt_cu":90,"f_system":3,"f_system_t":"Principal Arterial","facility_type":2,"facility_type_t":"two way","maint_op":1,"maint_op_t":"State Highway","ownership":1,"ownership_t":"State Highway","through_lanes":2,"urban_id":99998,"urban_id_t":"Small Urban"}},{"type":"Feature","id":768,"geometry":{"type":"LineString","coordinates":[[-159.36369936116671,21.991876586268003],[-159.363609682793,21.991864270539555],[-159.36336291627219,21.991848777524975],[-159.36311506973709,21.991852344691448],[-159.36271351700745,21.9918836646033],[-159.36228379627579,21.991942027112135],[-159.36182702456372,21.992026809772565],[-159.36140518276187,21.992128435739271],[-159.36065388306739,21.99235309176192]]},"properties":{"st_length(shape)":321.39625309331916,"objectid":768,"year_record":2024,"island":"Kauai","route_id":"56","bmp":1.3100000000000001,"emp":1.51,"route_name":"Kuhio Highway","county_id":7,"county_id_t":"Kauai County","aadt":19127,"aadt_su":399,"aadt_cu":90,"f_system":3,"f_system_t":"Principal Arterial","facility_type":2,"facility_type_t":"two way","maint_op":1,"maint_op_t":"State Highway","ownership":1,"ownership_t":"State Highway","through_lanes":3,"urban_id":99998,"urban_id_t":"Small Urban"}},{"type":"Feature","id":769,"geometry":{"type":"LineString","coordinates":[[-159.36065388306739,21.99235309176192],[-159.35883911967471,21.992895731240338],[-159.35809610519144,21.993130839262122],[-159.35768430045547,21.993261142568521],[-159.3574204269087,21.993355805144752],[-159.35690214337529,21.993559089251768],[-159.35512050853637,21.994282906429891],[-159.35481098506614,21.994422367008838],[-159.35456552970035,21.994550409031941],[-159.35430076199586,21.994704618221629],[-159.35401862021922,21.99488851193022],[-159.35382292666341,21.995032036198577],[-159.35322883253431,21.995541159176661]]},"properties":{"st_length(shape)":851.70005748635481,"objectid":769,"year_record":2024,"island":"Kauai","route_id":"56","bmp":1.51,"emp":2.04,"route_name":"Kuhio Highway","county_id":7,"county_id_t":"Kauai County","aadt":19127,"aadt_su":399,"aadt_cu":90,"f_system":3,"f_system_t":"Principal Arterial","facility_type":2,"facility_type_t":"two way","maint_op":1,"maint_op_t":"State Highway","ownership":1,"ownership_t":"State Highway","through_lanes":2,"urban_id":99998,"urban_id_t":"Small Urban"}},{"type":"Feature","id":770,"geometry":{"type":"LineString","coordinates":[[-159.35322883253431,21.995541159176661],[-159.35306103613445,21.995684954935513],[-159.35113210429057,21.997309199685184],[-159.35070216222849,21.997692520589673],[-159.35040358893718,21.997991446360963],[-159.35006791055537,21.998376081993484],[-159.34979649166695,21.998733271483914],[-159.3492939900712,21.999474256393761],[-159.34917086826974,21.999644607377626],[-159.34899278067522,21.999851507547799],[-159.34880934539873,22.000011875236982],[-159.34866148620321,22.000121437775132],[-159.34853027620522,22.000203993364281],[-159.34838979186171,22.000273853470386],[-159.34824364338493,22.000329236038695],[-159.3478198338141,22.000446964335556],[-159.34687476086441,22.000668760448917],[-159.34684881378141,22.000675521595813],[-159.34679991613834,22.000689868710133],[-159.34680026113497,22.000691506829323]]},"properties":{"st_length(shape)":899.90939448793483,"objectid":770,"year_record":2024,"island":"Kauai","route_id":"56","bmp":2.04,"emp":2.6000000000000001,"route_name":"Kuhio Highway","county_id":7,"county_id_t":"Kauai County","aadt":14185,"aadt_su":508,"aadt_cu":31,"f_system":3,"f_system_t":"Principal Arterial","facility_type":2,"facility_type_t":"two way","maint_op":1,"maint_op_t":"State Highway","ownership":1,"ownership_t":"State Highway","through_lanes":2,"urban_id":99998,"urban_id_t":"Small Urban"}},{"type":"Feature","id":771,"geometry":{"type":"LineString","coordinates":[[-159.34680026113497,22.000691506829323],[-159.34681129604499,22.000743867929671],[-159.34689649535099,22.00117609895187],[-159.34692937819833,22.001407144989585]]},"properties":{"st_length(shape)":80.349084595322338,"objectid":771,"year_record":2024,"island":"Kauai","route_id":"56","bmp":2.6000000000000001,"emp":2.6499999999999999,"route_name":"Kuhio Highway","county_id":7,"county_id_t":"Kauai County","aadt":33190,"aadt_su":693,"aadt_cu":156,"f_system":3,"f_system_t":"Principal Arterial","facility_type":2,"facility_type_t":"two way","maint_op":1,"maint_op_t":"State Highway","ownership":1,"ownership_t":"State Highway","through_lanes":2,"urban_id":99998,"urban_id_t":"Small Urban"}},{"type":"Feature","id":799,"geometry":{"type":"LineString","coordinates":[[-159.50554502673722,22.201616945092773],[-159.50410667931845,22.201663965048535],[-159.5039839954797,22.201680819401759],[-159.50396885381562,22.201684735570215],[-159.50383360427321,22.201719716765005],[-159.50317917553312,22.201925764629426],[-159.50297501793736,22.201999188529427],[-159.50264787747201,22.202095063977893],[-159.5024767031249,22.202166472916723],[-159.50231256231939,22.202251277416448],[-159.50227428589642,22.202273075515826],[-159.50137607422261,22.202784595290623],[-159.50127203362189,22.20284301931801],[-159.50051681370579,22.203267112054689],[-159.50018918153461,22.20343993294194],[-159.50014748201545,22.203464823497661],[-159.50003105959308,22.203534312697894],[-159.49963343552665,22.203817528154744],[-159.49907491831732,22.204243329604029],[-159.49845140943043,22.204734908464228],[-159.49834275181021,22.204838339998943],[-159.4981221611996,22.205085460674962],[-159.49787176071817,22.205421833322742],[-159.49773693156286,22.205619332511123],[-159.49758516015217,22.205874169473301],[-159.49758445664671,22.205875509573001],[-159.49717222311517,22.206661260010158],[-159.49707902958542,22.206877879540627],[-159.49703154711571,22.207010486928329],[-159.49699986773888,22.207098956965314],[-159.49688143898595,22.207491932990681],[-159.4965876010175,22.208538188983809],[-159.49647459383684,22.208963009580501],[-159.49641516891222,22.209219745495897],[-159.49636616720804,22.20953788143062],[-159.49631555594576,22.209973058911956],[-159.496279491802,22.210351151657004],[-159.49624692958579,22.210817713592469],[-159.49614577786966,22.212539089318543],[-159.49612467517349,22.213005100340574]]},"properties":{"st_length(shape)":1796.2963464852583,"objectid":799,"year_record":2024,"island":"Kauai","route_id":"565","bmp":0,"emp":1.1100000000000001,"route_name":"Weke Road","county_id":7,"county_id_t":"Kauai County","aadt":1003,"aadt_su":27,"aadt_cu":2,"f_system":6,"f_system_t":"Minor Collector","facility_type":2,"facility_type_t":"two way","maint_op":2,"maint_op_t":"County Highway","ownership":2,"ownership_t":"County Highway","through_lanes":2,"urban_id":99999,"urban_id_t":"Rural"}},{"type":"Feature","id":807,"geometry":{"type":"LineString","coordinates":[[-159.36894745768424,21.976996242287139],[-159.36875762262179,21.976857502084602],[-159.36865178828509,21.976799176648299],[-159.36850920538774,21.976741971706378],[-159.36833136416587,21.976686438534418],[-159.36720684629171,21.976425847455378],[-159.36613862551326,21.976196145584279],[-159.36601665128259,21.97617547572565],[-159.36592448332848,21.976167601695529],[-159.36580073935556,21.976168814374049],[-159.36576243717545,21.976172588494652]]},"properties":{"st_length(shape)":344.88210165416785,"objectid":807,"year_record":2024,"island":"Kauai","route_id":"5720","bmp":0,"emp":0.21000000000000002,"route_name":"Hardy Street","county_id":7,"county_id_t":"Kauai County","aadt":7056,"aadt_su":217,"aadt_cu":9,"f_system":5,"f_system_t":"Major Collector","facility_type":2,"facility_type_t":"two way","maint_op":2,"maint_op_t":"County Highway","ownership":2,"ownership_t":"County Highway","through_lanes":2,"urban_id":99998,"urban_id_t":"Small Urban"}},{"type":"Feature","id":772,"geometry":{"type":"LineString","coordinates":[[-159.34692937819833,22.001407144989585],[-159.34694580881177,22.001522587619434],[-159.34696754299415,22.001756050447867],[-159.34697796675795,22.001989600437653],[-159.34697918233564,22.002253100116597],[-159.34696495131951,22.002545650202467],[-159.34693845411655,22.002807884045268],[-159.34689624021962,22.003096931023769],[-159.34684703076707,22.003356251389015],[-159.34674827822371,22.003784110153831],[-159.34601862923196,22.006829250299742],[-159.34576138062994,22.007942698715897],[-159.34550270912501,22.009232993338848],[-159.34514011290577,22.011277284540874],[-159.34504222385786,22.011735500387168],[-159.34487648720099,22.012419899581833],[-159.34401085452899,22.015859631409107],[-159.34388743066381,22.016312706078313],[-159.34378111306236,22.01664977337494],[-159.34364805181792,22.017009109623388],[-159.34351856071913,22.017307516393299],[-159.34215726225733,22.020101331573223],[-159.34204632352609,22.020342204196265],[-159.34194887042955,22.020588542440191],[-159.34186756620701,22.020839777024062],[-159.34178519576534,22.021150742198358],[-159.34172056865287,22.021465607530256],[-159.34167656078441,22.021812660159796],[-159.34165902405735,22.02219124826059],[-159.34166801971622,22.022511676111744],[-159.34170135266336,22.022830246319192],[-159.34175162775213,22.023117731659013],[-159.341833633292,22.023488511429729],[-159.34224130986104,22.025199930561708],[-159.34255150469986,22.026451950242066],[-159.34259026797289,22.026712557435506],[-159.34260757671024,22.026945850534798],[-159.34260740394424,22.027208787784271],[-159.34259016264167,22.027471271049617],[-159.34256142078138,22.027703635007057],[-159.3425058783973,22.028050205783224],[-159.34168216044671,22.032863092942272],[-159.34147638396072,22.034220762149133],[-159.34122302615052,22.03571858873509],[-159.34113167965907,22.036207871369488],[-159.34107160019073,22.036464899023336],[-159.34097826345575,22.036804542402066],[-159.34069862083234,22.037701193360881],[-159.34019676320969,22.039389586081523],[-159.34010486692293,22.039669397326051],[-159.34000544874343,22.03991605520125],[-159.33985986928914,22.040207405363962],[-159.33966899631542,22.04051091660045],[-159.33848162313507,22.042196459035232],[-159.3379930689259,22.042877200657529],[-159.33771964217081,22.043269244604424],[-159.33753812403688,22.043545458266166],[-159.33738060732603,22.043762350246382],[-159.33728708291102,22.043808043795124],[-159.33717076236013,22.043904313665539],[-159.33701832283694,22.044005453258485],[-159.33689198252276,22.04409228362718],[-159.33675405271046,22.044211443867074],[-159.33665712248779,22.044326803852027],[-159.33659803201954,22.044430683676548],[-159.33653471288684,22.044595843511711],[-159.33647717425762,22.044793396952603],[-159.33647708294222,22.044793713344458],[-159.33639673291202,22.045076613774754],[-159.33631378204439,22.045358504034091],[-159.3362297822936,22.045640393688711],[-159.33616293273187,22.045865843585311],[-159.33611263272354,22.046035284115021],[-159.33607015283039,22.046176243878051],[-159.33602589229181,22.046316244215358],[-159.33597638243211,22.046453943406629],[-159.33585815219772,22.046724124027396],[-159.33585452313696,22.046832617498353],[-159.33567883603735,22.047236293443966]]},"properties":{"st_length(shape)":5320.2671186173138,"objectid":772,"year_record":2024,"island":"Kauai","route_id":"56","bmp":2.6499999999999999,"emp":5.96,"route_name":"Kuhio Highway","county_id":7,"county_id_t":"Kauai County","aadt":33190,"aadt_su":693,"aadt_cu":156,"f_system":3,"f_system_t":"Principal Arterial","facility_type":2,"facility_type_t":"two way","maint_op":1,"maint_op_t":"State Highway","ownership":1,"ownership_t":"State Highway","through_lanes":3,"urban_id":99998,"urban_id_t":"Small Urban"}},{"type":"Feature","id":773,"geometry":{"type":"LineString","coordinates":[[-159.33567883603735,22.047236293443966],[-159.33545845635359,22.047742654547683],[-159.33417574360499,22.050755712195812],[-159.33402411303072,22.051138959171777],[-159.33383046721278,22.051540580921362],[-159.33371406655888,22.051748082743355],[-159.33360391121644,22.051925638076867],[-159.33346744740302,22.052122647398967],[-159.33332217968362,22.052314340623511],[-159.33295431686054,22.052752704718891],[-159.33269691376674,22.053011068919226],[-159.33243957307306,22.053228523023357],[-159.33209731389039,22.053485018626649],[-159.33170848573536,22.053734423739854],[-159.33088088003333,22.05420909289743],[-159.33032756993609,22.054539655213869],[-159.32821294581814,22.055738214153902],[-159.32748139290999,22.056139111918132],[-159.32587689508708,22.057053606960196],[-159.32514774485676,22.057451936460904],[-159.32488359821519,22.057605688030076],[-159.32473296133352,22.057708156094002],[-159.32452289307793,22.057879788172244],[-159.32423863112822,22.058148974972429],[-159.32384344057598,22.058561720588205],[-159.32347470405554,22.058960169335219],[-159.32244275883383,22.060023670778463],[-159.32201188946343,22.060408149500478],[-159.32115343921242,22.061136424245063],[-159.32088555004736,22.061376970209157],[-159.3207437472079,22.061530929629935],[-159.32072265614772,22.061555760450435]]},"properties":{"st_length(shape)":2282.4076051462343,"objectid":773,"year_record":2024,"island":"Kauai","route_id":"56","bmp":5.96,"emp":7.3799999999999999,"route_name":"Kuhio Highway","county_id":7,"county_id_t":"Kauai County","aadt":30065,"aadt_su":628,"aadt_cu":142,"f_system":3,"f_system_t":"Principal Arterial","facility_type":2,"facility_type_t":"two way","maint_op":1,"maint_op_t":"State Highway","ownership":1,"ownership_t":"State Highway","through_lanes":3,"urban_id":99998,"urban_id_t":"Small Urban"}},{"type":"Feature","id":774,"geometry":{"type":"LineString","coordinates":[[-159.32072265614772,22.061555760450435],[-159.32043253274512,22.061897329422038],[-159.32025790498494,22.062137890475867],[-159.32012851861123,22.062336361027786],[-159.32002840191893,22.0625162546262],[-159.31995797114899,22.062675981360268],[-159.31989359841256,22.062870009762218],[-159.31943250374056,22.064567917005366],[-159.31934680197733,22.06499639230627],[-159.31930387546285,22.065372523719237],[-159.31929069595569,22.065662563429814],[-159.3192971359851,22.066011872928478],[-159.31953207381289,22.071119937614235],[-159.31953282500075,22.071325149555037],[-159.31952411386848,22.071500486088375],[-159.3194726707425,22.071967043719024],[-159.31933394982067,22.072870245500894]]},"properties":{"st_length(shape)":1285.8633126352715,"objectid":774,"year_record":2024,"island":"Kauai","route_id":"56","bmp":7.3799999999999999,"emp":8.1799999999999997,"route_name":"Kuhio Highway","county_id":7,"county_id_t":"Kauai County","aadt":30065,"aadt_su":628,"aadt_cu":142,"f_system":3,"f_system_t":"Principal Arterial","facility_type":2,"facility_type_t":"two way","maint_op":1,"maint_op_t":"State Highway","ownership":1,"ownership_t":"State Highway","through_lanes":2,"urban_id":99998,"urban_id_t":"Small Urban"}},{"type":"Feature","id":775,"geometry":{"type":"LineString","coordinates":[[-159.31933394982067,22.072870245500894],[-159.31925040236627,22.073414218075133],[-159.31921207578961,22.073617860162507],[-159.31916975000416,22.073789215727132],[-159.31910269355228,22.073984688030421],[-159.31850546320203,22.075522515016491],[-159.31840058705689,22.075827542922543],[-159.31832912656523,22.075994259784022],[-159.31828434201992,22.076073952504004],[-159.31823152966777,22.076148027893023],[-159.3180848948752,22.076303288033156],[-159.3179657340435,22.076400192146206],[-159.3175371316384,22.076694442599688],[-159.31737052388087,22.076824533142183],[-159.31717166125182,22.077007679951993],[-159.31672918254611,22.077462367000123],[-159.31654969052511,22.077629675311069],[-159.31635183994942,22.07778032159143],[-159.31580791219372,22.078125555669395],[-159.31555741986182,22.078299566170838],[-159.3153216585803,22.078489707689751],[-159.31519678419372,22.078618265543302],[-159.31503583789325,22.078832361660925],[-159.31271539604862,22.082159738401788],[-159.31253350342186,22.082399938991937],[-159.31252217817811,22.082412110974289]]},"properties":{"st_length(shape)":1301.9367014392299,"objectid":775,"year_record":2024,"island":"Kauai","route_id":"56","bmp":8.1799999999999997,"emp":8.9900000000000002,"route_name":"Kuhio Highway","county_id":7,"county_id_t":"Kauai County","aadt":19547,"aadt_su":290,"aadt_cu":58,"f_system":3,"f_system_t":"Principal Arterial","facility_type":2,"facility_type_t":"two way","maint_op":1,"maint_op_t":"State Highway","ownership":1,"ownership_t":"State Highway","through_lanes":2,"urban_id":99998,"urban_id_t":"Small Urban"}},{"type":"Feature","id":776,"geometry":{"type":"LineString","coordinates":[[-159.31252217817811,22.082412110974289],[-159.31220415770886,22.08275393072309],[-159.31152680791607,22.083440623900152],[-159.31119036778074,22.083745228929821],[-159.31055042566214,22.084302887440405],[-159.31032922778633,22.084508944321037],[-159.3100388838935,22.084814147013738],[-159.30980958965918,22.085091019163769],[-159.30956781513441,22.085430706261231],[-159.30944256863231,22.085632119073658],[-159.30934068808457,22.085812887394237],[-159.30917097052489,22.086157022498963],[-159.30873583417969,22.087125813240043],[-159.30861035960606,22.08736088520768],[-159.30848404560444,22.087563151224707],[-159.30829137791201,22.087829285223822],[-159.30809621330891,22.088058324936554],[-159.30792698592148,22.088230562517875],[-159.30731750963605,22.088816788168444],[-159.30719459842362,22.088947112375561],[-159.30712015416745,22.089039092997329],[-159.30703565577033,22.08916179218032],[-159.30697717243277,22.08926366340798],[-159.30691489987032,22.089395686729198],[-159.30683767885731,22.089614623478859],[-159.30678929839536,22.089840839270824],[-159.30676937046914,22.090070565715745],[-159.3067780998212,22.090301588112975],[-159.30680179566031,22.090444604773239],[-159.30684490421578,22.090613806358604],[-159.30720670754528,22.091793280732539],[-159.30737768116691,22.092386314324706],[-159.30737989581934,22.092395503537304]]},"properties":{"st_length(shape)":1318.0099363935356,"objectid":776,"year_record":2024,"island":"Kauai","route_id":"56","bmp":8.9900000000000002,"emp":9.8100000000000005,"route_name":"Kuhio Highway","county_id":7,"county_id_t":"Kauai County","aadt":14787,"aadt_su":253,"aadt_cu":104,"f_system":3,"f_system_t":"Principal Arterial","facility_type":2,"facility_type_t":"two way","maint_op":1,"maint_op_t":"State Highway","ownership":1,"ownership_t":"State Highway","through_lanes":2,"urban_id":99998,"urban_id_t":"Small Urban"}},{"type":"Feature","id":777,"geometry":{"type":"LineString","coordinates":[[-159.30737989581934,22.092395503537304],[-159.30742584108381,22.092586126402391],[-159.30745518360257,22.092788999465174],[-159.30746204620132,22.093024040122788],[-159.30744317959622,22.093286473498612],[-159.3074017222844,22.093548382895314],[-159.30734450956331,22.093746186000011],[-159.30712262932414,22.094378356688559]]},"properties":{"st_length(shape)":225.02613191456811,"objectid":777,"year_record":2024,"island":"Kauai","route_id":"56","bmp":9.8100000000000005,"emp":9.9499999999999993,"route_name":"Kuhio Highway","county_id":7,"county_id_t":"Kauai County","aadt":14787,"aadt_su":253,"aadt_cu":104,"f_system":4,"f_system_t":"Minor Arterial","facility_type":2,"facility_type_t":"two way","maint_op":1,"maint_op_t":"State Highway","ownership":1,"ownership_t":"State Highway","through_lanes":2,"urban_id":99998,"urban_id_t":"Small Urban"}},{"type":"Feature","id":778,"geometry":{"type":"LineString","coordinates":[[-159.30712262932414,22.094378356688559],[-159.30619412081572,22.097023751130479],[-159.30591338097796,22.097765704791566],[-159.30558917483646,22.098680684990239],[-159.30512133874973,22.10006797016473],[-159.30397268641781,22.103348734713858]]},"properties":{"st_length(shape)":1044.7639884588723,"objectid":778,"year_record":2024,"island":"Kauai","route_id":"56","bmp":9.9499999999999993,"emp":10.6,"route_name":"Kuhio Highway","county_id":7,"county_id_t":"Kauai County","aadt":15698,"aadt_su":285,"aadt_cu":77,"f_system":4,"f_system_t":"Minor Arterial","facility_type":2,"facility_type_t":"two way","maint_op":1,"maint_op_t":"State Highway","ownership":1,"ownership_t":"State Highway","through_lanes":2,"urban_id":99998,"urban_id_t":"Small Urban"}},{"type":"Feature","id":779,"geometry":{"type":"LineString","coordinates":[[-159.30397268641781,22.103348734713858],[-159.30326043226353,22.10538298821643],[-159.30299674483786,22.106163092998909],[-159.30283589346021,22.106697243255901],[-159.30265942725006,22.107408828148632],[-159.30245227697696,22.108383330570948],[-159.30172425933225,22.11193162990741],[-159.30139372910082,22.113506987493334],[-159.30099852163923,22.115457965325398],[-159.3006371798121,22.117178353641023],[-159.30056803078494,22.117551994314397],[-159.30049668434731,22.118014864015905],[-159.30045228065154,22.118392216461281],[-159.30042533896136,22.118741560094492],[-159.30040787514346,22.119150015171662],[-159.30040575815727,22.11955895605174],[-159.30041805656515,22.119879715052786],[-159.30044664280831,22.120257819395786],[-159.3004844198359,22.120634864240021],[-159.3005305009215,22.120952490247351],[-159.30068044077632,22.121725145743039],[-159.30198880381508,22.127568895073352],[-159.30356297512836,22.134515806125624],[-159.30365769229516,22.134884241348598],[-159.30377997411864,22.135276273447928],[-159.30389652097548,22.135608272168163],[-159.30401876107965,22.135908861381296],[-159.30411720219374,22.136123725656098],[-159.30423831720231,22.136361018675849],[-159.30452382310617,22.136847306237652],[-159.30480172964403,22.137270197331432],[-159.30517845603487,22.137771965229714],[-159.3053513081542,22.137979068163453],[-159.30553255721861,22.138180120256283],[-159.30595946225998,22.138607660264437],[-159.30638634363609,22.138993926760115],[-159.30674184798644,22.139279479770106],[-159.30706683911203,22.139508270753183],[-159.30742847826363,22.139739984202841],[-159.30777680659972,22.13993583129777],[-159.3081077357939,22.140103140356661],[-159.30903961147902,22.140523705522341],[-159.31176030953515,22.141705211208251]]},"properties":{"st_length(shape)":4741.6212630205409,"objectid":779,"year_record":2024,"island":"Kauai","route_id":"56","bmp":10.6,"emp":13.550000000000001,"route_name":"Kuhio Highway","county_id":7,"county_id_t":"Kauai County","aadt":18435,"aadt_su":265,"aadt_cu":62,"f_system":4,"f_system_t":"Minor Arterial","facility_type":2,"facility_type_t":"two way","maint_op":1,"maint_op_t":"State Highway","ownership":1,"ownership_t":"State Highway","through_lanes":2,"urban_id":99998,"urban_id_t":"Small Urban"}},{"type":"Feature","id":780,"geometry":{"type":"LineString","coordinates":[[-159.31176030953515,22.141705211208251],[-159.31248277021189,22.142018940767198],[-159.3129629357154,22.14223624167726],[-159.31320980726829,22.142364602728641],[-159.3134208491403,22.142491870412844],[-159.31362258886168,22.142632440654733],[-159.31378823391267,22.142767046039896],[-159.31394356261811,22.142911993706079],[-159.31413010868434,22.143109150941633],[-159.31428365615628,22.14329494491988],[-159.3144212030476,22.143491280097066],[-159.31454245416745,22.143695817195781],[-159.31466128128338,22.14393485909644],[-159.31486961303355,22.144392987294442],[-159.31557173928877,22.145986272143489],[-159.31563398805,22.146151335915686],[-159.31567731554242,22.146291623545491],[-159.31570959669651,22.146434261581039],[-159.31573089110421,22.146578589505868],[-159.31574423503744,22.146752830043923],[-159.31574567259216,22.146928229232621],[-159.31573295614461,22.147102788516694],[-159.31570736047732,22.147275875735346],[-159.31510216482974,22.150251483203753],[-159.31499295914884,22.150852882723711],[-159.31494595767128,22.151228895329961],[-159.3149143253641,22.151605207085844],[-159.31489873197958,22.152012536945549],[-159.31490100913436,22.152303308770914],[-159.31492295110132,22.152622239577099],[-159.31497268639535,22.152997322697246],[-159.31506629013475,22.153485131451564],[-159.31518317259281,22.153999087375542],[-159.31577919105345,22.156449956741714],[-159.31593817183671,22.157014478438484],[-159.31616825942444,22.15771189298373],[-159.3163236962499,22.158124477786458],[-159.31649660068368,22.158531144476573],[-159.31673593496018,22.159038110756303],[-159.31692410941574,22.159406210588788],[-159.31715406633148,22.159821121412651],[-159.31740013629542,22.160227408905275],[-159.31767588100323,22.160649581900582],[-159.31794993215163,22.161039017427605],[-159.31835197493922,22.161559878294689],[-159.31881059178116,22.162120856286165]]},"properties":{"st_length(shape)":2529.9362417897264,"objectid":780,"year_record":2024,"island":"Kauai","route_id":"56","bmp":13.550000000000001,"emp":15.124000000000001,"route_name":"Kuhio Highway","county_id":7,"county_id_t":"Kauai County","aadt":16528,"aadt_su":275,"aadt_cu":71,"f_system":4,"f_system_t":"Minor Arterial","facility_type":2,"facility_type_t":"two way","maint_op":1,"maint_op_t":"State Highway","ownership":1,"ownership_t":"State Highway","through_lanes":2,"urban_id":99998,"urban_id_t":"Small Urban"}},{"type":"Feature","id":781,"geometry":{"type":"LineString","coordinates":[[-159.31881059178116,22.162120856286165],[-159.32476161128974,22.169399596671738],[-159.32494508931282,22.169636419633839],[-159.32513583390067,22.169904923735057],[-159.32529508844908,22.170156354226599],[-159.32541136237484,22.170363581630575],[-159.32554290088166,22.170628595104812],[-159.32564864010686,22.170872533352284],[-159.32574133439849,22.17112092890018],[-159.3258288286915,22.171401564548997],[-159.32590044672773,22.171685834748839],[-159.32595038077318,22.171944067225343],[-159.32599385233527,22.172262120387479],[-159.32601300678863,22.172494625145969],[-159.32601904402031,22.172727770462483],[-159.3260133769507,22.173019081043371],[-159.32600074258835,22.17322330704452],[-159.32597298277508,22.173484874898545],[-159.32592271112807,22.173803391918163],[-159.32573006552377,22.174690305449051],[-159.32569061898747,22.174949074266308],[-159.32567566969468,22.175268277646797],[-159.32568316767714,22.175442194025393],[-159.32569920513757,22.175586092334974],[-159.32573096795323,22.175757745008557],[-159.32578351096626,22.17595469816062],[-159.32584873086807,22.176148691614117],[-159.32593013174693,22.176336971025016],[-159.32602674446608,22.176519462419815],[-159.32611936335886,22.176670146666943],[-159.3262405458957,22.176838519690978],[-159.32637501646516,22.176997982613287],[-159.3265898829147,22.177207618742308],[-159.32682611052084,22.177396794297682],[-159.32705642799624,22.177545474423617],[-159.32732825253547,22.177686348362766],[-159.33080483776268,22.179132780402092]]},"properties":{"st_length(shape)":2420.6378204361063,"objectid":781,"year_record":2024,"island":"Kauai","route_id":"56","bmp":15.124000000000001,"emp":16.629999999999999,"route_name":"Kuhio Highway","county_id":7,"county_id_t":"Kauai County","aadt":16528,"aadt_su":275,"aadt_cu":71,"f_system":4,"f_system_t":"Minor Arterial","facility_type":2,"facility_type_t":"two way","maint_op":1,"maint_op_t":"State Highway","ownership":1,"ownership_t":"State Highway","through_lanes":2,"urban_id":99999,"urban_id_t":"Rural"}},{"type":"Feature","id":821,"geometry":{"type":"LineString","coordinates":[[-159.37258426435579,22.054324895857832],[-159.37589182338351,22.055430274756418],[-159.37627064339031,22.055570644928807],[-159.37927269513159,22.056753320495378],[-159.37941938047081,22.056800884324378],[-159.37951044643071,22.05681252989114],[-159.37960284105321,22.05680925749752],[-159.38059728234674,22.056703030358292],[-159.3825301118556,22.056513782645766],[-159.38327104118167,22.056431587507266]]},"properties":{"st_length(shape)":1156.7491009617147,"objectid":821,"year_record":2024,"island":"Kauai","route_id":"580","bmp":2.77,"emp":3.4900000000000002,"route_name":"Kuamoo Road","county_id":7,"county_id_t":"Kauai County","aadt":3342,"aadt_su":25,"aadt_cu":16,"f_system":5,"f_system_t":"Major Collector","facility_type":2,"facility_type_t":"two way","maint_op":1,"maint_op_t":"State Highway","ownership":1,"ownership_t":"State Highway","through_lanes":2,"urban_id":99998,"urban_id_t":"Small Urban"}},{"type":"Feature","id":782,"geometry":{"type":"LineString","coordinates":[[-159.33080483776268,22.179132780402092],[-159.33350085133515,22.180254384051327],[-159.33387564157638,22.180402452361143],[-159.33416758173766,22.180508373258256],[-159.33449366783123,22.180612613632942],[-159.3348232967972,22.180704932594125],[-159.33515682371896,22.180785795558794],[-159.33549356763058,22.180855637550476],[-159.33586374103209,22.18091705054476],[-159.33617423489986,22.180957119532607],[-159.33654817829137,22.180991215342914],[-159.33692347368185,22.18101131614613],[-159.33726806287842,22.181015440225295],[-159.33758165922305,22.181008706275783],[-159.3379252163476,22.180989312227762],[-159.33829908162252,22.180952482567989],[-159.338640175541,22.180907956122713],[-159.33897860141607,22.180849970766637],[-159.33931465324937,22.180779813286073],[-159.33979893072069,22.180660203361384],[-159.34590168305627,22.179075300470757],[-159.34698691966813,22.178799980053174],[-159.34750614529881,22.178692541430529],[-159.34800019609384,22.178615234459716],[-159.34856063309252,22.178553970682387],[-159.34906044635574,22.178522942388838],[-159.34946803093857,22.178515590386606],[-159.34984414060619,22.178521864442846],[-159.3502815153488,22.178546417754955],[-159.3506564360859,22.178580535141901],[-159.35106006136328,22.178630294064135],[-159.35143091879081,22.178688849734836],[-159.35192062022259,22.17878863412211],[-159.35228453228694,22.178878363765048],[-159.35273489188236,22.179006664218221],[-159.35309059616779,22.179121765329004],[-159.35346979093472,22.179262945357657],[-159.35392644034218,22.179454375509227],[-159.35429137655197,22.179623744310906],[-159.35464910465612,22.179807476157045],[-159.35505232116719,22.180033969261782],[-159.35539095642639,22.180246193494277],[-159.35584488835687,22.180560385920788],[-159.35620969919586,22.18083925015571],[-159.35901275453173,22.183125631557971],[-159.35928982825288,22.18336114326436],[-159.35948967114138,22.183546554791537],[-159.35967888536777,22.183742065411256],[-159.35989670751573,22.183992039648199],[-159.36008257446079,22.184227958272295],[-159.36023531877413,22.184449341549573],[-159.36039323555573,22.184702183085662],[-159.36053734148356,22.184962662746305],[-159.36066595722258,22.185229589056327],[-159.36077814853073,22.185502955990607],[-159.36086549937869,22.185752839160909],[-159.36094021347861,22.18600682741943],[-159.36099537196031,22.186235154765868],[-159.36104439745338,22.1864936673039],[-159.36108131853149,22.186754372150947],[-159.36110832514845,22.187045210955073],[-159.36111708710533,22.187279551253567],[-159.36111245898741,22.187542230893847],[-159.36108897834472,22.187863261952032],[-159.36086233151954,22.190014216288617],[-159.36020869694525,22.196089205110397],[-159.36017830043775,22.196496751908892],[-159.36017343137786,22.196875255927907],[-159.36019379827181,22.197195549928676],[-159.36024438310452,22.197571435100475],[-159.36030720457072,22.197886495568621],[-159.36039696818682,22.198226721723984],[-159.36049948908922,22.198532933738701],[-159.36062219158467,22.19883279148247],[-159.36076307764154,22.19912567326416],[-159.36093690600461,22.199435428280893],[-159.36111622174266,22.199708929253923],[-159.36131428223962,22.199972120130024],[-159.36156843314163,22.200268054501723],[-159.36181850291197,22.200528477692913],[-159.36202619373989,22.200719414077515]]},"properties":{"st_length(shape)":5207.7467694232073,"objectid":782,"year_record":2024,"island":"Kauai","route_id":"56","bmp":16.629999999999999,"emp":19.870000000000001,"route_name":"Kuhio Highway","county_id":7,"county_id_t":"Kauai County","aadt":14625,"aadt_su":237,"aadt_cu":60,"f_system":4,"f_system_t":"Minor Arterial","facility_type":2,"facility_type_t":"two way","maint_op":1,"maint_op_t":"State Highway","ownership":1,"ownership_t":"State Highway","through_lanes":2,"urban_id":99999,"urban_id_t":"Rural"}},{"type":"Feature","id":783,"geometry":{"type":"LineString","coordinates":[[-159.36202619373989,22.200719414077515],[-159.36206386435765,22.200754045199968],[-159.36232346999387,22.200965082518163],[-159.36259596544366,22.201161204125395],[-159.36290673258441,22.201357379096997],[-159.36323155428178,22.201533930511808],[-159.36356421401126,22.201695138124222],[-159.36376310805454,22.201780056390792],[-159.36399545421352,22.201866378533829],[-159.36476585716937,22.202112584016486],[-159.36854846654327,22.203282570678436],[-159.36884670321038,22.203371441503243],[-159.3691178263519,22.20344231115439],[-159.36936073402904,22.203496414535202],[-159.36960581315881,22.203541262496564],[-159.36985286216711,22.203576216768745],[-159.37010123790307,22.203600214575843],[-159.37047584273714,22.203618587419037],[-159.37153886345311,22.203636715246347],[-159.37178853742844,22.203633738600484],[-159.37206823368899,22.203615412512185],[-159.37234625591731,22.203580746894573],[-159.37259159275794,22.203535368762854],[-159.37298544243225,22.203440427247571],[-159.3747624489323,22.202964347532429],[-159.37522033207276,22.202859437579338],[-159.3756825622213,22.202771080528311],[-159.37709788565542,22.202530785607816],[-159.3778405449286,22.202418349762969],[-159.3784634228285,22.202350111488048],[-159.37912075124333,22.202306685272767],[-159.37965316344133,22.20229410409944],[-159.38021688001112,22.202319438712177],[-159.38071685956805,22.202365868918232],[-159.38130527654855,22.202450334079902],[-159.38176649936651,22.202537155181489],[-159.38216317941783,22.20262786030553],[-159.38412246887071,22.203150964423216],[-159.3846061077615,22.203271718415678],[-159.38497371925402,22.203342410412439],[-159.38543888890021,22.203400442310553],[-159.38572003604585,22.20341873657528],[-159.38600142025743,22.203421874025103],[-159.38763408687132,22.203362082557295],[-159.38860816792558,22.203357291527421],[-159.39136428961226,22.2034110176178],[-159.39155118815216,22.203404424110239],[-159.3917684732159,22.203385541242632],[-159.39198502487255,22.203357610302213],[-159.3921994845463,22.203319476381637],[-159.39387310221881,22.202928288787849],[-159.39509298074427,22.20265302653279],[-159.39610071405795,22.202432143180989],[-159.39802819818254,22.202026966282446],[-159.39891309247545,22.201825685459038],[-159.40014324807703,22.201587627310595],[-159.4006082729457,22.201524250973687],[-159.40088981218904,22.201503717178404],[-159.40123486107908,22.201495280381994],[-159.40157871757785,22.201505939546752],[-159.4018903504394,22.201531956135625],[-159.40284974981438,22.201664687049742],[-159.40421283564663,22.2018645609114],[-159.40473850940793,22.20195131126928],[-159.40529185976305,22.202059774252589],[-159.40586944002303,22.20219804104784],[-159.40810792367768,22.20277090433903],[-159.40834838011529,22.202837755158086],[-159.40855590867682,22.202904699990299],[-159.40873080879527,22.202969288141354],[-159.40893053009015,22.203053740450461],[-159.40929067190135,22.203232344644039],[-159.40960850940675,22.203420630685645],[-159.40993106394151,22.203653421926855],[-159.41009588223284,22.203788683937269],[-159.4102765990126,22.203950975717273],[-159.41044804805932,22.204121914676069],[-159.41058936338109,22.204278662671602],[-159.41074029046894,22.204465729372551],[-159.41088080858819,22.204660011589507],[-159.41101094278886,22.20486012344367],[-159.41111461689931,22.205040986938137],[-159.41124589231814,22.205307234889588],[-159.41136969487786,22.20560776099386],[-159.41167198118706,22.206500175717402],[-159.41198584779659,22.207387276341297],[-159.41209242711042,22.207659926163156],[-159.41210788783519,22.207694037092207]]},"properties":{"st_length(shape)":5609.5790617817038,"objectid":783,"year_record":2024,"island":"Kauai","route_id":"56","bmp":19.870000000000001,"emp":23.359999999999999,"route_name":"Kuhio Highway","county_id":7,"county_id_t":"Kauai County","aadt":12519,"aadt_su":242,"aadt_cu":57,"f_system":4,"f_system_t":"Minor Arterial","facility_type":2,"facility_type_t":"two way","maint_op":1,"maint_op_t":"State Highway","ownership":1,"ownership_t":"State Highway","through_lanes":2,"urban_id":99999,"urban_id_t":"Rural"}},{"type":"Feature","id":784,"geometry":{"type":"LineString","coordinates":[[-159.41210788783519,22.207694037092207],[-159.41222586921964,22.20795432991752],[-159.41236171300102,22.208215475393814],[-159.41251279454295,22.208469058473547],[-159.4126773161658,22.208716092788229],[-159.41292844668769,22.209048667703414],[-159.41318547723122,22.209340132605764],[-159.4158203720531,22.21196826063969],[-159.41606100939313,22.212197559716053],[-159.4163124106183,22.212416779481085],[-159.41654936056608,22.212608231388788],[-159.41681942023678,22.212807533758387],[-159.41707424919659,22.212978352946816],[-159.41741459207003,22.213188111908796],[-159.41765695537927,22.213323034179052],[-159.41798859764864,22.213487839482809],[-159.4182709033999,22.21361477231985],[-159.41858760678124,22.213740473375935],[-159.41893962440395,22.213863519016819],[-159.41926685474388,22.213962336699016],[-159.41959890975042,22.214046858275488],[-159.41990339989829,22.214112561672305],[-159.42024239511841,22.214170479207151],[-159.42058394027123,22.214214681014102],[-159.42108316738566,22.214251720284125],[-159.42139565251355,22.214261237554403],[-159.42164555608153,22.214260359954835],[-159.42195880939238,22.214247068332426],[-159.422239102324,22.214225917888911],[-159.42251835784074,22.21419532535182],[-159.42276597092638,22.214158961304552],[-159.42331762455999,22.214049889992015],[-159.42352885411501,22.213996386768031],[-159.42376671690448,22.213924252357106],[-159.42400015974516,22.213842989262385],[-159.42422977091408,22.213752068375246],[-159.4244538816566,22.213648617589552],[-159.42464459644663,22.213549334360192],[-159.42490986714304,22.213396027187425],[-159.42516820339128,22.213232225560731],[-159.42541794169526,22.213057125304243],[-159.42563265037865,22.212888223364576],[-159.42966571170055,22.209294503232925],[-159.43026410168284,22.208778353558316],[-159.43053843712966,22.208583613449115],[-159.43069732152998,22.208489255121354],[-159.43083505024896,22.208418339346082],[-159.43100656254674,22.208345320299294],[-159.43115247851651,22.208293154648988],[-159.43133203976024,22.208240298050221],[-159.43151493951689,22.20819829507143],[-159.43167023779313,22.208173048452615],[-159.43182678425197,22.208157817251234],[-159.43214096163391,22.208152670636448],[-159.43245318257345,22.208181247684383],[-159.43273041814416,22.208237324945763],[-159.43302667579934,22.208332343436673],[-159.43333675992918,22.20847341952874],[-159.43347097691057,22.208549664568736],[-159.43359949186558,22.208633394119637],[-159.43381701206494,22.208801612277064],[-159.43399256051043,22.2089688001208],[-159.43415081058194,22.209149857959062],[-159.43428957718999,22.209343786170358],[-159.43439526171744,22.209521854554836],[-159.43448997321207,22.209705204606855],[-159.43460184733956,22.209945689517312],[-159.43546400953906,22.211876872617701],[-159.43563758051928,22.212249879741488],[-159.4357464379186,22.212457855212772],[-159.43586805994741,22.212659850145382],[-159.43598383938834,22.212830059535762],[-159.43609400629109,22.212968864024187],[-159.43629879064054,22.213183026998724],[-159.43650405136552,22.21335746439183],[-159.43651767068658,22.213366292167272]]},"properties":{"st_length(shape)":3375.3914301372297,"objectid":784,"year_record":2024,"island":"Kauai","route_id":"56","bmp":23.359999999999999,"emp":25.460000000000001,"route_name":"Kuhio Highway","county_id":7,"county_id_t":"Kauai County","aadt":15385,"aadt_su":196,"aadt_cu":54,"f_system":4,"f_system_t":"Minor Arterial","facility_type":2,"facility_type_t":"two way","maint_op":1,"maint_op_t":"State Highway","ownership":1,"ownership_t":"State Highway","through_lanes":2,"urban_id":99999,"urban_id_t":"Rural"}},{"type":"Feature","id":785,"geometry":{"type":"LineString","coordinates":[[-159.43651767068658,22.213366292167272],[-159.43678162373209,22.213537375496355],[-159.43705160790694,22.213676658269236],[-159.43736502971777,22.213797961557677],[-159.43769106406066,22.213888570245182],[-159.43796264884094,22.213933478339463],[-159.43808498756349,22.213941113590174],[-159.43823907714605,22.213939937182055],[-159.43854821446945,22.213918717156481],[-159.43888782631782,22.21388172477803],[-159.43928761780586,22.213819137267819],[-159.43953134757419,22.213769720186569],[-159.44131935328616,22.213354285597234],[-159.44149644466279,22.213299525502993],[-159.44167008973619,22.213235499218911],[-159.44181106323714,22.213174945629405],[-159.44194707908659,22.213105212240741],[-159.44210431962264,22.213011334267691],[-159.44222879774117,22.212924751696765],[-159.44234573514746,22.212830453592431],[-159.44247869743734,22.212708848616948],[-159.44402254456151,22.211099135128293],[-159.44440225308645,22.21071247575075],[-159.44464605772063,22.210484953666313],[-159.44488553321861,22.210296754208031],[-159.44516837362832,22.210111944672544],[-159.4454415557945,22.209966474042581],[-159.44575690673159,22.20983365092178],[-159.44608367081537,22.209727295760185],[-159.44635775279343,22.209660422669419],[-159.44666763519572,22.209612567126282],[-159.44698086940076,22.209589205989374],[-159.44742010772268,22.209592323031977],[-159.44998334732446,22.20970745326116],[-159.4513257278735,22.209751101974117],[-159.45160484731898,22.209743905480671],[-159.4518830055523,22.209719530061356],[-159.45216087014637,22.20967924045355],[-159.45243440789821,22.20962274703318],[-159.45282271195703,22.209514179198141],[-159.45314066565524,22.209395897657409],[-159.45358623328292,22.209182382593987],[-159.45374765823595,22.209094403709685],[-159.45392933304637,22.208983192036509],[-159.45415265082698,22.208825021106787],[-159.45434134029756,22.208673361664601],[-159.4554394491785,22.207673334131076],[-159.45556072811203,22.207579812222662],[-159.45571683315828,22.207480058561789],[-159.45593968312295,22.207369144975434],[-159.45614571052963,22.207297539662431],[-159.45639155484679,22.207246197149523],[-159.45664185168766,22.207225301259186],[-159.4567991505665,22.207228594668017],[-159.45698687733713,22.207247711619072],[-159.45763120624892,22.207365095245869],[-159.46520928066872,22.208810286209285],[-159.4655768710098,22.208888189006714],[-159.46584775331439,22.208967056149717],[-159.4661371964248,22.209082516603345],[-159.46630369080555,22.209165603573481],[-159.46643800070038,22.209242780323994],[-159.46824165196196,22.210412249019306],[-159.46864868687285,22.210686702244978],[-159.46884293790049,22.210835312395265],[-159.46905174859492,22.211013470696688],[-159.47064786138759,22.212458008618448],[-159.4707896571224,22.212571222395574],[-159.47091274040207,22.21265858215472],[-159.47117301371779,22.212812428786904],[-159.47142188631159,22.212928189478546],[-159.47171200341006,22.213032823090639],[-159.47201135135055,22.213112988522322],[-159.47231549698617,22.213166938745101],[-159.47253140759807,22.21318362411639],[-159.47274875267161,22.213183636195637],[-159.47374939612425,22.213108508001277]]},"properties":{"st_length(shape)":4278.7104558397532,"objectid":785,"year_record":2024,"island":"Kauai","route_id":"56","bmp":25.460000000000001,"emp":28.122,"route_name":"Kuhio Highway","county_id":7,"county_id_t":"Kauai County","aadt":14891,"aadt_su":166,"aadt_cu":46,"f_system":4,"f_system_t":"Minor Arterial","facility_type":2,"facility_type_t":"two way","maint_op":1,"maint_op_t":"State Highway","ownership":1,"ownership_t":"State Highway","through_lanes":2,"urban_id":99999,"urban_id_t":"Rural"}},{"type":"Feature","id":786,"geometry":{"type":"LineString","coordinates":[[-159.47374939612425,22.213108508001277],[-159.47442611531875,22.21306925218521],[-159.47479889638126,22.213026512486742],[-159.4757511739144,22.212843298932491],[-159.47709987295485,22.212568125528211],[-159.47758521772462,22.212450701493562],[-159.47806726101936,22.212320692173606],[-159.47966599949427,22.211867391014263]]},"properties":{"st_length(shape)":626.79072732699319,"objectid":786,"year_record":2024,"island":"Kauai","route_id":"560","bmp":0,"emp":0.39000000000000001,"route_name":"Kuhio Highway","county_id":7,"county_id_t":"Kauai County","aadt":9707,"aadt_su":109,"aadt_cu":25,"f_system":4,"f_system_t":"Minor Arterial","facility_type":2,"facility_type_t":"two way","maint_op":1,"maint_op_t":"State Highway","ownership":1,"ownership_t":"State Highway","through_lanes":2,"urban_id":99999,"urban_id_t":"Rural"}},{"type":"Feature","id":800,"geometry":{"type":"LineString","coordinates":[[-159.3117433478638,22.141697845413145],[-159.31164521639192,22.141782334763512],[-159.31155854986113,22.141820825632813],[-159.31149635592254,22.141833715277674],[-159.31140072679864,22.141833370197251],[-159.31130801485034,22.141815891337338],[-159.31118992016201,22.141772615464106],[-159.31110891322271,22.141727337261599],[-159.31090769985988,22.14159025552307],[-159.31082524422339,22.141552009538152],[-159.31073691657824,22.14152648597539],[-159.31052163754251,22.141491533665103],[-159.31033554509699,22.141482199284336],[-159.31024449605505,22.141497660287271],[-159.31018869916926,22.141520544583454],[-159.31013845380426,22.141552596271239],[-159.31007659543786,22.141615561048742],[-159.31003155101172,22.141690237565243],[-159.30984878939867,22.142157810614009],[-159.30968064884945,22.142505307712604],[-159.30939531641201,22.143026641126138],[-159.309223572017,22.143305736739666],[-159.30904019095564,22.143543608949987],[-159.30860939888353,22.144009071759069],[-159.30845782190883,22.144157229330418],[-159.30838409670048,22.144212257570633],[-159.3083289799126,22.144242139737752],[-159.30824056270447,22.14427539316566],[-159.3079986750744,22.144335711319581],[-159.30349453828001,22.145387538321408],[-159.30312727630982,22.145467218034657],[-159.30290829770971,22.145492790720514],[-159.30259621766749,22.145494483750106],[-159.30219105346919,22.145461696591987],[-159.30192616505795,22.145416184253005]]},"properties":{"st_length(shape)":1215.3058122773871,"objectid":800,"year_record":2024,"island":"Kauai","route_id":"566","bmp":0,"emp":0.75,"route_name":"Anahola Road","county_id":7,"county_id_t":"Kauai County","aadt":727,"aadt_su":3,"aadt_cu":1,"f_system":5,"f_system_t":"Major Collector","facility_type":2,"facility_type_t":"two way","maint_op":2,"maint_op_t":"County Highway","ownership":2,"ownership_t":"County Highway","through_lanes":2,"urban_id":99998,"urban_id_t":"Small Urban"}},{"type":"Feature","id":801,"geometry":{"type":"LineString","coordinates":[[-159.30192616505795,22.145416184253005],[-159.30191274713394,22.145413879132544],[-159.30015015653936,22.145020290655026],[-159.29987280832714,22.144984569405832],[-159.29843409517002,22.144871295185297],[-159.29837037065522,22.144859970669071],[-159.29831123194501,22.14483654892032],[-159.29828484340484,22.144815835395445],[-159.29825711888378,22.144768589607796]]},"properties":{"st_length(shape)":388.89783690039354,"objectid":801,"year_record":2024,"island":"Kauai","route_id":"566","bmp":0.75,"emp":0.9900000000000001,"route_name":"Mana I Road","county_id":7,"county_id_t":"Kauai County","aadt":727,"aadt_su":3,"aadt_cu":1,"f_system":5,"f_system_t":"Major Collector","facility_type":2,"facility_type_t":"two way","maint_op":2,"maint_op_t":"County Highway","ownership":2,"ownership_t":"County Highway","through_lanes":2,"urban_id":99998,"urban_id_t":"Small Urban"}},{"type":"Feature","id":787,"geometry":{"type":"LineString","coordinates":[[-159.47966599949427,22.211867391014263],[-159.47977972964657,22.211835143743265],[-159.48073872436464,22.211555037592085],[-159.48101189183404,22.211487224606692],[-159.48119865407523,22.211456862749976],[-159.48132432836539,22.21145150163316],[-159.48141830065441,22.211457756283476],[-159.48151071559164,22.211474485110312],[-159.48159997598762,22.211503041633552],[-159.48173866364218,22.211574084669934],[-159.48227309684589,22.21193562876174],[-159.4826131335596,22.212144373790807],[-159.4826969035384,22.21218184005405],[-159.48278443945748,22.212203844077333],[-159.48284293529119,22.212200495073397],[-159.48291869530127,22.21216852538144],[-159.48296101012562,22.212128428443126],[-159.48298700417098,22.212082750775171],[-159.48299899573493,22.212031333732774],[-159.48299527294552,22.211974622359413],[-159.48296515314485,22.211896011147847],[-159.48282395716762,22.211672295754088],[-159.48276237403496,22.211537154776931],[-159.48272671837839,22.211393297568364],[-159.48266978736297,22.211046730265267],[-159.48262328026439,22.210910013232692],[-159.48254278322167,22.210788728728492],[-159.48248013035521,22.21072559621884],[-159.48240861487989,22.210671893549335],[-159.48232857734476,22.210628475229182],[-159.48224321937312,22.210594187139773],[-159.48209290144558,22.210560033592095],[-159.48196908459909,22.21055051242638],[-159.48184451643169,22.210554516542608],[-159.48172084454487,22.210570973232354],[-159.4815690758777,22.210605222512296],[-159.48127269127238,22.210697214376189],[-159.47994277612219,22.211137351122613],[-159.47880251026734,22.211464963262589],[-159.47858848376512,22.211509745996597],[-159.47834093922896,22.211550015044011],[-159.47759652977481,22.211649766643024],[-159.47731472869643,22.211667522275352],[-159.47706335844813,22.211654852599569],[-159.47687749491752,22.211623645966188],[-159.47635702152178,22.211510787339208],[-159.47598555369675,22.211443894171381],[-159.47586860504748,22.2113976833507],[-159.47579336947555,22.211333194667567],[-159.47576321020333,22.211280213748811],[-159.47575656122154,22.211250543482691],[-159.47575852225495,22.211160816386656],[-159.47589403865769,22.210713580477979],[-159.47592667191412,22.210666732639805],[-159.47597936047092,22.210635441612148],[-159.47601100352404,22.210628129921837],[-159.47607715283158,22.210627922010012],[-159.47647489386264,22.210712068235171],[-159.47659821727834,22.210724342301361],[-159.47672270723533,22.210726659978285],[-159.47684684825234,22.210718164752556],[-159.47706279231892,22.210689185675889],[-159.4772147735965,22.210656039408569],[-159.47739474630458,22.210606523311878],[-159.4775411439208,22.21055648216841],[-159.47771198695273,22.210484683678057],[-159.47866359064457,22.210039510423897],[-159.4788259263743,22.209951899000757],[-159.47929218512871,22.209656677056962],[-159.4794582221287,22.209573007439314],[-159.47965966175465,22.209490793529664],[-159.47998651310112,22.209386506084609],[-159.48052995860823,22.209243448493108],[-159.48089776119897,22.209167724344084],[-159.48145510006216,22.209083531345808],[-159.48187860209666,22.208980595741874],[-159.48214527979547,22.208895343521597],[-159.48252474705967,22.208757429226289],[-159.48284095593331,22.208630632967061],[-159.48306185121294,22.208521994752367],[-159.48326780762937,22.208389999545503],[-159.48346168598138,22.208242223039058],[-159.48369132793454,22.208044264897662],[-159.48386182390433,22.207874179010382],[-159.48396035585199,22.207761338314214],[-159.48406987586483,22.207620161933889],[-159.48453154752897,22.206960437911675],[-159.48472996205899,22.206697662112543],[-159.48493151322882,22.206473520123481],[-159.48515311341103,22.206266566962835],[-159.48608737900011,22.205443543778056],[-159.48632086065695,22.205249026968147],[-159.48651475810547,22.20510052409584],[-159.48679374864065,22.204911712070984],[-159.4871374989805,22.204707367714779],[-159.48738392373531,22.204577437964719],[-159.48761281028669,22.204480928749724],[-159.48779058951786,22.204421615795017],[-159.48800181529899,22.204364319091439],[-159.48824639336215,22.204310123788158],[-159.4884618222535,22.204271818936384],[-159.48892862583372,22.204212451343281],[-159.48958535220609,22.204163894391616],[-159.48989940791802,22.204157296162315],[-159.49021399356886,22.204167259762354],[-159.49055682710431,22.204208079450776],[-159.49111197044368,22.204306449501793],[-159.49123619317103,22.204309420071159],[-159.49138964262019,22.204289941125541],[-159.49280953253023,22.203926337056526],[-159.49539258758395,22.203199631258226],[-159.49564557497595,22.203135816848345]]},"properties":{"st_length(shape)":3632.1720175426371,"objectid":787,"year_record":2024,"island":"Kauai","route_id":"560","bmp":0.39000000000000001,"emp":2.6499999999999999,"route_name":"Kuhio Highway","county_id":7,"county_id_t":"Kauai County","aadt":8745,"aadt_su":108,"aadt_cu":16,"f_system":4,"f_system_t":"Minor Arterial","facility_type":2,"facility_type_t":"two way","maint_op":1,"maint_op_t":"State Highway","ownership":1,"ownership_t":"State Highway","through_lanes":2,"urban_id":99999,"urban_id_t":"Rural"}},{"type":"Feature","id":788,"geometry":{"type":"LineString","coordinates":[[-159.49564557497595,22.203135816848345],[-159.49775375137637,22.202604019302591],[-159.49835297378979,22.202436299518755],[-159.49955085664666,22.202087492780677],[-159.49993317110884,22.201953629265333],[-159.50115631723938,22.201497703597834],[-159.50136309440177,22.201431903199069],[-159.50166397142257,22.201353766587218],[-159.50297317003637,22.20104769266613],[-159.50386767563307,22.2008956441374],[-159.50414681168175,22.200855976890747],[-159.50452266887203,22.200823140122289],[-159.50489973893201,22.200806689283944],[-159.50537093721024,22.20080227157683],[-159.50621871126461,22.200812480140005],[-159.506435532251,22.200794700780637],[-159.5065543599539,22.200762244776683],[-159.50666784510511,22.20071412664424],[-159.50678565549086,22.200653964272046]]},"properties":{"st_length(shape)":1189.2952826890171,"objectid":788,"year_record":2024,"island":"Kauai","route_id":"560","bmp":2.6499999999999999,"emp":3.3900000000000001,"route_name":"Kuhio Highway","county_id":7,"county_id_t":"Kauai County","aadt":4963,"aadt_su":48,"aadt_cu":5,"f_system":5,"f_system_t":"Major Collector","facility_type":2,"facility_type_t":"two way","maint_op":1,"maint_op_t":"State Highway","ownership":1,"ownership_t":"State Highway","through_lanes":2,"urban_id":99999,"urban_id_t":"Rural"}},{"type":"Feature","id":789,"geometry":{"type":"LineString","coordinates":[[-159.50678565549086,22.200653964272046],[-159.50683172739286,22.200630437031723],[-159.50706995259893,22.200490119544533],[-159.50718007429612,22.200439416038996],[-159.50733217761712,22.200403548444957],[-159.50748941292832,22.200399003978795],[-159.50761522463739,22.200420679398487],[-159.5080617788382,22.200553208967907],[-159.50848550381383,22.200658063091492],[-159.50876044275191,22.200713623085456],[-159.50928399294412,22.200800899941019],[-159.50943618458038,22.200835004549056],[-159.50964185254904,22.200908659115228],[-159.50988658833782,22.201040610017504],[-159.51006713313055,22.201158869015011],[-159.51089063059709,22.201741565136071],[-159.51140739423948,22.202121716129934],[-159.51201529400421,22.202583773667754],[-159.51292884595705,22.203299957113867],[-159.51317618969949,22.203481759223251],[-159.51363219579088,22.203791480373891],[-159.51413482608666,22.20408470219591],[-159.51428708327367,22.204188256887793],[-159.51440178229149,22.204288233356316],[-159.5145487898873,22.204440111412239],[-159.5149717825264,22.204948266277842],[-159.51643137792695,22.206741804454872],[-159.51655280897904,22.206913423474667],[-159.5166330505574,22.207072407065432],[-159.51678305719784,22.207487087320885],[-159.51691554436016,22.207814147349552],[-159.51694645648297,22.207928319380557],[-159.5169729849126,22.208073101924516],[-159.51708209721301,22.208854324637787],[-159.51712031580652,22.209203253582693],[-159.51711828478818,22.209437761051579],[-159.51706579393513,22.209784903899184],[-159.51707291961691,22.209870582982219],[-159.5170967410906,22.209953229590614],[-159.51716761063253,22.21008087810608],[-159.5173170645225,22.210267440986993],[-159.51744115162597,22.21039732690965],[-159.51766194292674,22.21060301454769],[-159.51773837557059,22.210696031964321],[-159.51781430164681,22.210824422949667],[-159.51811291603903,22.211465991959148],[-159.51821076858459,22.211647182113186],[-159.51827808205695,22.211745459007929],[-159.51835360833334,22.211837615335412],[-159.51865715198784,22.212128545417556],[-159.5187271527289,22.212225554200053],[-159.51876392520447,22.212305060558787],[-159.51878317897268,22.212390509344615],[-159.51877881744389,22.212508110658533],[-159.51875300614205,22.212623039400597],[-159.51865340489167,22.212957418526532],[-159.51862424719138,22.213099560385118],[-159.51855729613683,22.213794529506295],[-159.51855367074694,22.213940364423525],[-159.51857426158494,22.214054318658317],[-159.5186110919779,22.214133367719402],[-159.51864541980046,22.214181427965489],[-159.51868750852526,22.214224471245998],[-159.51876124875406,22.214277167711369],[-159.51887591100527,22.214322074602887],[-159.51893742621647,22.21433250524327],[-159.51899944608314,22.214333473778723],[-159.51912100754646,22.214308166525083],[-159.51917741597023,22.214283663278856],[-159.51925521027886,22.214236234698237],[-159.51930197456974,22.214198819977749],[-159.51936238088496,22.214132833943559],[-159.51939369941593,22.214083924757936],[-159.5194156543154,22.214031348710641],[-159.51942893654643,22.213946944421387],[-159.51942282897915,22.213891074673811],[-159.51935362196207,22.213639442066917],[-159.51935514100893,22.213549987329841],[-159.51938353552777,22.213462166916496],[-159.5194399516902,22.213358425774167],[-159.51958384079396,22.21313385302037],[-159.51967506436961,22.213014552425101],[-159.51977251903782,22.212942267741081],[-159.51982953537055,22.212916512019348],[-159.51991934839108,22.212891619968183],[-159.52001230825442,22.21287974945264],[-159.52016851482841,22.212874158707894],[-159.52110828877798,22.21288228976459],[-159.52132690846099,22.212891332906029],[-159.52148017281095,22.212913976354709],[-159.52178248174951,22.212986968457852],[-159.52205856916038,22.213032532671217],[-159.52217770460786,22.213067605578768],[-159.52225799780575,22.213110968927321],[-159.52230481675289,22.213149715748315],[-159.52247959312896,22.213355731262624],[-159.5225254559048,22.213394304921959],[-159.52260901975538,22.213431831524169],[-159.52267082104336,22.213439904657829],[-159.52273126099158,22.213434064264906],[-159.52281855180266,22.213408808322296],[-159.52318187240184,22.213240047262502],[-159.52327034446381,22.213209483385754],[-159.52339197044535,22.213180080329167],[-159.52428880362058,22.213049144200621],[-159.52447628623122,22.213036499571295],[-159.52466377426518,22.213043329432203],[-159.52478779639196,22.213060665260894],[-159.52490957077845,22.213091106726814],[-159.52502650572589,22.213133279080033],[-159.52513699534441,22.213189998007646],[-159.52521140952848,22.21324472201562],[-159.52527760504674,22.213308061192865],[-159.52533617125718,22.213378046028861],[-159.52542155652944,22.213501452995835],[-159.52548615340851,22.213634897924042],[-159.52549882932871,22.213722930936214],[-159.52548193357012,22.213811456924212],[-159.52540862059024,22.213975722295931],[-159.52538452664635,22.21405904621054],[-159.52537721458862,22.214144410043971],[-159.52539649971217,22.214258501242316],[-159.52551719935138,22.214559115515375],[-159.52557305710172,22.214662644314632],[-159.5256120594384,22.214706893648138],[-159.5256585457652,22.214744517614179],[-159.52571140619543,22.214774751896698],[-159.5257692691743,22.214796912525411],[-159.52582936064712,22.214810700396534],[-159.52592193418363,22.214817337622655],[-159.52636091937629,22.214809099555488],[-159.52648259062818,22.214783585004398],[-159.52656596428852,22.214745473422035],[-159.52689445736456,22.214523771528661],[-159.52713996329109,22.214393417336765],[-159.52721232861862,22.214339554069973],[-159.52726767696961,22.214271401628068],[-159.52730395074741,22.214192403249225],[-159.52734366169227,22.213964040903104],[-159.52737500942169,22.213882944499126],[-159.52741502381383,22.213836019327886],[-159.52744229193345,22.213818329007132],[-159.52747393388708,22.213806362939309],[-159.52754355643299,22.213802974462016],[-159.52760599259827,22.213817777641445],[-159.52772028040448,22.213865193655895],[-159.52902105101165,22.214499974767701],[-159.52964451894925,22.214773522659936],[-159.53002368872802,22.214912017054658],[-159.53138223647383,22.215361556192402],[-159.53179985116316,22.215487908277421],[-159.53198225212051,22.215528789277574],[-159.53219745887861,22.215566828188862],[-159.53260134676856,22.215606001145275],[-159.5327885078818,22.215609055452745],[-159.53300661012457,22.215601625380593],[-159.5333163086645,22.215569518308964],[-159.53365114033022,22.21550462769622],[-159.53394799837886,22.215419713256804],[-159.53426288835024,22.215298523397554],[-159.53437341300469,22.215244989742335],[-159.53453285819498,22.215154401198596],[-159.53491270435413,22.214899875538851],[-159.53520956073979,22.214685637350708],[-159.53571002239778,22.214284875644399],[-159.53584139705623,22.214203019299077],[-159.53592812974321,22.214167243467866],[-159.53604938113938,22.214133237501727],[-159.5368497657891,22.213981691185225],[-159.53696926028462,22.213949111389891],[-159.53702516288632,22.213924383247068],[-159.53710285787744,22.213876492148806],[-159.53733931432765,22.213687534286301],[-159.53744513594435,22.213623598750008],[-159.53802938762826,22.213410407267528],[-159.53808028466514,22.213378104909086],[-159.53812293336816,22.213337291730042],[-159.53818854028464,22.213239707666954],[-159.53822114804817,22.213158185925622],[-159.53827060322914,22.212988793923834],[-159.53832413302834,22.212851143100096],[-159.53840752191846,22.212661797342161],[-159.53846555207363,22.212558411271438],[-159.53852259283295,22.212488920580775],[-159.53857063360829,22.212450140174607],[-159.53862573819561,22.212420174385887],[-159.53868518442371,22.212399597748131],[-159.53880993425403,22.2123762916506],[-159.53908930866584,22.21234567166734],[-159.53918498132688,22.212347086588888],[-159.53927816706448,22.212363413158599],[-159.53939217336008,22.212409354743116],[-159.53952186360178,22.21248659058767],[-159.53959011534531,22.212544654702189],[-159.53971768122324,22.212673688702324],[-159.53978950714279,22.212727620449396],[-159.53989573081827,22.212787516171293],[-159.54003750833976,22.212846915332417],[-159.54024632513148,22.212909563643024],[-159.54076511743395,22.21302599615094],[-159.54110363366414,22.213089561157666],[-159.54132067801919,22.213114334407205],[-159.54150839279581,22.213119428528017],[-159.54179129160116,22.213108455663928],[-159.54204100985902,22.213088419648134],[-159.54216388679097,22.213066783998649],[-159.54225209619989,22.21303895619161],[-159.54233705201736,22.213002187347065],[-159.54297694473129,22.21269053319141],[-159.54306268384462,22.212663535289028],[-159.54309456543925,22.212661574222931],[-159.54315480816385,22.212672139967324],[-159.54339251441496,22.212751202942815],[-159.5434533968492,22.212761840518947],[-159.54351274728714,22.212763150120868],[-159.54354202718096,22.21276986039604],[-159.5435672983445,22.212786449225721],[-159.54361777736355,22.212858848369791],[-159.54386927679198,22.213296121152297],[-159.54388735408543,22.213379720465905],[-159.54390096792343,22.213554576680714],[-159.54388624526118,22.213963751302124],[-159.54386102926074,22.214143791807619]]},"properties":{"st_length(shape)":5448.2580786992512,"objectid":789,"year_record":2024,"island":"Kauai","route_id":"560","bmp":3.3900000000000001,"emp":6.7800000000000002,"route_name":"Kuhio Highway","county_id":7,"county_id_t":"Kauai County","aadt":4440,"aadt_su":68,"aadt_cu":3,"f_system":5,"f_system_t":"Major Collector","facility_type":2,"facility_type_t":"two way","maint_op":1,"maint_op_t":"State Highway","ownership":1,"ownership_t":"State Highway","through_lanes":2,"urban_id":99999,"urban_id_t":"Rural"}},{"type":"Feature","id":802,"geometry":{"type":"LineString","coordinates":[[-159.29825711888378,22.144768589607796],[-159.29825391586132,22.144763132409732],[-159.29825073983878,22.144675187304937],[-159.29835548809589,22.143516267403637],[-159.29838364999773,22.143284259709045],[-159.29841785468503,22.14311129018153],[-159.29848886961705,22.142885919292034],[-159.29861416994936,22.142616125744237],[-159.29875722999097,22.142389099681296],[-159.29889066819794,22.142225740626209],[-159.29910435766666,22.142010680922048],[-159.30100217660888,22.140199568723659],[-159.30118530139208,22.140038805654324],[-159.3014601875945,22.139843924616766],[-159.30269507477072,22.139044043509749],[-159.30294624106179,22.138870884546836],[-159.30373802034106,22.138299910739342],[-159.30427712887408,22.137945921000213],[-159.30496002434424,22.137481032866848]]},"properties":{"st_length(shape)":1114.8405200313855,"objectid":802,"year_record":2024,"island":"Kauai","route_id":"566","bmp":0.9900000000000001,"emp":1.6779999999999999,"route_name":"Kukuihale Road","county_id":7,"county_id_t":"Kauai County","aadt":727,"aadt_su":3,"aadt_cu":1,"f_system":5,"f_system_t":"Major Collector","facility_type":2,"facility_type_t":"two way","maint_op":2,"maint_op_t":"County Highway","ownership":2,"ownership_t":"County Highway","through_lanes":2,"urban_id":99998,"urban_id_t":"Small Urban"}},{"type":"Feature","id":803,"geometry":{"type":"LineString","coordinates":[[-159.36766432387361,21.980943077954343],[-159.366644611314,21.980764988061303],[-159.3658737425269,21.980641645284464],[-159.36559659774241,21.980614704175164],[-159.36522306725459,21.980611528131639],[-159.36488110755138,21.98062598858667],[-159.36460264945222,21.980656314522346],[-159.36364848748417,21.980819852793974],[-159.36253767566311,21.98099602935217],[-159.36219322706398,21.981022276071133],[-159.36210009396848,21.981021915116624]]},"properties":{"st_length(shape)":581.22654936657898,"objectid":803,"year_record":2024,"island":"Kauai","route_id":"570","bmp":0,"emp":0.36000000000000004,"route_name":"Ahukini Road","county_id":7,"county_id_t":"Kauai County","aadt":15454,"aadt_su":580,"aadt_cu":62,"f_system":3,"f_system_t":"Principal Arterial","facility_type":2,"facility_type_t":"two way","maint_op":1,"maint_op_t":"State Highway","ownership":1,"ownership_t":"State Highway","through_lanes":2,"urban_id":99998,"urban_id_t":"Small Urban"}},{"type":"Feature","id":804,"geometry":{"type":"LineString","coordinates":[[-159.36210009396848,21.981021915116624],[-159.3618167987145,21.98102081613192],[-159.36153565737916,21.980998152081945],[-159.36116307566081,21.980948467973302],[-159.35974110434302,21.980725182901477],[-159.35798096371894,21.980460837211147],[-159.35754673156546,21.98041681834534],[-159.35732866670244,21.980408125987928],[-159.35714081130234,21.980409951478855],[-159.35676673257908,21.980436055231255],[-159.35636519604856,21.980497743068192],[-159.35372982487928,21.981032178920056],[-159.35238307240968,21.981320553388084],[-159.3518258831831,21.981424485112452],[-159.35151444620288,21.981466926915971],[-159.35132110225467,21.981481531347065]]},"properties":{"st_length(shape)":1130.1627494311272,"objectid":804,"year_record":2024,"island":"Kauai","route_id":"570","bmp":0.36000000000000004,"emp":1.0600000000000001,"route_name":"Ahukini Road","county_id":7,"county_id_t":"Kauai County","aadt":15192,"aadt_su":187,"aadt_cu":84,"f_system":3,"f_system_t":"Principal Arterial","facility_type":2,"facility_type_t":"two way","maint_op":1,"maint_op_t":"State Highway","ownership":1,"ownership_t":"State Highway","through_lanes":2,"urban_id":99998,"urban_id_t":"Small Urban"}},{"type":"Feature","id":805,"geometry":{"type":"LineString","coordinates":[[-159.35132110225467,21.981481531347065],[-159.35110796063827,21.981497630648306],[-159.35073060011871,21.981501369208356],[-159.35035274773068,21.981482312186905]]},"properties":{"st_length(shape)":100.10018440086705,"objectid":805,"year_record":2024,"island":"Kauai","route_id":"570","bmp":1.0600000000000001,"emp":1.1220000000000001,"route_name":"Ahukini Road","county_id":7,"county_id_t":"Kauai County","aadt":10837,"aadt_su":257,"aadt_cu":77,"f_system":3,"f_system_t":"Principal Arterial","facility_type":2,"facility_type_t":"two way","maint_op":1,"maint_op_t":"State Highway","ownership":1,"ownership_t":"State Highway","through_lanes":2,"urban_id":99998,"urban_id_t":"Small Urban"}},{"type":"Feature","id":790,"geometry":{"type":"LineString","coordinates":[[-159.54386102926074,22.214143791807619],[-159.54385774423417,22.214167246114737],[-159.54379321891395,22.214377649464748],[-159.54370058403924,22.214563424145968],[-159.54364020312187,22.214665787269652],[-159.54356720100301,22.214762021373698],[-159.54348293173632,22.214849258129746],[-159.54335864168263,22.214940908789934],[-159.54297321832618,22.215141410123127],[-159.54276887578527,22.215275778345486],[-159.54253566038531,22.215469659440664],[-159.54235558720703,22.215631976157312],[-159.54222313773079,22.215755885702816],[-159.54209947348184,22.21588634265909],[-159.54198454574947,22.216024050959607],[-159.54192403831505,22.216124523960179],[-159.54183862790944,22.21637642077291],[-159.54179320308492,22.216484073447635],[-159.54178332380644,22.216539344059999],[-159.54178658098715,22.21659292674363],[-159.54181130066877,22.216644406217391],[-159.54187539119121,22.216695676001272],[-159.54195870697987,22.216728197538377],[-159.54220218333083,22.216786204428089],[-159.5423495073087,22.216831821434265],[-159.54246102562919,22.216887096701477],[-159.54255532418807,22.216967379503693],[-159.54261147435329,22.217038764448429],[-159.54267226797899,22.217142382687879],[-159.54292585909849,22.217731087185445],[-159.5429820067512,22.21783446241853],[-159.54303501426148,22.21790595164012],[-159.54314413241568,22.218008631487272],[-159.54355203592979,22.218327058984368],[-159.54374665068855,22.218518263685596],[-159.54436395543433,22.219256250622305],[-159.54526347701565,22.220307736186513],[-159.54605327813294,22.221216510055388],[-159.54615194142286,22.221285598196864],[-159.5463229254203,22.221356183421143],[-159.5467002427462,22.221496256166866],[-159.54702686065244,22.221597016169547],[-159.54717935663695,22.221629049395837],[-159.5473956576804,22.221662674639941],[-159.54888824230491,22.221851495767137],[-159.54922644517472,22.221914732771591],[-159.54952967948242,22.221991694220343],[-159.55057984137977,22.2222881485418],[-159.55207867762195,22.222808753061113],[-159.55234650980265,22.222893468480677],[-159.55262117364848,22.222951571323662],[-159.55398274224646,22.223163331958599],[-159.55417044438749,22.22316719348866],[-159.55542356188337,22.223104217426808],[-159.55695542021158,22.223008476255302],[-159.55729997890117,22.222979426475952],[-159.5586379771151,22.222804898240593],[-159.55901393127652,22.222764797760533],[-159.55923336694195,22.222754918422513],[-159.56001987460292,22.222760699738846],[-159.56011307525401,22.22275137291248],[-159.56023335315945,22.222721645246931],[-159.56093587335121,22.22247093853013],[-159.56110848739323,22.222400099391781],[-159.56118793331927,22.222354275912949],[-159.56174882085631,22.221979313464718],[-159.56184164729004,22.22190153535108],[-159.56192539374973,22.221816451120901],[-159.56236477371215,22.221284615929402],[-159.56250552768904,22.22112743448557],[-159.56264047755457,22.221005132528237],[-159.56282240284847,22.220888886994295],[-159.56304330478909,22.220781431092568],[-159.56321978856064,22.220718014063813],[-159.5633723352118,22.220683171186057],[-159.56383583772427,22.22060793494105],[-159.56405051607507,22.220565263164158],[-159.56422795651508,22.220510274983987],[-159.56436622097277,22.220441889549491],[-159.56445621519663,22.22036351632357],[-159.56452499652164,22.220268216447085],[-159.56471710106698,22.219838778618097],[-159.56477683756063,22.219734854541763],[-159.56485102625405,22.219638978362788],[-159.56496277328992,22.219535237738615],[-159.56508708899349,22.219455005054893],[-159.56523181968592,22.219397981104365],[-159.56535492803798,22.219375351448946],[-159.5654818108201,22.219376238564301],[-159.56560717101598,22.219393278260451],[-159.56582183067567,22.219433151596792],[-159.56603426894091,22.219487389220728],[-159.56636412309794,22.219582306406814],[-159.56660020944886,22.219661041603342],[-159.5667720305741,22.219731801945255],[-159.56690707465842,22.219807800772866],[-159.56698190867348,22.219861974446697],[-159.56707360388361,22.219942422550648],[-159.56723806085512,22.220119732536556],[-159.56732091459472,22.220245360566238],[-159.5674043656966,22.220434552440604],[-159.56744648667546,22.220512133236987],[-159.56756380967616,22.22068333311125],[-159.56778739586568,22.220964133063614],[-159.56785518313504,22.221023217393977],[-159.56795806743145,22.221085252558648],[-159.56809889072366,22.221144211920805],[-159.5682454642866,22.221194336599211],[-159.56860493482964,22.221296986304598],[-159.56908010131949,22.221445517217255],[-159.56947640910377,22.221538665158882],[-159.56971868562155,22.221587298962703],[-159.56981051254806,22.221597611333856],[-159.56990147684303,22.221594218480348],[-159.5700206494131,22.221567634042039],[-159.57013794979011,22.221527727311628],[-159.57033564562241,22.221443284755406],[-159.57044453613665,22.221386511895787],[-159.57052069400351,22.221335413263716],[-159.57068687543634,22.221164787101941],[-159.57074161399845,22.221133514528645],[-159.57080587599972,22.221116685515511],[-159.57090135164648,22.221113993582154],[-159.57114995134447,22.221136555341111],[-159.57133508431355,22.221139415998469],[-159.57183231854142,22.22108105231041],[-159.572239763265,22.221042290500737],[-159.57236489759427,22.221038992917975],[-159.57255064107522,22.221061300246671],[-159.57284881369924,22.221150427242602],[-159.57293958337854,22.221156548892548],[-159.57303100672638,22.22114301111219],[-159.57311574939894,22.221112437912655],[-159.57316951597431,22.221084705669536],[-159.5733945366749,22.220929286944525],[-159.57353481158557,22.220860753004551],[-159.57362472328208,22.220833446989104],[-159.57387121785214,22.220782438230177],[-159.57405184419201,22.220735892115901],[-159.57466501041665,22.220516545017048],[-159.57511787222199,22.220396252746781],[-159.5755866905661,22.22023133536943],[-159.57574129060046,22.220201779357776],[-159.57586813971528,22.220201629505762],[-159.57596281253106,22.220212094567902],[-159.57641911487389,22.22031552246829],[-159.57656897003261,22.220370195578901],[-159.57680912723686,22.220507934948966],[-159.57692592824151,22.220544728272166],[-159.57720623465787,22.22057334128483],[-159.57792839966575,22.220621357446756],[-159.57811755371273,22.220644580416309],[-159.57854574205828,22.220724732143179],[-159.57933623881038,22.220909616985097],[-159.57945910720994,22.220932548599148],[-159.57955211976196,22.220941627139474],[-159.57970813134355,22.220931179162871],[-159.57982691411621,22.22089819561517],[-159.5801093297361,22.220773125191837],[-159.58031731123609,22.220703146155316],[-159.58058061015083,22.220546338939595],[-159.58066919042543,22.220514901661172],[-159.58073284384008,22.220509940683641],[-159.58082862051381,22.220521385475845],[-159.58116100490588,22.220606088416471],[-159.58128374966148,22.220630565713428],[-159.58140764156263,22.220642861903521],[-159.58150099522592,22.220642680079937],[-159.5816260599737,22.220631387779267],[-159.58187343084626,22.220590906485761],[-159.58260976975663,22.220452381502518],[-159.58273329212378,22.220436776534608],[-159.58286361740738,22.220431131468555]]},"properties":{"st_length(shape)":5179.8629283612645,"objectid":790,"year_record":2024,"island":"Kauai","route_id":"560","bmp":6.7800000000000002,"emp":10.003,"route_name":"Kuhio Highway","county_id":7,"county_id_t":"Kauai County","aadt":2259,"aadt_su":201,"aadt_cu":5,"f_system":5,"f_system_t":"Major Collector","facility_type":2,"facility_type_t":"two way","maint_op":1,"maint_op_t":"State Highway","ownership":1,"ownership_t":"State Highway","through_lanes":2,"urban_id":99999,"urban_id_t":"Rural"}},{"type":"Feature","id":791,"geometry":{"type":"LineString","coordinates":[[-159.31283769117414,22.081984378450041],[-159.31341838990332,22.082321094476928],[-159.31352741913062,22.082365026543947],[-159.31365062781538,22.082395689651211],[-159.31377446479871,22.082406655609542],[-159.31392061811843,22.082408414160117],[-159.31405793470455,22.082393437102954],[-159.31522113011738,22.082245531370521],[-159.31610969091165,22.082127576188224],[-159.3162454115361,22.082105243689746],[-159.31637321255732,22.082071154606943],[-159.31645839430408,22.082040090404714],[-159.31656089680203,22.081988393344208],[-159.31664602597837,22.081933787364896],[-159.31672796186288,22.081863002438663],[-159.31681615614602,22.081767190961259],[-159.31714211246253,22.08139135599825],[-159.31734375405219,22.081196741952578],[-159.31757700109981,22.081016779673202],[-159.31776776794521,22.080901640871815],[-159.31792546043511,22.080821879730355],[-159.31850905384985,22.080585322686563],[-159.31999732127258,22.080007394510183],[-159.32019471903456,22.0799250130305],[-159.32042233338822,22.079811655569198],[-159.32059656182992,22.07968764974105],[-159.3206987610528,22.079600077894501],[-159.32077645217933,22.079516587003877],[-159.32124809394901,22.078895994146546],[-159.32148957468689,22.078537968751604],[-159.32180631809226,22.078108579626342],[-159.3219420991428,22.077929802111047],[-159.32210264682294,22.077748035017905],[-159.32232212287252,22.077444643762657],[-159.32236021128057,22.077380664917829]]},"properties":{"st_length(shape)":1211.6836167667152,"objectid":791,"year_record":2024,"island":"Kauai","route_id":"5600","bmp":0,"emp":0.749,"route_name":null,"county_id":7,"county_id_t":"Kauai County","aadt":null,"aadt_su":null,"aadt_cu":null,"f_system":7,"f_system_t":"Local","facility_type":1,"facility_type_t":"one way","maint_op":null,"maint_op_t":null,"ownership":1,"ownership_t":"State Highway","through_lanes":1,"urban_id":99998,"urban_id_t":null}},{"type":"Feature","id":792,"geometry":{"type":"LineString","coordinates":[[-159.32236021128057,22.077380664917829],[-159.32243014712125,22.077263188543409],[-159.32244100618792,22.077238786056107]]},"properties":{"st_length(shape)":17.795027245602661,"objectid":792,"year_record":2024,"island":"Kauai","route_id":"5600","bmp":0.749,"emp":0.76000000000000001,"route_name":null,"county_id":7,"county_id_t":"Kauai County","aadt":null,"aadt_su":null,"aadt_cu":null,"f_system":7,"f_system_t":"Local","facility_type":1,"facility_type_t":"one way","maint_op":null,"maint_op_t":null,"ownership":2,"ownership_t":"County Highway","through_lanes":1,"urban_id":99998,"urban_id_t":null}},{"type":"Feature","id":793,"geometry":{"type":"LineString","coordinates":[[-159.32244100618792,22.077238786056107],[-159.3225086428717,22.077086801043933],[-159.32264589969625,22.076845877954355],[-159.32279153058929,22.076558324434679],[-159.32311900699329,22.075771511481403],[-159.32372701071904,22.074239374663517],[-159.32390828169875,22.073834993732039],[-159.32414555652215,22.073358182293724],[-159.32433536406447,22.073021947467396],[-159.32441867433209,22.072897739284517],[-159.32449301816754,22.072803052429876],[-159.32463571497411,22.072647439349257],[-159.32474597267276,22.072542750508987],[-159.32484342406661,22.072468152549373],[-159.32495165184525,22.07240587138234],[-159.32506807316832,22.072358991940362],[-159.32515910588677,22.072336153687704],[-159.32528471805543,22.072319888705334],[-159.32541028413002,22.072316947626199],[-159.3263796357578,22.072352622972552],[-159.33017212998578,22.072446957079823],[-159.33029736163107,22.072463201946142],[-159.3304189529336,22.072495808102918],[-159.3308771360629,22.072685821768719],[-159.33101129691835,22.072731994278566]]},"properties":{"st_length(shape)":1233.7506208227535,"objectid":793,"year_record":2024,"island":"Kauai","route_id":"5600","bmp":0.76000000000000001,"emp":1.528,"route_name":null,"county_id":7,"county_id_t":"Kauai County","aadt":null,"aadt_su":null,"aadt_cu":null,"f_system":7,"f_system_t":"Local","facility_type":2,"facility_type_t":"two way","maint_op":null,"maint_op_t":null,"ownership":2,"ownership_t":"County Highway","through_lanes":2,"urban_id":99998,"urban_id_t":null}},{"type":"Feature","id":794,"geometry":{"type":"LineString","coordinates":[[-159.33101129691835,22.072731994278566],[-159.33108173281104,22.072756236424986],[-159.33126295836007,22.072796250490743],[-159.3314172894014,22.072809673753735],[-159.33160258732673,22.072799125520344],[-159.33175313765895,22.072767057194966],[-159.33189606108664,22.072711515726681],[-159.33202718091272,22.072634570355003],[-159.33212395021664,22.072561723958071],[-159.3322142001675,22.072481461775226],[-159.33231712347205,22.072373077784665],[-159.33239062166953,22.072279762334819],[-159.33251209930637,22.072078065983622],[-159.33266280565638,22.071758196445675],[-159.33274386824516,22.071538097760076],[-159.33278097064704,22.071367817299201],[-159.33279135641536,22.071165003270085],[-159.33277271169183,22.070873630966055],[-159.33277269934692,22.070756173214598],[-159.33279040668083,22.070609967253375],[-159.33282875389983,22.070467245416321],[-159.33293490674018,22.070222695510612],[-159.33350298710823,22.069088118473395],[-159.33369241248343,22.06871861450924],[-159.33379906118049,22.068539041893924],[-159.33387168434035,22.068442929603258],[-159.33393335071236,22.068375986366114],[-159.33411799420318,22.068216577171277],[-159.33501670584232,22.067533021196262],[-159.33592138576907,22.066856697252653],[-159.33607120427021,22.066710028988005],[-159.33619476686155,22.06654290016753],[-159.33627669929481,22.066386337606225],[-159.33632708232352,22.066219680694502],[-159.33634981172938,22.066017670352267],[-159.3363595736551,22.065668163319955],[-159.33633154076813,22.065172118570565],[-159.33627505339751,22.063654829413419],[-159.33626867888614,22.062779104276185],[-159.33625484262876,22.062664031917542],[-159.33622792953537,22.062550891777224],[-159.3361894999633,22.062440871374989],[-159.3361400432679,22.06233474033063],[-159.33606527489184,22.062207729481742],[-159.33597853783283,22.062087657185373],[-159.3358798444082,22.061975217238249],[-159.33577187482919,22.061870145736112],[-159.33509309882473,22.061264484901422],[-159.33205681754941,22.058603727757379],[-159.33168505002388,22.058247452302435],[-159.33154095161856,22.058092976963049],[-159.33142414273848,22.057954737052484],[-159.3312798481129,22.057763206394682],[-159.33081191537269,22.057069836972012],[-159.3306838256955,22.056868143631291],[-159.33060083077868,22.056709336630604],[-159.33053090960223,22.056514847127964],[-159.33047909798665,22.056285102234657],[-159.33046378834513,22.056109206328127],[-159.33045651141254,22.055729843177531],[-159.33043759818338,22.05558467238744],[-159.33041122423273,22.055471143370099],[-159.33037055810729,22.055361372593534],[-159.33030264500727,22.055230294954743],[-159.32998089931201,22.054736149750024]]},"properties":{"st_length(shape)":2496.4171645131169,"objectid":794,"year_record":2024,"island":"Kauai","route_id":"5600","bmp":1.528,"emp":3.0819999999999999,"route_name":null,"county_id":7,"county_id_t":"Kauai County","aadt":null,"aadt_su":null,"aadt_cu":null,"f_system":7,"f_system_t":"Local","facility_type":2,"facility_type_t":"two way","maint_op":null,"maint_op_t":null,"ownership":1,"ownership_t":"State Highway","through_lanes":2,"urban_id":99998,"urban_id_t":null}},{"type":"Feature","id":795,"geometry":{"type":"LineString","coordinates":[[-159.41214281876202,22.207771102281168],[-159.41198535181769,22.207837617439942],[-159.41192207515755,22.20785081116221],[-159.41185596913036,22.207850284596518],[-159.41176353068445,22.207819738113464],[-159.41166423706727,22.20774169278943],[-159.41112140773157,22.207179189545091],[-159.41108401862968,22.207147957068948],[-159.41107643887716,22.207146086260067]]},"properties":{"st_length(shape)":144.51803846562115,"objectid":795,"year_record":2024,"island":"Kauai","route_id":"562","bmp":0,"emp":0.090000000000000011,"route_name":"Kolo Road","county_id":7,"county_id_t":"Kauai County","aadt":7191,"aadt_su":167,"aadt_cu":23,"f_system":5,"f_system_t":"Major Collector","facility_type":2,"facility_type_t":"two way","maint_op":2,"maint_op_t":"County Highway","ownership":2,"ownership_t":"County Highway","through_lanes":2,"urban_id":99999,"urban_id_t":"Rural"}},{"type":"Feature","id":796,"geometry":{"type":"LineString","coordinates":[[-159.41107643887716,22.207146086260067],[-159.41105762881855,22.207141443214347],[-159.41101148801431,22.207163990657591],[-159.41096417556341,22.207203324729807],[-159.41081483655103,22.207349036182702],[-159.4103219196779,22.207878579614437],[-159.4099998020713,22.208236350292438],[-159.40978290835989,22.208521973303913],[-159.40929800152063,22.209203806907595],[-159.40806637168737,22.211000469207651],[-159.40744544654055,22.21187711590456],[-159.40731555685255,22.212076929909344],[-159.40707211642874,22.212485773154267],[-159.40519457152499,22.215282387540682],[-159.40213279891938,22.219770147176927],[-159.40205397403767,22.219895026079097],[-159.40199473093557,22.220028638679924],[-159.40197693244235,22.220099598131952]]},"properties":{"st_length(shape)":1718.1581610867502,"objectid":796,"year_record":2024,"island":"Kauai","route_id":"562","bmp":0.090000000000000011,"emp":1.1599999999999999,"route_name":"Kilauea Road","county_id":7,"county_id_t":"Kauai County","aadt":7393,"aadt_su":118,"aadt_cu":13,"f_system":5,"f_system_t":"Major Collector","facility_type":2,"facility_type_t":"two way","maint_op":2,"maint_op_t":"County Highway","ownership":2,"ownership_t":"County Highway","through_lanes":2,"urban_id":99999,"urban_id_t":"Rural"}},{"type":"Feature","id":797,"geometry":{"type":"LineString","coordinates":[[-159.40197693244235,22.220099598131952],[-159.40195961171386,22.220168655613225],[-159.40195492847172,22.220283182445041],[-159.40197558058441,22.220426390690438],[-159.40200701164852,22.22053793104385],[-159.40207023258338,22.220669997058419],[-159.40213847953967,22.220766938442594],[-159.40233357584486,22.220995692645317],[-159.40240641879853,22.221091739907067],[-159.40247821723182,22.22122294796986],[-159.40251873900559,22.221333958000073],[-159.40255668613574,22.22150598389522],[-159.40262407252879,22.221999053520062],[-159.40276886928103,22.222865995438553],[-159.40280329728188,22.2231570721788],[-159.40280527116437,22.223362723632711],[-159.40278886327761,22.223508480742602],[-159.40276204297925,22.223653217468982],[-159.40265127316491,22.224109872105576],[-159.40260317071616,22.224249834515547],[-159.40254211853403,22.224354497256279],[-159.40248228766546,22.22442406104981],[-159.40241353565028,22.224484435658351],[-159.40226600175808,22.224593438982023],[-159.4022004717983,22.224654428891846],[-159.40214851766021,22.224725014729891],[-159.40210415588481,22.224831566650408],[-159.40196069996475,22.225432284382681],[-159.40175016512961,22.226195755368025],[-159.40162743003521,22.226740699789381],[-159.40156469954655,22.226937436106621],[-159.40139394569195,22.227376211083222],[-159.40134985084197,22.227511230557866],[-159.40133102258309,22.227673560279698],[-159.40134593366892,22.227701151751191],[-159.40140043337865,22.227749148561013],[-159.40147088040544,22.227792301631656]]},"properties":{"st_length(shape)":908.85764025483365,"objectid":797,"year_record":2024,"island":"Kauai","route_id":"562","bmp":1.1599999999999999,"emp":1.726,"route_name":"Kilauea Road","county_id":7,"county_id_t":"Kauai County","aadt":7393,"aadt_su":118,"aadt_cu":13,"f_system":6,"f_system_t":"Minor Collector","facility_type":2,"facility_type_t":"two way","maint_op":2,"maint_op_t":"County Highway","ownership":2,"ownership_t":"County Highway","through_lanes":2,"urban_id":99999,"urban_id_t":"Rural"}},{"type":"Feature","id":798,"geometry":{"type":"LineString","coordinates":[[-159.49564937366173,22.203134858510769],[-159.49570969596891,22.203392602938337],[-159.49596937090419,22.204712353459609],[-159.49600224755,22.204824336647309],[-159.49604481225197,22.204932972084464],[-159.49613280846737,22.205086403765755],[-159.49618889843237,22.205154989537959],[-159.4962764104398,22.205237109252096],[-159.49634979942635,22.20529099525077],[-159.49645485692648,22.205353450154668],[-159.4970703998093,22.205644103227566],[-159.49758445664671,22.205875509573001]]},"properties":{"st_length(shape)":397.44350843445119,"objectid":798,"year_record":2024,"island":"Kauai","route_id":"563","bmp":0,"emp":0.23800000000000002,"route_name":"Aku Road","county_id":7,"county_id_t":"Kauai County","aadt":2077,"aadt_su":4,"aadt_cu":2,"f_system":5,"f_system_t":"Major Collector","facility_type":2,"facility_type_t":"two way","maint_op":2,"maint_op_t":"County Highway","ownership":2,"ownership_t":"County Highway","through_lanes":2,"urban_id":99999,"urban_id_t":"Rural"}},{"type":"Feature","id":808,"geometry":{"type":"LineString","coordinates":[[-159.36576243717545,21.976172588494652],[-159.36567758030699,21.97618095012605],[-159.36558662122658,21.976198434751094],[-159.36543978271416,21.976244435434179],[-159.36512344844496,21.976373591338533],[-159.36500313992246,21.976408887314353],[-159.36487955443926,21.976433928242631],[-159.36475364997062,21.976447190583848],[-159.36462697923307,21.976448668172903],[-159.36446967222034,21.976435838056311],[-159.36431440238746,21.976409015210734],[-159.3641930202979,21.976376669254606],[-159.36404612886207,21.976323513791534],[-159.36393315519646,21.976270142062582],[-159.36382752523835,21.976206324594941],[-159.36348100045743,21.975955289166947],[-159.36334265289366,21.975837019034142],[-159.36321253267607,21.975709101645755],[-159.36307557675994,21.975547498914327],[-159.36294878831546,21.975344198504988],[-159.36284929437591,21.975128912166898],[-159.36277928159993,21.974903019197441],[-159.36274387942518,21.974700380314292],[-159.36273539116635,21.974494702382788],[-159.36275376026811,21.974261095582548],[-159.3628004866149,21.97403145276807],[-159.36285559573844,21.97386305140575],[-159.36291378992684,21.973726743561755],[-159.36298496489451,21.973595640660722],[-159.36306855637693,21.973470685325545],[-159.36321753211794,21.97328209468801],[-159.36368970769135,21.972735474212008],[-159.36432068196783,21.971982815989989]]},"properties":{"st_length(shape)":770.23675581457701,"objectid":808,"year_record":2024,"island":"Kauai","route_id":"5720","bmp":0.21000000000000002,"emp":0.67900000000000005,"route_name":"Hardy Street","county_id":7,"county_id_t":"Kauai County","aadt":4152,"aadt_su":19,"aadt_cu":1,"f_system":5,"f_system_t":"Major Collector","facility_type":2,"facility_type_t":"two way","maint_op":2,"maint_op_t":"County Highway","ownership":2,"ownership_t":"County Highway","through_lanes":2,"urban_id":99998,"urban_id_t":"Small Urban"}},{"type":"Feature","id":809,"geometry":{"type":"LineString","coordinates":[[-159.36553518982316,21.977311093362012],[-159.36525111812148,21.977259913098163],[-159.36512766756402,21.977249726752571],[-159.36466008779311,21.977281273757232],[-159.36453396282874,21.977280177056095],[-159.36437767427637,21.977268252564496],[-159.36422205697446,21.977246821278403],[-159.36406838285743,21.97721554068243],[-159.36388786911161,21.97716601743349],[-159.36374013066887,21.977116013903931],[-159.36356905965735,21.977040367913965],[-159.36337994586259,21.976935649941414],[-159.36325076784962,21.976851067935684],[-159.36302898271774,21.976690297963575],[-159.36286102785803,21.976558305423335],[-159.36270068240654,21.976418528061185],[-159.36257203290302,21.976290735213247],[-159.36245101077807,21.976155399710731],[-159.36230644839043,21.975963891897521],[-159.36217853396894,21.975762429183387],[-159.36205730003408,21.975524502984719],[-159.36197205557846,21.975303464957303],[-159.36190367283689,21.975047574490926],[-159.36185818533076,21.974787445140329],[-159.36184248500462,21.974553439220191],[-159.36185144510412,21.974290604162878],[-159.36187662436956,21.974086973239835],[-159.36192435672925,21.973856648141535],[-159.36198527633917,21.973659516389326],[-159.36207381863915,21.973440705116897],[-159.36218246114947,21.973229180016595],[-159.36231092990471,21.973027319526096],[-159.36247660535381,21.972814507421504],[-159.36273485213152,21.972520133460129],[-159.36280220937064,21.972423700694847],[-159.36282422179193,21.972371511429749],[-159.36283535352362,21.972287879160767],[-159.36282743940589,21.972231933549036],[-159.36280757477621,21.972179034568732],[-159.36275467187778,21.972108000524301],[-159.36268797273544,21.972048542989629],[-159.36174114497521,21.971328316271663],[-159.36159219206081,21.971222115360785],[-159.36023007223542,21.970389328104737],[-159.35938645327531,21.969882408741604]]},"properties":{"st_length(shape)":1278.0967997187572,"objectid":809,"year_record":2024,"island":"Kauai","route_id":"5730","bmp":0,"emp":0.79000000000000004,"route_name":"Puaole Street","county_id":7,"county_id_t":"Kauai County","aadt":1722,"aadt_su":19,"aadt_cu":0,"f_system":6,"f_system_t":"Minor Collector","facility_type":2,"facility_type_t":"two way","maint_op":2,"maint_op_t":"County Highway","ownership":2,"ownership_t":"County Highway","through_lanes":2,"urban_id":99998,"urban_id_t":"Small Urban"}},{"type":"Feature","id":810,"geometry":{"type":"LineString","coordinates":[[-159.35809610519144,21.993130839262122],[-159.35812461613327,21.993209986542507],[-159.35817349455186,21.993351161422353],[-159.35824251957266,21.99350222656761],[-159.35830669592065,21.993608047822203],[-159.35840701416834,21.993756308003302],[-159.35845695034931,21.99379430167345],[-159.35858400834874,21.993921078118536],[-159.35868003489864,21.993994696777598],[-159.35881153244299,21.994071936499246],[-159.35897946312795,21.994147838794881],[-159.35918344315905,21.994220775481864],[-159.35968591689155,21.994381794917366],[-159.35977313608296,21.994416069157289],[-159.35988357053409,21.994473086325058],[-159.36294409457753,21.996502209627749],[-159.36320479255977,21.996664748491739],[-159.36334886787918,21.996715488445432],[-159.36341012831434,21.996724583219219],[-159.36350271482928,21.99672388749407],[-159.36356335019684,21.996714266043572],[-159.36365118270592,21.996685333692824],[-159.3637316296257,21.996642449525904],[-159.36378057909641,21.996607112983202],[-159.36386474022092,21.996522095632475],[-159.36392693092355,21.996421945512843],[-159.36408833192391,21.996073143450705],[-159.36414795791651,21.995908068417549],[-159.36416575013649,21.99582270766545],[-159.36417388167968,21.995736111668251],[-159.36417069561762,21.995649270666561],[-159.36415442906045,21.995534185421235],[-159.36384579743543,21.99401140324245],[-159.36382192409093,21.993927574103019],[-159.36378349063978,21.993848698308774],[-159.36374721775115,21.993802970504667],[-159.3637027577341,21.993763193762376],[-159.36350159203789,21.993624392673592],[-159.36212208210685,21.992711713256142],[-159.36201663389778,21.992648459131612],[-159.3619332688817,21.992610745382233],[-159.36181404656156,21.992579633545823],[-159.36168999886542,21.992569472298673],[-159.36156605530692,21.992576698422127],[-159.36144453790587,21.992600552424733],[-159.35951262667461,21.993198741894055],[-159.35915358584464,21.993303064000184],[-159.35900871511791,21.993355834198034],[-159.3588999578412,21.993411674672618],[-159.35848314707127,21.993720674219929]]},"properties":{"st_length(shape)":1673.7080643150382,"objectid":810,"year_record":2024,"island":"Kauai","route_id":"5740","bmp":0,"emp":1.046,"route_name":"Laukona Street","county_id":7,"county_id_t":"Kauai County","aadt":3241,"aadt_su":14,"aadt_cu":2,"f_system":6,"f_system_t":"Minor Collector","facility_type":2,"facility_type_t":"two way","maint_op":2,"maint_op_t":"County Highway","ownership":2,"ownership_t":"County Highway","through_lanes":2,"urban_id":99998,"urban_id_t":"Small Urban"}},{"type":"Feature","id":811,"geometry":{"type":"LineString","coordinates":[[-159.35333255087264,21.995452276240957],[-159.35318266756215,21.995318491666858],[-159.35310748670102,21.995268026276054],[-159.35302550361655,21.995230206552069],[-159.35287706385765,21.995188298025813],[-159.34891793221547,21.994428362590995]]},"properties":{"st_length(shape)":473.68239339713676,"objectid":811,"year_record":2024,"island":"Kauai","route_id":"5750","bmp":0,"emp":0.29000000000000004,"route_name":"Hanamalu Road","county_id":7,"county_id_t":"Kauai County","aadt":1418,"aadt_su":12,"aadt_cu":4,"f_system":6,"f_system_t":"Minor Collector","facility_type":2,"facility_type_t":"two way","maint_op":2,"maint_op_t":"County Highway","ownership":2,"ownership_t":"County Highway","through_lanes":2,"urban_id":99998,"urban_id_t":"Small Urban"}},{"type":"Feature","id":812,"geometry":{"type":"LineString","coordinates":[[-159.35403509588255,21.957997789089983],[-159.35416331837251,21.957910277456133],[-159.35424338307897,21.957860639172523],[-159.35432944459174,21.957819176775075],[-159.35451296705094,21.957761787619351],[-159.35470268070779,21.957737862188672],[-159.35482936175816,21.957735044471725],[-159.35573426682927,21.957754582979334],[-159.3572272873991,21.957801904280327],[-159.3574758401079,21.957793639961345],[-159.35772141357378,21.9577628849798],[-159.35796059013197,21.957705880320667],[-159.35822043566705,21.957612366150737],[-159.35847001740819,21.957494784417534],[-159.35899052326732,21.957229917479488],[-159.35913232829444,21.957170278036649]]},"properties":{"st_length(shape)":548.53734919849285,"objectid":812,"year_record":2024,"island":"Kauai","route_id":"58","bmp":0,"emp":0.34000000000000002,"route_name":"Nawiliwili Road","county_id":7,"county_id_t":"Kauai County","aadt":12618,"aadt_su":225,"aadt_cu":169,"f_system":3,"f_system_t":"Principal Arterial","facility_type":2,"facility_type_t":"two way","maint_op":1,"maint_op_t":"State Highway","ownership":1,"ownership_t":"State Highway","through_lanes":2,"urban_id":99998,"urban_id_t":"Small Urban"}},{"type":"Feature","id":813,"geometry":{"type":"LineString","coordinates":[[-159.35913232829444,21.957170278036649],[-159.3592479109183,21.957121667303579],[-159.35948548405418,21.957049326098304],[-159.35976317815644,21.957003738142934],[-159.35995085498743,21.956991709548369],[-159.36010759122522,21.956994217301094],[-159.36026280608837,21.957009838182866],[-159.36041641109892,21.957036882039379],[-159.36059768879193,21.957082706424504],[-159.3607447989755,21.957131905042285],[-159.36088756963346,21.957191535242721],[-159.36102537909485,21.957261243347752],[-159.36115692532866,21.957340488356056],[-159.36128178919728,21.957428584583337],[-159.36139838064958,21.957526762425729],[-159.36152658091257,21.957654530574274],[-159.36170413408135,21.957858096776636],[-159.36272126173844,21.959077770294222],[-159.36296204562532,21.959345883202282],[-159.36325523589323,21.959648468351944],[-159.36331582016626,21.95970759331481]]},"properties":{"st_length(shape)":564.67085725067523,"objectid":813,"year_record":2024,"island":"Kauai","route_id":"58","bmp":0.34000000000000002,"emp":0.69000000000000006,"route_name":"Nawiliwili Road","county_id":7,"county_id_t":"Kauai County","aadt":13154,"aadt_su":239,"aadt_cu":138,"f_system":3,"f_system_t":"Principal Arterial","facility_type":2,"facility_type_t":"two way","maint_op":1,"maint_op_t":"State Highway","ownership":1,"ownership_t":"State Highway","through_lanes":2,"urban_id":99998,"urban_id_t":"Small Urban"}},{"type":"Feature","id":814,"geometry":{"type":"LineString","coordinates":[[-159.36331582016626,21.95970759331481],[-159.36353593435112,21.959922404259355],[-159.36389342595029,21.960248709558783],[-159.3642110227625,21.960529257961539],[-159.3644910792965,21.960761621437616],[-159.36482623358796,21.961024263057553],[-159.36527028504,21.961346562207318],[-159.36960711082747,21.964363591334081],[-159.37047519093568,21.964987744793437],[-159.37209632469978,21.966272268956402],[-159.37220768418774,21.966354850892085]]},"properties":{"st_length(shape)":1177.7420586907986,"objectid":814,"year_record":2024,"island":"Kauai","route_id":"58","bmp":0.69000000000000006,"emp":1.4199999999999999,"route_name":"Nawiliwili Road","county_id":7,"county_id_t":"Kauai County","aadt":13085,"aadt_su":700,"aadt_cu":161,"f_system":3,"f_system_t":"Principal Arterial","facility_type":2,"facility_type_t":"two way","maint_op":1,"maint_op_t":"State Highway","ownership":1,"ownership_t":"State Highway","through_lanes":2,"urban_id":99998,"urban_id_t":"Small Urban"}},{"type":"Feature","id":815,"geometry":{"type":"LineString","coordinates":[[-159.37220768418774,21.966354850892085],[-159.37300232941308,21.96694413851591],[-159.37437232937029,21.96801854949004],[-159.3771120087597,21.970199408154034]]},"properties":{"st_length(shape)":661.47154645650312,"objectid":815,"year_record":2024,"island":"Kauai","route_id":"58","bmp":1.4199999999999999,"emp":1.8300000000000001,"route_name":"Nawiliwili Road","county_id":7,"county_id_t":"Kauai County","aadt":13085,"aadt_su":700,"aadt_cu":161,"f_system":3,"f_system_t":"Principal Arterial","facility_type":2,"facility_type_t":"two way","maint_op":1,"maint_op_t":"State Highway","ownership":1,"ownership_t":"State Highway","through_lanes":3,"urban_id":99998,"urban_id_t":"Small Urban"}},{"type":"Feature","id":816,"geometry":{"type":"LineString","coordinates":[[-159.3771120087597,21.970199408154034],[-159.37723087373305,21.970294025818504]]},"properties":{"st_length(shape)":16.133476808408744,"objectid":816,"year_record":2024,"island":"Kauai","route_id":"58","bmp":1.8300000000000001,"emp":1.8400000000000001,"route_name":"Nawiliwili Road","county_id":7,"county_id_t":"Kauai County","aadt":7603,"aadt_su":276,"aadt_cu":101,"f_system":3,"f_system_t":"Principal Arterial","facility_type":2,"facility_type_t":"two way","maint_op":1,"maint_op_t":"State Highway","ownership":1,"ownership_t":"State Highway","through_lanes":3,"urban_id":99998,"urban_id_t":"Small Urban"}},{"type":"Feature","id":817,"geometry":{"type":"LineString","coordinates":[[-159.37723087373305,21.970294025818504],[-159.37853950919882,21.971335692527653],[-159.37876838331215,21.97153219711501]]},"properties":{"st_length(shape)":209.73483744377745,"objectid":817,"year_record":2024,"island":"Kauai","route_id":"58","bmp":1.8400000000000001,"emp":1.9700000000000002,"route_name":"Nawiliwili Road","county_id":7,"county_id_t":"Kauai County","aadt":7603,"aadt_su":276,"aadt_cu":101,"f_system":3,"f_system_t":"Principal Arterial","facility_type":2,"facility_type_t":"two way","maint_op":1,"maint_op_t":"State Highway","ownership":1,"ownership_t":"State Highway","through_lanes":4,"urban_id":99998,"urban_id_t":"Small Urban"}},{"type":"Feature","id":818,"geometry":{"type":"LineString","coordinates":[[-159.37876838331215,21.97153219711501],[-159.37888576358537,21.971632976656984],[-159.37945706337817,21.972090921035196],[-159.37966707879414,21.972278043166735]]},"properties":{"st_length(shape)":124.22758268405906,"objectid":818,"year_record":2024,"island":"Kauai","route_id":"58","bmp":1.9700000000000002,"emp":2.0470000000000002,"route_name":"Nawiliwili Road","county_id":7,"county_id_t":"Kauai County","aadt":7603,"aadt_su":276,"aadt_cu":101,"f_system":3,"f_system_t":"Principal Arterial","facility_type":2,"facility_type_t":"two way","maint_op":1,"maint_op_t":"State Highway","ownership":1,"ownership_t":"State Highway","through_lanes":3,"urban_id":99998,"urban_id_t":"Small Urban"}},{"type":"Feature","id":819,"geometry":{"type":"LineString","coordinates":[[-159.335630350846,22.047347696693286],[-159.3362298794631,22.047572672710604],[-159.33642699944389,22.047662235985161],[-159.33823121391978,22.048658944942325],[-159.33840676625201,22.048782814213119],[-159.33940262297821,22.049628153200143],[-159.33954562046006,22.049740502986296],[-159.33967294722419,22.049823128560764],[-159.33978123733746,22.049879657031237],[-159.33989451835558,22.0499267847139],[-159.34004182551854,22.049973152322181],[-159.34019322063838,22.050005374276708],[-159.34034722127447,22.050022386686329],[-159.34047176728399,22.050024795575691],[-159.34062625640362,22.050013875060376],[-159.34086948373749,22.049967919474362],[-159.34137412610571,22.049813672614846],[-159.34164581689041,22.049741058359139],[-159.34207438023412,22.049652768321153],[-159.34235438080222,22.049617309363693],[-159.34269884994396,22.049591852488703],[-159.34298095793386,22.049585687500972],[-159.34329435242699,22.049595349735416],[-159.34351322228395,22.049615262302748],[-159.34388550387627,22.049667141336442],[-159.34459703832428,22.049775346253007],[-159.34484292465507,22.049820768409255],[-159.34508374471955,22.049887431699918],[-159.34568897242787,22.050126594408386],[-159.34610336725635,22.050256460993094],[-159.34637444999422,22.050322892153179],[-159.34649775383892,22.050336022906468],[-159.34662185975904,22.050336665434113],[-159.3467759215587,22.050321084599354],[-159.34692756641948,22.050290043668472],[-159.34707401771678,22.050243132049591],[-159.34721245424649,22.050177951688386],[-159.34731400017682,22.050112863029351],[-159.34740908067889,22.050038123034785],[-159.34749723937449,22.049956545090875],[-159.34781105473911,22.049632110452947],[-159.34792762891033,22.049534831567392],[-159.3480768484321,22.04942912638246],[-159.34826057328286,22.049318696761048],[-159.34842665036595,22.049237618388336],[-159.34865797497204,22.049150571015669],[-159.34886643830893,22.049090206327492],[-159.34904948659366,22.049053634331958],[-159.34926623629988,22.049029494742705],[-159.34948473511093,22.049024657629765],[-159.34970274038548,22.049037467254195],[-159.3498575058654,22.049057727789958],[-159.35001005755822,22.049088476419993],[-159.35063940141387,22.049256395400363],[-159.3508205809369,22.049295665529559],[-159.35103523226664,22.049321300360795],[-159.35125174748211,22.049321891193564],[-159.3514661289953,22.049294748934638],[-159.35167439577106,22.049239965261432],[-159.35225787746475,22.049039475468692],[-159.35257268561119,22.048917155183503],[-159.35273577805197,22.048835417577603],[-159.35286289935442,22.048754335542906],[-159.35300424631546,22.048643246631926],[-159.35313441444734,22.048520099118438],[-159.35332902452316,22.04829512134604],[-159.3540449352918,22.047373161034603],[-159.35418287615806,22.0472140597868],[-159.35431288842236,22.047087237391082],[-159.35452548142442,22.046915240318327],[-159.35478146893556,22.046746600086184],[-159.35500032598898,22.046631664497387],[-159.35520366978028,22.046555727601721],[-159.35589870055063,22.046382610081409],[-159.356082135078,22.046346080925808],[-159.35620636937946,22.046329347331071],[-159.35633176659039,22.046322297784979],[-159.35645797271985,22.046325588048514],[-159.35676913402062,22.04636284936058],[-159.35692487642743,22.046372730538256],[-159.35729870303879,22.046365330042725],[-159.35789110893313,22.046315625462128],[-159.35829550353185,22.046266642857081]]},"properties":{"st_length(shape)":2618.7513702637334,"objectid":819,"year_record":2024,"island":"Kauai","route_id":"580","bmp":0,"emp":1.6299999999999999,"route_name":"Kuamoo Road","county_id":7,"county_id_t":"Kauai County","aadt":9520,"aadt_su":110,"aadt_cu":48,"f_system":4,"f_system_t":"Minor Arterial","facility_type":2,"facility_type_t":"two way","maint_op":1,"maint_op_t":"State Highway","ownership":1,"ownership_t":"State Highway","through_lanes":2,"urban_id":99998,"urban_id_t":"Small Urban"}},{"type":"Feature","id":820,"geometry":{"type":"LineString","coordinates":[[-159.35829550353185,22.046266642857081],[-159.35885588355308,22.046198764440291],[-159.35907204641342,22.046165717954473],[-159.35953001100691,22.04607346477589],[-159.35974599897634,22.046045747173331],[-159.35996327508744,22.04603768709034],[-159.36015075187998,22.046043188739887],[-159.36030658354193,22.046061208296493],[-159.36045915136734,22.046096077698571],[-159.36054791192223,22.046127084336501],[-159.36063226657285,22.04616824624711],[-159.36078403508489,22.046272299732145],[-159.36134500969573,22.046737894742165],[-159.3625478881348,22.047762924963219],[-159.36269573462252,22.047869168012728],[-159.36283253101681,22.047939857105852],[-159.36372793789781,22.048359151761677],[-159.36475648409996,22.048853710244138],[-159.36487278924261,22.048895562142732],[-159.36499348474391,22.048925780534947],[-159.36542542773816,22.048993570447227],[-159.36560733135818,22.049037564701212],[-159.36569514109419,22.04907077953321],[-159.36577772922212,22.0491133990291],[-159.36595103474423,22.049239395494901],[-159.36614992720141,22.049425634518393],[-159.36633588477784,22.049660961625495],[-159.36673525488769,22.050220257711899],[-159.36853595257057,22.052787696453329],[-159.36863324937559,22.052900593165198],[-159.36872296701478,22.052980346217751],[-159.36882398209715,22.053047780692527],[-159.36896231092808,22.053114350433958],[-159.37258426435579,22.054324895857832]]},"properties":{"st_length(shape)":1831.5193970545254,"objectid":820,"year_record":2024,"island":"Kauai","route_id":"580","bmp":1.6299999999999999,"emp":2.77,"route_name":"Kuamoo Road","county_id":7,"county_id_t":"Kauai County","aadt":8351,"aadt_su":278,"aadt_cu":22,"f_system":4,"f_system_t":"Minor Arterial","facility_type":2,"facility_type_t":"two way","maint_op":1,"maint_op_t":"State Highway","ownership":1,"ownership_t":"State Highway","through_lanes":2,"urban_id":99998,"urban_id_t":"Small Urban"}},{"type":"Feature","id":822,"geometry":{"type":"LineString","coordinates":[[-159.38327104118167,22.056431587507266],[-159.38395866311839,22.056355303300858],[-159.38408378502635,22.056353112520881],[-159.38417587741813,22.056371944432211],[-159.38423300600374,22.05639678129916],[-159.38428428726576,22.056430806265858],[-159.38434490279292,22.056499339519487],[-159.38437726862171,22.05658453611402],[-159.38438181893989,22.056673142546199],[-159.38434979361551,22.056787833947105],[-159.38421189716027,22.057047409458274],[-159.38416768816217,22.057153839494333],[-159.38410116667808,22.05746654374774],[-159.3839726971336,22.057885098906336],[-159.3839583153395,22.05799953471281],[-159.38396235956725,22.058056559122097],[-159.38397674067136,22.058110219277985],[-159.38402037266488,22.058180808040404],[-159.38408840629438,22.058234042346466],[-159.38417415902168,22.058260929695145],[-159.38426386926105,22.058259602445098],[-159.38437926443035,22.058225211416563],[-159.38448398736355,22.058165513946289],[-159.38460090692141,22.058071992931112],[-159.38468147886243,22.057985817277689],[-159.38474382267526,22.057888254167942],[-159.38477605159756,22.057807651566151],[-159.38485221085224,22.057554657767451],[-159.38489413526801,22.057475141761564],[-159.38494905825621,22.057402821755083],[-159.38505957416254,22.057298063184057],[-159.38562704370136,22.056839765751576],[-159.38606919769006,22.05646682861078],[-159.3861477610042,22.056416105086036],[-159.38620462804192,22.05639017692047],[-159.386265069308,22.056371732492877],[-159.38635913778896,22.056359763998685],[-159.38645392571974,22.056365043953413],[-159.38651599601909,22.056377237416214],[-159.386605341875,22.056406676260146],[-159.38666154165116,22.056433366511044],[-159.38679081565675,22.056517490744813],[-159.38781967336629,22.057283004374],[-159.39177106897927,22.060248055169172],[-159.39416616845656,22.062031634784454],[-159.39428364622358,22.062129432233665],[-159.39432142123991,22.062177084110818],[-159.39434831731327,22.062231148573634],[-159.39436187686832,22.062289649414854],[-159.3943649820132,22.062348987636852],[-159.39434796141427,22.062524616557237],[-159.39420664080916,22.063566754216922],[-159.39420636281426,22.063711183316258],[-159.39422286637435,22.063796047408644],[-159.39424203060136,22.063850208197746],[-159.39429695900751,22.063953694338963],[-159.39436602413448,22.064049719256172],[-159.39503335526817,22.064895210079232],[-159.39524414142883,22.065148260667929],[-159.39556092400022,22.065562331274936]]},"properties":{"st_length(shape)":2120.7066036812025,"objectid":822,"year_record":2024,"island":"Kauai","route_id":"580","bmp":3.4900000000000002,"emp":4.8100000000000005,"route_name":"Kuamoo Road","county_id":7,"county_id_t":"Kauai County","aadt":1954,"aadt_su":23,"aadt_cu":15,"f_system":5,"f_system_t":"Major Collector","facility_type":2,"facility_type_t":"two way","maint_op":1,"maint_op_t":"State Highway","ownership":1,"ownership_t":"State Highway","through_lanes":2,"urban_id":99998,"urban_id_t":"Small Urban"}},{"type":"Feature","id":823,"geometry":{"type":"LineString","coordinates":[[-159.39556092400022,22.065562331274936],[-159.39557033938439,22.06557463857979],[-159.39562888422392,22.065639659918144],[-159.39570624817028,22.065684331947661],[-159.39576776092971,22.065697144738742],[-159.39586069179981,22.065698341031887],[-159.39629639138943,22.065677519195781],[-159.39645055853691,22.06565875271334],[-159.39653949017054,22.065633128131005],[-159.39665145453705,22.065582866133187],[-159.39672791483358,22.065533544797155],[-159.3967971568992,22.065476109122102],[-159.39735383686047,22.064921134794851],[-159.39743003124161,22.064829605346986],[-159.39747525882836,22.064753289932526],[-159.39750618064676,22.064671762115442],[-159.39752395091156,22.064586009262907],[-159.39755638275327,22.064295842341011],[-159.39757717210327,22.064180300443176],[-159.39761142221269,22.064067300620188],[-159.39767186579033,22.063932299045454],[-159.39776707373417,22.06377953996768],[-159.39786694310922,22.063666510659395],[-159.39800710575409,22.063549459675922],[-159.39813872184772,22.063468470061906],[-159.39893271172087,22.063121730759327],[-159.39933688899984,22.062964594473979],[-159.39960275841457,22.062874989712618],[-159.40008230278636,22.062740990587287],[-159.40257668565903,22.06207506369725],[-159.40288129488775,22.062007271124276],[-159.40303757095145,22.061994324057327],[-159.40319417537444,22.062007635238643],[-159.40331645678961,22.062036071231809],[-159.4034604815912,22.062094319238781],[-159.40356630516916,22.062157604921214],[-159.40363844435527,22.062214797750222],[-159.40370306201393,22.062280323402554],[-159.40385621890795,22.06246511506669],[-159.40392151580107,22.06252572607945],[-159.40404955896895,22.062605396373772],[-159.40416368731928,22.062647193761915],[-159.40425507384157,22.062662243280712],[-159.40434812181653,22.062662032359356],[-159.40559056434034,22.062552843901642],[-159.40581005734737,22.062559684392106],[-159.40599626738356,22.062585697620925],[-159.40620437593861,22.062649789302391],[-159.40631908396122,22.062697834595571],[-159.40642853573442,22.062753904509812],[-159.40658332984435,22.062852634750595],[-159.40702216141685,22.063179356416313],[-159.40718222902751,22.063269671027108],[-159.40732337645738,22.063330739654194],[-159.40747173145093,22.063376390286159],[-159.40762415460102,22.06340760462572],[-159.4085844206443,22.063545424355141],[-159.40867481837853,22.063568147620742],[-159.40876175389727,22.063600907592768],[-159.40884444101263,22.063643306923286],[-159.4089209208,22.063693605081031],[-159.40910184116095,22.063856446584467],[-159.4093221419183,22.064103728122276],[-159.40948562474685,22.064353255640157],[-159.40955605468375,22.064483080670168],[-159.40961531275926,22.064618353327976],[-159.40991596994834,22.065559827610343],[-159.40997025704152,22.065692528747501],[-159.41001797052971,22.065764261911269],[-159.41006152717443,22.065803443952632],[-159.41013968172834,22.065846785394417],[-159.41061246294402,22.06597805459398],[-159.41069858317425,22.066013112978116],[-159.41080496853564,22.066076172022736],[-159.41087536519768,22.066134745488075],[-159.4109381769685,22.066199436142828],[-159.41107854022667,22.06635579207741],[-159.41132752622715,22.066655419446565],[-159.41152152014718,22.066846653577155],[-159.41169454104048,22.066971528012296],[-159.41207800351216,22.067206064032238]]},"properties":{"st_length(shape)":2139.9857581590786,"objectid":823,"year_record":2024,"island":"Kauai","route_id":"580","bmp":4.8100000000000005,"emp":6.1420000000000003,"route_name":"Kuamoo Road","county_id":7,"county_id_t":"Kauai County","aadt":1954,"aadt_su":23,"aadt_cu":15,"f_system":6,"f_system_t":"Minor Collector","facility_type":2,"facility_type_t":"two way","maint_op":1,"maint_op_t":"State Highway","ownership":1,"ownership_t":"State Highway","through_lanes":2,"urban_id":99998,"urban_id_t":"Small Urban"}},{"type":"Feature","id":824,"geometry":{"type":"LineString","coordinates":[[-159.41207800351216,22.067206064032238],[-159.41221898951829,22.067292294750974],[-159.41231483714057,22.067369427707138],[-159.41237628167471,22.067436165697753],[-159.41244350780735,22.067536989146102],[-159.41257892117039,22.067800848399997],[-159.41292110147347,22.068543179285932],[-159.41299164275804,22.068672155003249],[-159.41306201981317,22.068767920028836],[-159.41337174824787,22.069136836643469],[-159.41354687289061,22.069374619177538],[-159.41378105534346,22.069718179558759],[-159.41398226527787,22.070048566055618],[-159.41405573980495,22.07014077771473],[-159.41410327065228,22.070177539115654],[-159.41415813937172,22.07020452034315],[-159.41421750113562,22.070219707615731],[-159.41427951082514,22.070223556413868],[-159.41443525648006,22.070207517203929],[-159.41492351022538,22.07011711897513],[-159.41501679455567,22.070108585233626],[-159.41507971009963,22.070110980519114],[-159.41517217961533,22.070128445913284],[-159.4152905571961,22.070165096718654],[-159.41569858457288,22.070316477501787],[-159.41581047534729,22.070368416924591],[-159.41588930944667,22.070416633248499],[-159.41595501473762,22.070480986587626],[-159.41598608941456,22.070535720587625],[-159.41600181965859,22.070623195122042],[-159.41597481014486,22.070794025057758],[-159.41597425922274,22.070909139023925],[-159.41599506846745,22.070993644610944],[-159.41603961733892,22.071068367088902],[-159.41610517985282,22.071130505506311],[-159.41641491484117,22.071377777124361],[-159.41665971469979,22.071605123027258],[-159.41679623855802,22.071721100189173],[-159.41689919544166,22.071786018616905],[-159.4169834037655,22.071821494956577],[-159.41707344882275,22.071842028971261],[-159.41716644830703,22.071847399433963],[-159.41728892622052,22.071827717477547],[-159.41754540319053,22.071718269995628],[-159.41763667085877,22.071699015261803]]},"properties":{"st_length(shape)":864.34862113917859,"objectid":824,"year_record":2024,"island":"Kauai","route_id":"580","bmp":6.1420000000000003,"emp":6.6799999999999997,"route_name":"Kuamoo Road","county_id":7,"county_id_t":"Kauai County","aadt":1954,"aadt_su":23,"aadt_cu":15,"f_system":6,"f_system_t":"Minor Collector","facility_type":2,"facility_type_t":"two way","maint_op":1,"maint_op_t":"State Highway","ownership":1,"ownership_t":"State Highway","through_lanes":2,"urban_id":99999,"urban_id_t":"Rural"}},{"type":"Feature","id":825,"geometry":{"type":"LineString","coordinates":[[-159.31946336671743,22.073097197674208],[-159.31949062016784,22.074011669968222],[-159.31948415017956,22.075501607905032],[-159.31949858479069,22.075901989882659]]},"properties":{"st_length(shape)":310.52357559725471,"objectid":825,"year_record":2024,"island":"Kauai","route_id":"5805","bmp":0.030000000000000002,"emp":0.217,"route_name":"Ulu Street","county_id":7,"county_id_t":"Kauai County","aadt":5812,"aadt_su":50,"aadt_cu":7,"f_system":6,"f_system_t":"Minor Collector","facility_type":2,"facility_type_t":"two way","maint_op":2,"maint_op_t":"County Highway","ownership":2,"ownership_t":"County Highway","through_lanes":2,"urban_id":99998,"urban_id_t":"Small Urban"}},{"type":"Feature","id":826,"geometry":{"type":"LineString","coordinates":[[-159.31823648566279,22.076141078037143],[-159.31847134926466,22.076107894749835],[-159.32012483282219,22.075776458606576],[-159.3202237817641,22.075769892963894]]},"properties":{"st_length(shape)":209.22664829738545,"objectid":826,"year_record":2024,"island":"Kauai","route_id":"581","bmp":0,"emp":0.13,"route_name":"Kukui Street","county_id":7,"county_id_t":"Kauai County","aadt":1620,"aadt_su":38,"aadt_cu":7,"f_system":5,"f_system_t":"Major Collector","facility_type":2,"facility_type_t":"two way","maint_op":2,"maint_op_t":"County Highway","ownership":2,"ownership_t":"County Highway","through_lanes":2,"urban_id":99998,"urban_id_t":"Small Urban"}},{"type":"Feature","id":827,"geometry":{"type":"LineString","coordinates":[[-159.3202237817641,22.075769892963894],[-159.3202508900398,22.075768094446268],[-159.32031467023128,22.075775905355489],[-159.32037686668434,22.075793215381058],[-159.32046302590675,22.075837888750353],[-159.32053621905447,22.075893404349497],[-159.32073403280572,22.076070970401151]]},"properties":{"st_length(shape)":64.377495791487661,"objectid":827,"year_record":2024,"island":"Kauai","route_id":"581","bmp":0.13,"emp":0.17000000000000001,"route_name":"Olohena Road","county_id":7,"county_id_t":"Kauai County","aadt":1620,"aadt_su":38,"aadt_cu":7,"f_system":5,"f_system_t":"Major Collector","facility_type":2,"facility_type_t":"two way","maint_op":2,"maint_op_t":"County Highway","ownership":2,"ownership_t":"County Highway","through_lanes":2,"urban_id":99998,"urban_id_t":"Small Urban"}},{"type":"Feature","id":828,"geometry":{"type":"LineString","coordinates":[[-159.32073403280572,22.076070970401151],[-159.32092020827582,22.076238088192607],[-159.32108542894906,22.076370114904599],[-159.32131103603726,22.076527118529334],[-159.32184813187789,22.076881525631993],[-159.322204890032,22.077141044061378],[-159.32223084392248,22.077175927068513],[-159.32229437991674,22.077324029845109],[-159.32234081960425,22.077367589735864],[-159.32242764053439,22.077391777997331],[-159.32251986870287,22.077363186644764],[-159.32257652217197,22.077380728093505],[-159.32290617726068,22.07757211866004],[-159.32336559738047,22.077867015480425],[-159.32354090281717,22.07798742408016],[-159.32370070394398,22.078126385455342],[-159.32448103307559,22.078914375898201],[-159.32468511524189,22.079091674324086],[-159.32478487821672,22.07916043833259],[-159.32491701489701,22.07923814794626],[-159.3254099641012,22.079490824179711],[-159.32552311972444,22.079536657132156],[-159.32564052361795,22.079568377080484],[-159.32576181462258,22.079581522657858],[-159.32588483207329,22.079575676256429],[-159.32603548920082,22.079545885969299],[-159.32638756994726,22.079428572493416],[-159.32662856972993,22.079363292290896],[-159.32687775092754,22.079317624367366],[-159.32706669059615,22.079298583406782],[-159.32722625010041,22.079298113352589],[-159.32738428802398,22.079310796623208],[-159.32754028037661,22.07933679418047],[-159.32772412904782,22.079382449675276],[-159.32873861530274,22.07968944965441],[-159.32888774517136,22.07974797893619],[-159.32904760412248,22.079842686319125],[-159.32914386162852,22.079916436241056],[-159.32927642492558,22.080040133614961],[-159.32969841156614,22.080471792197049],[-159.32979083783709,22.080589704032867],[-159.32998370288024,22.080889580414944],[-159.33005706787006,22.08098255051717],[-159.3301473620098,22.081060744122585],[-159.33025480624764,22.08111829835471],[-159.33043095534211,22.081175879033079],[-159.33071066349353,22.081241240119702]]},"properties":{"st_length(shape)":1255.3603149019059,"objectid":828,"year_record":2024,"island":"Kauai","route_id":"581","bmp":0.17000000000000001,"emp":0.95000000000000007,"route_name":"Olohena Road","county_id":7,"county_id_t":"Kauai County","aadt":7191,"aadt_su":58,"aadt_cu":20,"f_system":5,"f_system_t":"Major Collector","facility_type":2,"facility_type_t":"two way","maint_op":2,"maint_op_t":"County Highway","ownership":2,"ownership_t":"County Highway","through_lanes":2,"urban_id":99998,"urban_id_t":"Small Urban"}},{"type":"Feature","id":836,"geometry":{"type":"LineString","coordinates":[[-159.31609645843199,22.084174808720064],[-159.3161028066705,22.084187833051942],[-159.31613082868432,22.084272223186431],[-159.3161477312299,22.084358803968097],[-159.31614972356974,22.084506132709571],[-159.31613139654823,22.084592673190414],[-159.31611062653198,22.084649516979788],[-159.31606979700231,22.084729233022749],[-159.31602001790753,22.084804431999689],[-159.31592427824162,22.084921434190147],[-159.31576002539441,22.085098929114068],[-159.31456527718902,22.086331556669212],[-159.31445630879972,22.086471601229629],[-159.31438829022701,22.086601010314805],[-159.31433250351964,22.086766071694417],[-159.31428244321268,22.086993517947857],[-159.31398109572655,22.088781085060589],[-159.31390130329936,22.089212605143771],[-159.31388318163224,22.089384589322414],[-159.3138936514292,22.089498315568402],[-159.31393960685304,22.089633913641574],[-159.31399912047084,22.089734055565703],[-159.31410975469944,22.089873334619799],[-159.31555247020518,22.091489488026095],[-159.31568255533034,22.091613804537367],[-159.31577524007196,22.091690712169701],[-159.31587431770402,22.091759127737486],[-159.31600735796522,22.091833285787523],[-159.31645766674376,22.092033247731269],[-159.31695945223441,22.092269926365084],[-159.32156715108704,22.09450998820369],[-159.32201438552121,22.09471807068017],[-159.3221605557336,22.094769095101952],[-159.32231075662276,22.094808022566401],[-159.32243357043285,22.094827426461649],[-159.32258875634747,22.094836525027102],[-159.32274394996253,22.094828109420007],[-159.32289828878601,22.094805320784712],[-159.32311185793617,22.094762977503184],[-159.3235067495178,22.09466928343571],[-159.32363045513117,22.094647819548747],[-159.32375563238986,22.094635321062039],[-159.32391242864313,22.094635184777715],[-159.32406899156885,22.094650895071439],[-159.32425329622646,22.094689312250875],[-159.32440179877716,22.094735292475338],[-159.32480547456026,22.094896316940805],[-159.32688748379937,22.095773988211629],[-159.32795126433183,22.096205064474439],[-159.32939916946199,22.096832721779865],[-159.33035899936286,22.09725813917705],[-159.33115432411779,22.097598794226357],[-159.332933317879,22.098325954905363],[-159.3365347617285,22.099826980033182],[-159.33676510871118,22.099918205924752],[-159.33691231992154,22.099964707630832],[-159.33706355506857,22.099997974622905],[-159.33724922043771,22.100022903095706],[-159.33790484772069,22.100066425968635],[-159.34312961781797,22.100320542556343],[-159.34569326653215,22.100453507678978],[-159.34597490435331,22.100461291009299],[-159.34609895930657,22.100458058736038],[-159.34612925149344,22.100454160404979]]},"properties":{"st_length(shape)":4317.107141962676,"objectid":836,"year_record":2024,"island":"Kauai","route_id":"5860","bmp":0.29999999999999999,"emp":2.98,"route_name":"Kawaihau Road","county_id":7,"county_id_t":"Kauai County","aadt":8078,"aadt_su":102,"aadt_cu":10,"f_system":6,"f_system_t":"Minor Collector","facility_type":2,"facility_type_t":"two way","maint_op":2,"maint_op_t":"County Highway","ownership":2,"ownership_t":"County Highway","through_lanes":2,"urban_id":99998,"urban_id_t":"Small Urban"}},{"type":"Feature","id":837,"geometry":{"type":"LineString","coordinates":[[-159.34612925149344,22.100454160404979],[-159.34622197236283,22.100442228384917],[-159.34631023204244,22.100417713706278],[-159.34639383227156,22.100381615994429],[-159.3466007242335,22.100252142582107],[-159.34696402778187,22.099983211710317],[-159.34697699331889,22.099962161277766],[-159.34697481872539,22.099930801383696],[-159.34695700736847,22.09989496655372]]},"properties":{"st_length(shape)":112.76029915144713,"objectid":837,"year_record":2024,"island":"Kauai","route_id":"5860","bmp":2.98,"emp":3.0499999999999998,"route_name":"Kawaihau Road","county_id":7,"county_id_t":"Kauai County","aadt":4760,"aadt_su":28,"aadt_cu":18,"f_system":6,"f_system_t":"Minor Collector","facility_type":2,"facility_type_t":"two way","maint_op":2,"maint_op_t":"County Highway","ownership":2,"ownership_t":"County Highway","through_lanes":2,"urban_id":99998,"urban_id_t":"Small Urban"}},{"type":"Feature","id":829,"geometry":{"type":"LineString","coordinates":[[-159.33071066349353,22.081241240119702],[-159.33079458500714,22.081260850230642],[-159.33088776028475,22.081259009339895],[-159.33103975347689,22.081225737119102],[-159.33113360552025,22.08121400027731],[-159.33126106421321,22.081222098927682],[-159.33138188766898,22.081255487282277],[-159.33187776902699,22.081434726353319],[-159.33217838104417,22.081513714199449],[-159.33260916902975,22.081586090125164],[-159.33279639125334,22.081601803039476],[-159.33311137581057,22.081615173111835],[-159.33323607410355,22.081634767555812],[-159.33335376445541,22.08167640649491],[-159.33353930392948,22.081778741691686],[-159.33359713103388,22.081792804980008],[-159.33365664659112,22.081792360126489],[-159.3337152252233,22.081778069285676],[-159.33376863229057,22.081751765140567],[-159.33383857475866,22.081697172239643],[-159.33391420981567,22.081606991251423],[-159.33412325694601,22.081281504116841],[-159.334268584239,22.081091302011366],[-159.33439614404682,22.080961567896054],[-159.33468721679986,22.080695218394538],[-159.33480347153605,22.080596342299216],[-159.3349033266642,22.080524074299564],[-159.33501173520992,22.080462959712833],[-159.33515654387742,22.080405073423549],[-159.335276750227,22.080372001552451],[-159.33549035066545,22.080331552088165],[-159.33557858841507,22.080306723485432],[-159.33588157236142,22.080154655668316],[-159.33599580366905,22.080104495293075],[-159.33611852707747,22.080072312941063],[-159.33627577628576,22.080055400765833],[-159.33643494774032,22.080058179405434],[-159.33655925571787,22.080083627304667],[-159.33661537351929,22.080110385432381],[-159.33666552710238,22.080144935312145],[-159.3367466095732,22.080233239213975],[-159.3368017844264,22.08033813655053],[-159.33684425445881,22.08047824618226],[-159.33692275827482,22.081028148158023],[-159.33696199389377,22.081197241231532],[-159.3369868616513,22.0812484771774],[-159.33702313221355,22.081291737570709],[-159.33706919531357,22.081322444396502],[-159.33712681828024,22.081336610751631],[-159.33718296117743,22.081331625477137],[-159.33723561997695,22.081309776595031],[-159.33730687072912,22.081256932192804],[-159.33748517238192,22.081096073341662],[-159.33758168685165,22.081020841019882],[-159.33768726523937,22.0809548880938],[-159.33782779701576,22.080890255995691],[-159.33803467688981,22.080821625356908],[-159.33851626589362,22.080701352964972],[-159.33878157506106,22.080620713009441],[-159.33895137141371,22.080550514685637],[-159.33936331086935,22.080343664194171],[-159.33953641488267,22.080274259751249],[-159.33971904729248,22.080229602140207],[-159.33990701923091,22.080214758375835],[-159.34009453240154,22.080232208685398],[-159.34027527095222,22.080277981152584],[-159.34110235596586,22.080538240202102],[-159.34177987571712,22.080763857348693],[-159.3421068528541,22.080861446731991],[-159.34235038261417,22.080911302756704],[-159.34287785810932,22.080979689960536],[-159.34309111365212,22.081028984978754],[-159.34323889898945,22.081079707253533],[-159.34416283010825,22.081438111695999],[-159.34442556615218,22.081531172570575],[-159.344634337933,22.081591266544695],[-159.34496864875996,22.081665198103668],[-159.34576702446387,22.081809069021098],[-159.34610572973324,22.081864033058668],[-159.34654033236865,22.081921049075806],[-159.34672681278587,22.081935128633781],[-159.34688255475854,22.081933459445981],[-159.3470370119982,22.081916173335202],[-159.347218534728,22.081874922895171],[-159.34739547711931,22.081815797570698],[-159.34899816859217,22.081230349238925],[-159.34916584388827,22.081154804678608],[-159.34929751447373,22.081077085494709],[-159.34944209873001,22.080967584653095],[-159.34955154236289,22.080864738523982],[-159.34962965053626,22.080773844919957],[-159.34971520531917,22.08065314636799],[-159.35011376082949,22.079992742119554],[-159.35023341774271,22.079820198895284],[-159.35033468118843,22.079708096897033],[-159.35044838194841,22.079605842738204],[-159.35057223816642,22.079514982546232],[-159.35070673360767,22.079437897621084],[-159.35093614062436,22.079340959218634],[-159.3517823390969,22.07902833040205],[-159.35192999796385,22.07897676261657],[-159.35205211076158,22.078948468894723],[-159.3521789997302,22.078941833703535],[-159.35230456501537,22.078959603064806],[-159.35242481730904,22.078995667510743],[-159.35283255867654,22.079142551578585],[-159.35292230434504,22.079163628422901],[-159.35304443221736,22.079174184372462],[-159.35316724697333,22.079165480209465],[-159.35328857335023,22.079142951183623],[-159.35367934507144,22.079041024763466],[-159.35388751187995,22.078978071158119],[-159.3539433160509,22.078954096984653],[-159.35399280273893,22.078922570193352],[-159.35403480215874,22.078883177119735],[-159.35406619984209,22.078836289500206],[-159.35409351366727,22.078754751312079],[-159.35409399986943,22.078552359895721],[-159.35411646391117,22.078436900061714],[-159.35414208406246,22.078380956248768],[-159.35419611052424,22.078307722395923],[-159.35424190790545,22.07826655301989],[-159.35429474458681,22.078233220141453],[-159.35444198755405,22.078179225278266],[-159.35498869419445,22.078054770264242],[-159.35507536971679,22.078023123576362],[-159.35518624808023,22.077970958754808],[-159.35526538704175,22.077925724400298],[-159.35536513638002,22.077856043429684],[-159.35595536368476,22.077376673515705],[-159.35605763796769,22.077307239592795],[-159.35617060522864,22.077251591334697],[-159.3563200697248,22.077209064491718],[-159.35647182079964,22.07718781476262],[-159.35659734275475,22.077191831550547],[-159.3569043378867,22.077228729482343],[-159.35708858695983,22.077227174529259],[-159.35720868780803,22.077202351467886],[-159.35731727206058,22.077152010645268],[-159.35740915967384,22.07707807146021],[-159.35748074615381,22.076984921674491],[-159.35753261533273,22.076881539284145],[-159.35756013907036,22.076769568740136],[-159.35756698686978,22.076683155511731],[-159.35756812988316,22.076420938951873],[-159.35755807521741,22.076189027316765],[-159.35751934405519,22.076049651326421],[-159.35741645983606,22.075835890208655],[-159.35739985829767,22.075778717321757],[-159.35739022824418,22.075690825032883],[-159.3573982949506,22.075601888550523],[-159.35743726191484,22.075490622982798],[-159.35748494809079,22.075414597639583],[-159.35756858764816,22.075325600756841],[-159.35764127513585,22.075268992461986],[-159.35774508583449,22.075203600621542],[-159.35847395005558,22.074808663385568],[-159.35865410409664,22.074695937067801],[-159.35874736355623,22.07461879415688],[-159.35919105542945,22.074206578281867],[-159.35946692763144,22.073969117595276],[-159.36032807775641,22.073247934420902],[-159.36042497982925,22.073174221916869],[-159.36050560331742,22.073127865131287],[-159.36056621770871,22.073108173051718],[-159.36063007139714,22.073100695487774],[-159.36072371555358,22.073116372313979],[-159.36078068985248,22.073143097678397],[-159.36083172922136,22.07317782158324],[-159.3609937871347,22.073314034598518],[-159.36104569443484,22.073342776678018],[-159.36110173506873,22.073362479776168],[-159.3611616435515,22.073372804783169],[-159.36131649425101,22.073381245112063],[-159.3616566916422,22.07339294536493],[-159.36168395435882,22.073385979224106],[-159.36170359633877,22.073362163689293],[-159.36171116479815,22.073336389098699],[-159.36171239190222,22.073331055211256]]},"properties":{"st_length(shape)":3959.213239378902,"objectid":829,"year_record":2024,"island":"Kauai","route_id":"581","bmp":0.95000000000000007,"emp":3.4100000000000001,"route_name":"Olohena Road","county_id":7,"county_id_t":"Kauai County","aadt":3365,"aadt_su":10,"aadt_cu":3,"f_system":5,"f_system_t":"Major Collector","facility_type":2,"facility_type_t":"two way","maint_op":2,"maint_op_t":"County Highway","ownership":2,"ownership_t":"County Highway","through_lanes":2,"urban_id":99998,"urban_id_t":"Small Urban"}},{"type":"Feature","id":830,"geometry":{"type":"LineString","coordinates":[[-159.36171239190222,22.073331055211256],[-159.36174509607241,22.073188884200039]]},"properties":{"st_length(shape)":16.094398208034708,"objectid":830,"year_record":2024,"island":"Kauai","route_id":"581","bmp":3.4100000000000001,"emp":3.4199999999999999,"route_name":"Kamalu Road","county_id":7,"county_id_t":"Kauai County","aadt":3365,"aadt_su":10,"aadt_cu":3,"f_system":5,"f_system_t":"Major Collector","facility_type":2,"facility_type_t":"two way","maint_op":2,"maint_op_t":"County Highway","ownership":2,"ownership_t":"County Highway","through_lanes":2,"urban_id":99998,"urban_id_t":"Small Urban"}},{"type":"Feature","id":831,"geometry":{"type":"LineString","coordinates":[[-159.36174509607241,22.073188884200039],[-159.36423289121956,22.062373161432348],[-159.36428384209873,22.062204314948801],[-159.36437581731784,22.061955655137012],[-159.36533165880158,22.059668087294188],[-159.36542266653979,22.059481387625873],[-159.36545661804467,22.059430441989914],[-159.36551694833983,22.059361580099523],[-159.36556428287531,22.059321037440778],[-159.36564485915528,22.059270944353386],[-159.36570414061097,22.059247675780039],[-159.36579198057021,22.059227620123064],[-159.36585233676237,22.059222416026202],[-159.36594576710863,22.059228035212271],[-159.36603822573895,22.059255637138595],[-159.36614941239156,22.05931050168731],[-159.36663065455232,22.05963632661194],[-159.36673645442093,22.059697739186291],[-159.3668201653426,22.059735382091016],[-159.36693816668625,22.059767199503888],[-159.36702954646401,22.059771631030713],[-159.36711875826975,22.059754701993143],[-159.3672277790827,22.059700908892786],[-159.36905719437902,22.05815205957445],[-159.36911338441726,22.058084854482018],[-159.36916338138519,22.057980694704291],[-159.36923229757664,22.057666746716851],[-159.36925993919201,22.057581187607777],[-159.36930412585534,22.057502098617935],[-159.36936304604365,22.057432419992331],[-159.37026750432179,22.056669325660444],[-159.37051783257024,22.056448733440281],[-159.37256891178677,22.054560868788219],[-159.37264980718885,22.054473275308823],[-159.37271413872779,22.054368301241396]]},"properties":{"st_length(shape)":2610.5056397555445,"objectid":831,"year_record":2024,"island":"Kauai","route_id":"581","bmp":3.4199999999999999,"emp":5.0419999999999998,"route_name":"Kamalu Road","county_id":7,"county_id_t":"Kauai County","aadt":3365,"aadt_su":10,"aadt_cu":3,"f_system":6,"f_system_t":"Minor Collector","facility_type":2,"facility_type_t":"two way","maint_op":2,"maint_op_t":"County Highway","ownership":2,"ownership_t":"County Highway","through_lanes":2,"urban_id":99998,"urban_id_t":"Small Urban"}},{"type":"Feature","id":832,"geometry":{"type":"LineString","coordinates":[[-159.36585842311212,21.991423428759628],[-159.36596736941368,21.991524170070036],[-159.36598694021214,21.99158673149223],[-159.36598945659753,21.99164664230781],[-159.36597791796834,21.991733835972333],[-159.36591048702499,21.991986994160118],[-159.36572397606071,21.99248178832147],[-159.36569885319633,21.992565024440093],[-159.36568334411146,21.992649814731649],[-159.36568025832537,21.992735850282248],[-159.36569060009853,21.992820731112666],[-159.36571525877127,21.992904086632294],[-159.36576432087975,21.993009742562851],[-159.36582648863347,21.993108799405512],[-159.36591525937465,21.993227291404381],[-159.36615261585581,21.993494787480369],[-159.36739409642357,21.994755884745047],[-159.36801168804917,21.995370381650726],[-159.36817092279185,21.995507486916541],[-159.36837183835712,21.995642693344024],[-159.36861347331833,21.995773545572455],[-159.36886623127262,21.995883901295276],[-159.36909739015928,21.995968757645848],[-159.36933415678189,21.996038391566994],[-159.36951499103247,21.996079770374614],[-159.37006538089676,21.996186671778776],[-159.37039698161567,21.996273380275952],[-159.37060221357848,21.99634494464987],[-159.37074513183612,21.996405127101173],[-159.3708830014306,21.996474772667042],[-159.37104245933705,21.996569141701386],[-159.37126934709715,21.996726095787366],[-159.37170317789065,21.997062907112966],[-159.37181738911366,21.997163636957222],[-159.37187504698238,21.99723537064412],[-159.37191727216938,21.99731477791606],[-159.3719450675996,21.997400105637588],[-159.37218286653967,21.99839789897397],[-159.37221461256419,21.998478604689012],[-159.37226679569002,21.998547746015777],[-159.37231288763391,21.998584010401494],[-159.37236539988655,21.998610714418064],[-159.37245327970805,21.998630217169097],[-159.3725450932732,21.998624318765984],[-159.37284759935716,21.998551724537073],[-159.37300311192686,21.998533008467795],[-159.37309873700138,21.998535060421048],[-159.37316163187975,21.998544425173353],[-159.37331085019375,21.998591563352054],[-159.37356312164275,21.99871078642278],[-159.37366815680912,21.99877544237523],[-159.37374142694003,21.998831591550228],[-159.37386828465736,21.998960473996327],[-159.37410270044012,21.999270544968091],[-159.37423427556354,21.999469472027123],[-159.37431367665206,21.999628596721433],[-159.3743601179028,21.999767721204606],[-159.37444964894976,22.000137213750651],[-159.37447313938446,22.000201557519173]]},"properties":{"st_length(shape)":1482.5893150384559,"objectid":832,"year_record":2024,"island":"Kauai","route_id":"583","bmp":0,"emp":0.92000000000000004,"route_name":"Maalo Road","county_id":7,"county_id_t":"Kauai County","aadt":1054,"aadt_su":91,"aadt_cu":13,"f_system":6,"f_system_t":"Minor Collector","facility_type":2,"facility_type_t":"two way","maint_op":1,"maint_op_t":"State Highway","ownership":1,"ownership_t":"State Highway","through_lanes":2,"urban_id":99998,"urban_id_t":"Small Urban"}},{"type":"Feature","id":833,"geometry":{"type":"LineString","coordinates":[[-159.33373205313899,22.051716018224866],[-159.3339739911969,22.051871618471889],[-159.33415030530531,22.052037023642868],[-159.33505977420742,22.053001987149756],[-159.33546151355912,22.053446488771318],[-159.33557320203059,22.053588206482825],[-159.33569342818961,22.053759175339042],[-159.33658206460242,22.055101056004567],[-159.33668717584928,22.055245219388983],[-159.33676641547066,22.055334089428122],[-159.33687735748239,22.055436074459791],[-159.33713313401267,22.055650435407923],[-159.33919288582075,22.05735051875924],[-159.33936873563766,22.057469478647473],[-159.33958674017691,22.057582804671473],[-159.34382825084936,22.059527298199157],[-159.34413276768601,22.05967852254388],[-159.34433779625692,22.059814337026165],[-159.34450128383733,22.059951000294468],[-159.34490537981756,22.060357059582117],[-159.3454310934616,22.060929286225665],[-159.3455702290097,22.061045874794196],[-159.34569881842575,22.061127576668532],[-159.34583804029728,22.061188631380841],[-159.346017207904,22.061232964703386],[-159.3462326746313,22.061259594052597],[-159.34648111984998,22.061264904433227],[-159.34666660372571,22.061245905307057],[-159.34678647929309,22.061218487649658],[-159.34692941296868,22.061162434436586],[-159.34706274777329,22.061088591982283],[-159.34722762051314,22.060957339485586],[-159.3472883973086,22.060891984097644],[-159.34735800424502,22.060796805522756],[-159.34814659095736,22.059469172674461]]},"properties":{"st_length(shape)":2006.6906752963998,"objectid":833,"year_record":2024,"island":"Kauai","route_id":"5840","bmp":0,"emp":1.2450000000000001,"route_name":"Haleilio Road","county_id":7,"county_id_t":"Kauai County","aadt":4558,"aadt_su":27,"aadt_cu":5,"f_system":6,"f_system_t":"Minor Collector","facility_type":2,"facility_type_t":"two way","maint_op":2,"maint_op_t":"County Highway","ownership":2,"ownership_t":"County Highway","through_lanes":2,"urban_id":99998,"urban_id_t":"Small Urban"}},{"type":"Feature","id":834,"geometry":{"type":"LineString","coordinates":[[-159.3364898871227,22.054961865594173],[-159.33683071603031,22.055178830251347],[-159.33699461956468,22.055260313778124],[-159.33717045728173,22.055315934189061],[-159.33735444440029,22.055344004395412],[-159.3377256723694,22.055360572249569],[-159.33806902514183,22.055347264085338],[-159.3383487049843,22.055317674954217],[-159.33853356848326,22.055289976327817],[-159.33871627439919,22.055252850955483],[-159.338896624836,22.05520542111142],[-159.33919088820309,22.055107587976185],[-159.33947830824505,22.054992425184746],[-159.33972903516695,22.054874683748189],[-159.33994400026819,22.05475471062763],[-159.34020054134544,22.054587951143866],[-159.34037176394176,22.054461159772728],[-159.34143419454006,22.053596972126311],[-159.34151359553468,22.053547964756508],[-159.34160022596512,22.053512127958271],[-159.34169192402953,22.053490413940384],[-159.34175478163988,22.053485424023545],[-159.34181815109008,22.053488959673569],[-159.34191101385522,22.053507900578165],[-159.34214535418346,22.053598693533257],[-159.34452909319359,22.054696961727526]]},"properties":{"st_length(shape)":933.39380937413603,"objectid":834,"year_record":2024,"island":"Kauai","route_id":"5850","bmp":0,"emp":0.57600000000000007,"route_name":"Nonou Road","county_id":7,"county_id_t":"Kauai County","aadt":1226,"aadt_su":50,"aadt_cu":2,"f_system":6,"f_system_t":"Minor Collector","facility_type":2,"facility_type_t":"two way","maint_op":2,"maint_op_t":"County Highway","ownership":2,"ownership_t":"County Highway","through_lanes":2,"urban_id":99998,"urban_id_t":"Small Urban"}},{"type":"Feature","id":835,"geometry":{"type":"LineString","coordinates":[[-159.312408785429,22.082533990028054],[-159.3127287206471,22.083159155603621],[-159.31284849101968,22.083363409725212],[-159.3129162077002,22.083459134006059],[-159.31297588299265,22.083524635584162],[-159.31304699039922,22.08357934717802],[-159.313098576399,22.083607851251852],[-159.31321241454344,22.083642999213794],[-159.31333320110582,22.083651352271151],[-159.31401143368905,22.08357227607339],[-159.31432273729396,22.083548658368276],[-159.31507314556703,22.083513112102015],[-159.31523008182592,22.083518651262391],[-159.31535451189529,22.08353647738106],[-159.31547512522076,22.083568514615564],[-159.31559065020429,22.083615272256594],[-159.31569863337162,22.083676284360273],[-159.31579616474369,22.083750681129946],[-159.31588234208402,22.083835511892655],[-159.31595775895218,22.083929174627709],[-159.31603773120398,22.084054325066045],[-159.31609645843199,22.084174808720064]]},"properties":{"st_length(shape)":483.2582625986671,"objectid":835,"year_record":2024,"island":"Kauai","route_id":"5860","bmp":0,"emp":0.29999999999999999,"route_name":"Kawaihau Road","county_id":7,"county_id_t":"Kauai County","aadt":8078,"aadt_su":102,"aadt_cu":10,"f_system":5,"f_system_t":"Major Collector","facility_type":2,"facility_type_t":"two way","maint_op":2,"maint_op_t":"County Highway","ownership":2,"ownership_t":"County Highway","through_lanes":2,"urban_id":99998,"urban_id_t":"Small Urban"}},{"type":"Feature","id":838,"geometry":{"type":"LineString","coordinates":[[-159.34695700736847,22.09989496655372],[-159.34679323430811,22.09956546957952],[-159.34664308918312,22.099212337689472],[-159.34643826520204,22.098690293579818],[-159.34564418442045,22.09659461465084],[-159.34554877144956,22.096379364492716],[-159.34545810201794,22.096226960686611],[-159.34536237484087,22.096113048394603],[-159.34522318494851,22.095997114717296],[-159.34499329144774,22.095845911693683],[-159.34465106127627,22.095640439251],[-159.34427006151412,22.095438961419383],[-159.3440994913507,22.095365695209519],[-159.34372214742132,22.095220888057604],[-159.34361043519303,22.095166556399963],[-159.34353084119269,22.095118592327452],[-159.34343303576523,22.095043888680497],[-159.34327857372742,22.09489731649753],[-159.34300578844929,22.094615194536694],[-159.34284678684267,22.094434234985698],[-159.34273831205562,22.094290588694857],[-159.34265836030093,22.094164370321483],[-159.34227323260396,22.093461455731148],[-159.34197978926002,22.092978649144037],[-159.34111284753305,22.091725656174024],[-159.340832566789,22.091338626467909],[-159.34066886459928,22.091163478125477],[-159.34048579406181,22.091005685192631],[-159.34023803117861,22.090827406697791],[-159.3395972992343,22.090406158926374],[-159.33947945327333,22.090307276051949],[-159.33940352738657,22.090212940686417],[-159.33935785609407,22.090134248706438],[-159.33931516389717,22.090022329402068],[-159.3391949314705,22.089477742286515],[-159.3391553764279,22.089337357297378],[-159.33909898956628,22.089202508227842],[-159.3389671449093,22.088936275390434],[-159.33892710833064,22.088824670271418],[-159.33889455117694,22.088681199014665],[-159.33883133394502,22.088307226393074],[-159.33881025661975,22.088223136727056],[-159.33877973906667,22.08814172904415],[-159.33872537185911,22.088038809372982],[-159.33865801959192,22.087941474515912],[-159.33830159666559,22.087498711307994],[-159.33800833079852,22.087120256085448],[-159.33790598334673,22.087012467311318],[-159.33781115958786,22.086938589651762],[-159.33770538516458,22.086879095571121],[-159.33739561744429,22.08674333435447],[-159.33729083274048,22.086678395660513],[-159.33719691960556,22.086600776436057],[-159.33713625451688,22.086534337282604],[-159.33706854447209,22.086435798191463],[-159.33689308161036,22.086064535950577],[-159.33682190566401,22.085938274726828],[-159.3367447951384,22.085850344931508],[-159.33664844491511,22.085778870146036],[-159.33648577243775,22.085694658743694],[-159.33597378952626,22.085475208121892],[-159.3348420494313,22.084972868431038],[-159.33433633578773,22.084738248239272],[-159.33414512693295,22.08463757167705],[-159.33396201548146,22.084524556380117],[-159.33383689965763,22.084435674322616],[-159.33364626000721,22.084283588663954],[-159.33346334164949,22.084123225103244],[-159.33331428486449,22.083972605436283],[-159.33313505780305,22.083768512159647],[-159.33296967375955,22.083554964031208],[-159.33288753766129,22.083430118230268],[-159.33280027905454,22.08327440244426],[-159.33257218393635,22.082792977028522],[-159.33248997106946,22.082636237139084],[-159.33236098226391,22.082436692590083],[-159.33220948997098,22.082251848296771],[-159.33201684941923,22.082061603544844],[-159.33178081096719,22.081870945204891],[-159.33145104223001,22.081648086501719],[-159.33083335384023,22.081260084287656]]},"properties":{"st_length(shape)":2762.6263588402567,"objectid":838,"year_record":2024,"island":"Kauai","route_id":"5860","bmp":3.0499999999999998,"emp":4.7649999999999997,"route_name":"Kaapuni Road","county_id":7,"county_id_t":"Kauai County","aadt":4760,"aadt_su":28,"aadt_cu":18,"f_system":6,"f_system_t":"Minor Collector","facility_type":2,"facility_type_t":"two way","maint_op":2,"maint_op_t":"County Highway","ownership":2,"ownership_t":"County Highway","through_lanes":2,"urban_id":99998,"urban_id_t":"Small Urban"}},{"type":"Feature","id":839,"geometry":{"type":"LineString","coordinates":[[-159.31258030804312,22.082338131164178],[-159.31302454895891,22.082723002406713],[-159.31315336517207,22.082804062468945],[-159.31329624086402,22.082856938945735],[-159.31375162902037,22.082960518591232],[-159.31390728759297,22.082973770514698],[-159.31406278400436,22.082966278765156],[-159.31452683893863,22.082893830939952],[-159.31480205184712,22.082839941599445],[-159.31505086793402,22.08282002855308],[-159.31520913212736,22.082818016960488],[-159.31539546614948,22.082843239414473],[-159.31606613093234,22.082992066915835],[-159.31631454819743,22.083022428120646],[-159.31728123632431,22.083110005556964],[-159.31740495896435,22.083134046237053],[-159.31749324685356,22.083167569447603],[-159.31754699638068,22.083200488431437],[-159.31761607932256,22.083263395231501],[-159.31798780890114,22.083728968494569],[-159.31821300044604,22.083971911949629],[-159.31836326233113,22.084121471723275],[-159.31847827327459,22.084219797419092],[-159.31857577624456,22.084291959265748],[-159.31903828328149,22.084591168545789],[-159.31908609267933,22.084629783026877],[-159.31914962830092,22.084696110455575],[-159.31920151879035,22.084770096444469],[-159.31925566546983,22.08487575252196],[-159.31953925341458,22.085585201756558],[-159.31959395988093,22.085752408690301],[-159.31966243191437,22.08603692168461],[-159.31968184363299,22.086181639656189],[-159.31967568972263,22.086298626015768],[-159.3196528761014,22.086386309439099],[-159.31960707755917,22.086494643383983],[-159.31949231453103,22.086733038993053],[-159.31932744908525,22.087046561022049],[-159.31904899421679,22.087503941130755],[-159.31899629892175,22.087576566457145],[-159.31893523846782,22.087643014120911],[-159.31888510226599,22.087681550451215],[-159.31883024433716,22.08771195691023],[-159.31845504071094,22.08785414563047],[-159.31831855719119,22.087922008385569],[-159.31822163432719,22.087992983163403],[-159.31810846145294,22.088091173019322],[-159.31802688464336,22.088177263040336],[-159.31797402995505,22.088247883622302],[-159.3179016895611,22.088375227328733],[-159.31757341182185,22.089036900229285],[-159.31721387639172,22.089647648544481],[-159.31705471937016,22.089863161379029],[-159.316412268363,22.090616572405562],[-159.31635915609507,22.090686777378952],[-159.31631418186436,22.090762178515682],[-159.31627004033217,22.090868055470068],[-159.3162412201491,22.090980008199153],[-159.31616342491256,22.091500465087368],[-159.31609568692525,22.091872508466444]]},"properties":{"st_length(shape)":1707.3467317168243,"objectid":839,"year_record":2024,"island":"Kauai","route_id":"5865","bmp":0,"emp":1.0489999999999999,"route_name":"Hauaala Street","county_id":7,"county_id_t":"Kauai County","aadt":1722,"aadt_su":15,"aadt_cu":2,"f_system":6,"f_system_t":"Minor Collector","facility_type":2,"facility_type_t":"two way","maint_op":2,"maint_op_t":"County Highway","ownership":2,"ownership_t":"County Highway","through_lanes":2,"urban_id":99998,"urban_id_t":"Small Urban"}},{"type":"Feature","id":840,"geometry":{"type":"LineString","coordinates":[[-159.30745857458064,22.093072324525892],[-159.30801808588387,22.092987291270894],[-159.30881203131435,22.092851542530976],[-159.30896213410645,22.092816766565864],[-159.30925914145612,22.092728569720151],[-159.3094441709973,22.092692388338314],[-159.30963285847992,22.092681738177095],[-159.31003703373037,22.092706098478644],[-159.31019133984651,22.092705223923911],[-159.31034453866454,22.092689614461637],[-159.3105569806059,22.092646584123965],[-159.31073603921328,22.092598959756863],[-159.31087946981015,22.092545629994127],[-159.31205053213938,22.091994071054554],[-159.3121989479952,22.091944139291826],[-159.31235292462196,22.091913304461233],[-159.31251056167127,22.091899201368062],[-159.31269858101311,22.091898737014986],[-159.31326278446986,22.091920648341109],[-159.31369974360501,22.091951155130417],[-159.31401255493878,22.09195660214305],[-159.31539233710396,22.091927920532967],[-159.31551638124665,22.091919251188951],[-159.31560538464416,22.091899078189414],[-159.31568610789293,22.091858244175423],[-159.31583671854284,22.09173316424301]]},"properties":{"st_length(shape)":894.28184189499189,"objectid":840,"year_record":2024,"island":"Kauai","route_id":"5870","bmp":0,"emp":0.54900000000000004,"route_name":"Mailihuna Road","county_id":7,"county_id_t":"Kauai County","aadt":4659,"aadt_su":36,"aadt_cu":2,"f_system":5,"f_system_t":"Major Collector","facility_type":2,"facility_type_t":"two way","maint_op":2,"maint_op_t":"County Highway","ownership":2,"ownership_t":"County Highway","through_lanes":2,"urban_id":99998,"urban_id_t":"Small Urban"}},{"type":"Feature","id":1777,"geometry":{"type":"LineString","coordinates":[[-159.35403509588255,21.957997789089983],[-159.35377124964927,21.957701491473248],[-159.3537075886216,21.957598626354791],[-159.35368914698856,21.957541667469815],[-159.35368152500649,21.95748220351166],[-159.3536928881125,21.957160766225158]]},"properties":{"st_length(shape)":104.5954801036255,"objectid":1777,"year_record":2024,"island":"Kauai","route_id":"HI10P1","bmp":0,"emp":0.062,"route_name":"Kailikea Street (Nawiliwili Harbor)","county_id":7,"county_id_t":"Kauai County","aadt":1149,"aadt_su":108,"aadt_cu":7,"f_system":7,"f_system_t":"Local","facility_type":2,"facility_type_t":"two way","maint_op":40,"maint_op_t":"State Other-Other Public","ownership":40,"ownership_t":"State Other-Other Public","through_lanes":2,"urban_id":99998,"urban_id_t":"Small Urban"}},{"type":"Feature","id":1778,"geometry":{"type":"LineString","coordinates":[[-159.35522500309918,21.957743587917282],[-159.3552292253861,21.957533395025923],[-159.3552557803784,21.957447597588814],[-159.35532946410584,21.957350859528912],[-159.35564510029036,21.956991661732687],[-159.35569088932249,21.956917215973146],[-159.35571381406737,21.956835715896066],[-159.35571156096421,21.956750714364262],[-159.3556932041719,21.956666240082178],[-159.355442747795,21.955825614297311],[-159.35540709873533,21.955682202039309],[-159.35540590651652,21.955594548377839],[-159.35541867268759,21.955535196678397],[-159.35545478533297,21.955472452603875],[-159.35551446068308,21.955407991569253],[-159.35584997920833,21.955105327010678],[-159.35597318632415,21.955016727148408],[-159.35608278298653,21.954959116090009],[-159.35628924133027,21.954888884229803],[-159.35760724168142,21.954540868557821],[-159.35781471664478,21.954478426633607],[-159.35809930077235,21.954362807416071],[-159.35882168153427,21.954017254717506],[-159.35895759982901,21.953945586223721],[-159.35905716328998,21.95387689353748],[-159.35914375278912,21.953794222985117],[-159.35929144888092,21.953606808398252],[-159.35937451042619,21.953518160994392],[-159.35949493304605,21.953423987614208],[-159.35965776357887,21.953336321909855],[-159.35974594345674,21.953305171257149],[-159.35983909998339,21.953284692037915],[-159.36021172872316,21.953245826683453],[-159.36036531655586,21.95322194597636],[-159.36051656967248,21.953186665109993],[-159.36062777977313,21.953146847253862],[-159.36064676318611,21.953133237585607],[-159.36065725398558,21.953109973331237],[-159.36065540941374,21.953080168082305],[-159.36046275339839,21.952410879512151]]},"properties":{"st_length(shape)":966.02410802378404,"objectid":1778,"year_record":2024,"island":"Kauai","route_id":"HI10P2","bmp":0,"emp":0.59699999999999998,"route_name":"Wilcox Road (Nawiliwili Harbor)","county_id":7,"county_id_t":"Kauai County","aadt":2302,"aadt_su":103,"aadt_cu":103,"f_system":7,"f_system_t":"Local","facility_type":2,"facility_type_t":"two way","maint_op":40,"maint_op_t":"State Other-Other Public","ownership":40,"ownership_t":"State Other-Other Public","through_lanes":2,"urban_id":99998,"urban_id_t":"Small Urban"}},{"type":"Feature","id":1779,"geometry":{"type":"LineString","coordinates":[[-159.35906382947618,21.95719908698068],[-159.35885409020463,21.956447345695743],[-159.35881114610839,21.956339925492642],[-159.35877666572858,21.956293879746802],[-159.3587119534246,21.956234064599261],[-159.35843804058806,21.95604101007439],[-159.35836763007188,21.955981618289144],[-159.35831128358478,21.955911267679376],[-159.35827890765501,21.955827221789583],[-159.35827182894192,21.955740635333584],[-159.35827985370997,21.955624679144954],[-159.35837161654337,21.954872952256309],[-159.35840185923209,21.954758634320051],[-159.35844850681104,21.954681757452082],[-159.35851303060113,21.954617684989572],[-159.35858676864819,21.954564522314552],[-159.35903298920661,21.954302203411785],[-159.35920804605138,21.954181777665024],[-159.35936595857524,21.954042414099369],[-159.3596521096654,21.953732460527128],[-159.359724516055,21.953675024237032],[-159.35980872401569,21.953632546672722],[-159.35990151790702,21.953612970756339],[-159.35999517258969,21.953616027008003],[-159.3604818697533,21.953719475272958],[-159.36057344142029,21.953728324161741],[-159.36066552883108,21.953723554181977],[-159.36075695875951,21.953706164413635],[-159.36099584855302,21.953641178573907],[-159.36114950885778,21.95361328746614],[-159.36139801508583,21.953592317615094],[-159.36180473765847,21.953580836677201],[-159.36189604794927,21.953567545487935],[-159.36195199559026,21.953545452164835],[-159.36199759262297,21.953510507484975],[-159.36202741948219,21.953461556143949],[-159.3620406490835,21.953405473411355],[-159.36204398399101,21.952939850209042],[-159.36202662660841,21.952831765503909],[-159.36201147330283,21.952808142085999],[-159.36191276605481,21.95274095775374],[-159.3618883372794,21.952713677719522],[-159.36167274948238,21.952267870367312],[-159.36159424400546,21.952143694259597],[-159.36150359994488,21.95202676428168],[-159.36135376790472,21.95187996631946],[-159.36097642061233,21.951575028915542],[-159.36087250282003,21.951464618113192],[-159.36083976974919,21.951414223339153],[-159.36080439951976,21.951331940787959],[-159.36074769488872,21.951044903085958],[-159.36071210866993,21.950966391077262],[-159.36067819430721,21.950919469007864],[-159.36063571958181,21.95087897117585],[-159.36058542299813,21.950845881616974],[-159.36053116702902,21.950819551303123],[-159.36044477021866,21.950790924448288],[-159.36026003781379,21.950759482124088],[-159.35961188161755,21.95067415104225]]},"properties":{"st_length(shape)":1174.992776836531,"objectid":1779,"year_record":2024,"island":"Kauai","route_id":"HI10P3","bmp":0,"emp":0.72999999999999998,"route_name":"Niumalu Road (Nawiliwili Harbor)","county_id":7,"county_id_t":"Kauai County","aadt":1106,"aadt_su":54,"aadt_cu":3,"f_system":7,"f_system_t":"Local","facility_type":2,"facility_type_t":"two way","maint_op":40,"maint_op_t":"State Other-Other Public","ownership":40,"ownership_t":"State Other-Other Public","through_lanes":2,"urban_id":99998,"urban_id_t":"Small Urban"}},{"type":"Feature","id":2072,"geometry":{"type":"LineString","coordinates":[[-159.35035274773068,21.981482312186905],[-159.34996311166825,21.981398036121632],[-159.34978453687398,21.981352596710408],[-159.3496722417689,21.981304478119849],[-159.34956684465325,21.981244141905123],[-159.34946911427613,21.981173410500919],[-159.3493796488348,21.981093686603273],[-159.34929925376579,21.981005958688794],[-159.34923015328971,21.980910306058291],[-159.34915969923102,21.980781984028496],[-159.34911708239161,21.980673849898295],[-159.34908715926625,21.980561933127955],[-159.34906569124084,21.980418990267317],[-159.34906293358506,21.980303735294342],[-159.3490798999392,21.980160503794483],[-159.34912699173833,21.979992928078001],[-159.34920129946016,21.979834448166507],[-159.3492964080167,21.979705391679335]]},"properties":{"st_length(shape)":278.83011222464739,"objectid":2072,"year_record":2024,"island":"Kauai","route_id":"HI9A","bmp":0,"emp":0.17000000000000001,"route_name":"Mokulele Loop (Lihue Airport)","county_id":7,"county_id_t":"Kauai County","aadt":1398,"aadt_su":23,"aadt_cu":5,"f_system":7,"f_system_t":"Local","facility_type":1,"facility_type_t":"one way","maint_op":40,"maint_op_t":"State Other-Other Public","ownership":40,"ownership_t":"State Other-Other Public","through_lanes":1,"urban_id":99998,"urban_id_t":"Small Urban"}},{"type":"Feature","id":2073,"geometry":{"type":"LineString","coordinates":[[-159.3492964080167,21.979705391679335],[-159.34930531999888,21.979693298145669],[-159.34950215476903,21.979469390760279],[-159.35017795224149,21.978825870640147],[-159.35136819530044,21.977718163904797],[-159.35151959802815,21.977571283478998],[-159.35157714525195,21.977501208139401],[-159.35162078754547,21.977422795744946],[-159.35165235897213,21.977308688714022],[-159.35165442525724,21.977190770908621],[-159.35162639143297,21.977075606242252],[-159.35158381986321,21.976995982691864],[-159.3515026129225,21.976905025911588],[-159.35138466143405,21.976809810302395],[-159.35129770229653,21.97677367876436],[-159.35117288845206,21.976754525339818],[-159.35110960418669,21.97675488657902],[-159.35101558512039,21.976767337497677],[-159.35089688967608,21.976808706248789],[-159.35077006329408,21.976896122014065],[-159.34861124876261,21.978908661156069],[-159.34782148588317,21.979654485181143],[-159.34756404587955,21.979945288175287],[-159.34751252398004,21.980019102280586],[-159.34748585282847,21.980072669008713],[-159.34745955656257,21.980157695671046],[-159.34745092397742,21.980246065634276],[-159.34746135605442,21.980334312119343],[-159.34749005941705,21.980418817593748],[-159.34753533911882,21.980496863551348],[-159.34759521176588,21.980565424921608],[-159.34763830078907,21.980599042164371]]},"properties":{"st_length(shape)":1049.7135330800427,"objectid":2073,"year_record":2024,"island":"Kauai","route_id":"HI9A","bmp":0.17000000000000001,"emp":0.81000000000000005,"route_name":"Mokulele Loop (Lihue Airport)","county_id":7,"county_id_t":"Kauai County","aadt":1398,"aadt_su":23,"aadt_cu":5,"f_system":7,"f_system_t":"Local","facility_type":1,"facility_type_t":"one way","maint_op":40,"maint_op_t":"State Other-Other Public","ownership":40,"ownership_t":"State Other-Other Public","through_lanes":2,"urban_id":99998,"urban_id_t":"Small Urban"}},{"type":"Feature","id":2074,"geometry":{"type":"LineString","coordinates":[[-159.34763830078907,21.980599042164371],[-159.34766798437141,21.980622200582065],[-159.34777922708372,21.980677789779556],[-159.34787084917315,21.980700515148335],[-159.34796497132777,21.980706525012547],[-159.34805900557564,21.98069673733799],[-159.3481491665226,21.980670411197544],[-159.34823230731575,21.980628474790461],[-159.34832890452623,21.980553964014639],[-159.34950215476903,21.979469390760279]]},"properties":{"st_length(shape)":249.30697889610155,"objectid":2074,"year_record":2024,"island":"Kauai","route_id":"HI9A","bmp":0.81000000000000005,"emp":0.96200000000000008,"route_name":"Mokulele Loop (Lihue Airport)","county_id":7,"county_id_t":"Kauai County","aadt":1398,"aadt_su":23,"aadt_cu":5,"f_system":7,"f_system_t":"Local","facility_type":1,"facility_type_t":"one way","maint_op":40,"maint_op_t":"State Other-Other Public","ownership":40,"ownership_t":"State Other-Other Public","through_lanes":1,"urban_id":99998,"urban_id_t":"Small Urban"}},{"type":"Feature","id":2075,"geometry":{"type":"LineString","coordinates":[[-159.34946911427613,21.981173410500919],[-159.34909537386068,21.980948752579167],[-159.34899191735281,21.980882427428028],[-159.34885042926862,21.980817918573791],[-159.34869724095299,21.980782758529841],[-159.34853935891846,21.9807818444256],[-159.34844567957606,21.980796954730508],[-159.34835475078299,21.980821823596937],[-159.34826713997955,21.980855982743442],[-159.34818493704711,21.980900832601474],[-159.34797618856047,21.981077020124282],[-159.34787350328978,21.981138608047068],[-159.34781600281386,21.981157647188709],[-159.34775586694451,21.981165291299433],[-159.34763512844668,21.981151602387492],[-159.34754984816107,21.98112063215763],[-159.34743551075434,21.981070389635956],[-159.34733028623174,21.980978216849135],[-159.3469028220135,21.980585994150736],[-159.34688178634454,21.980572663080167],[-159.34685353425212,21.980574096028914],[-159.34683489082428,21.980584551267775],[-159.34582140781478,21.98152794246321],[-159.34000399237445,21.986942667139797],[-159.33979988198126,21.987121107798515],[-159.33958735977427,21.987290550119766],[-159.33941930163815,21.987411246882228],[-159.33921864312052,21.987549280257191],[-159.33890306953617,21.987738452773371],[-159.33854750019461,21.987920639552065],[-159.33785012763735,21.988234552978806],[-159.33706759648652,21.988584812434354],[-159.33667057134775,21.988755378891526],[-159.33647016434293,21.988836447002754],[-159.33582239281446,21.989038614846315],[-159.33296495792521,21.98983683911473],[-159.33216384795315,21.990080520760806],[-159.33201901542054,21.990141901382362],[-159.33191157929289,21.990198756751415],[-159.33181086515799,21.9902677543338],[-159.33174222378506,21.9903278016067],[-159.33166083705598,21.990416253689538],[-159.3315908820154,21.990513426186716],[-159.33151515403119,21.990640518023756],[-159.33138405566004,21.990998692375388],[-159.33129571898289,21.991336362370596],[-159.33123675156631,21.991706063443072],[-159.33122669675748,21.99191205966353],[-159.33127305842197,21.992197129974908],[-159.33134176290605,21.992498779458753]]},"properties":{"st_length(shape)":2510.0703167693155,"objectid":2075,"year_record":2024,"island":"Kauai","route_id":"HI9A2","bmp":0,"emp":1.5670000000000002,"route_name":"Ahukini Road","county_id":7,"county_id_t":"Kauai County","aadt":3262,"aadt_su":55,"aadt_cu":12,"f_system":7,"f_system_t":"Local","facility_type":2,"facility_type_t":"two way","maint_op":40,"maint_op_t":"State Other-Other Public","ownership":40,"ownership_t":"State Other-Other Public","through_lanes":2,"urban_id":99998,"urban_id_t":"Small Urban"}}]}