{"type":"FeatureCollection","features":[{"type":"Feature","id":3,"geometry":{"type":"LineString","coordinates":[[-159.5815323922707,21.905885250441095],[-159.5814368031244,21.906007995286362]]},"properties":{"st_length(shape)":16.795407730212307,"objectid":3,"centerline":"RD-1864","fromleft":200257,"toleft":200259,"fromright":200256,"toright":200258,"fullname":"KAUMUALII HWY","onewaydir":" ","roadclass":"Local","munileft":"ELE","muniright":"ELE","zipleft":"96705","zipright":"96705","ownedby":"State","featuretyp":"2","externalro":"KAUMUALII HWY"}},{"type":"Feature","id":50,"geometry":{"type":"LineString","coordinates":[[-159.58605747184151,21.909314613141959],[-159.58604381181556,21.909310949590619],[-159.58602407497094,21.909305921815527],[-159.58600391709422,21.909300447435012],[-159.5859720082664,21.909291045217646],[-159.58593425548787,21.909278745717415],[-159.58588353701646,21.909260927231301],[-159.58583012789003,21.90923998339828],[-159.58578118580783,21.909219041713538],[-159.58575642531164,21.909207864056704],[-159.58572589477652,21.909193158252872],[-159.58569671720844,21.909179039375648],[-159.58565671695411,21.909158099251361],[-159.58561577861602,21.909135746777014],[-159.58558613255906,21.909119039406065],[-159.58555578175671,21.909100687580089],[-159.58546848876458,21.909043042101707],[-159.58542872504211,21.909013391989237],[-159.58538377066486,21.908977943130925],[-159.5853636888568,21.908960738231848],[-159.58534186737702,21.908940708161179],[-159.58532505662569,21.908924612780712],[-159.58529751614861,21.908897426179276],[-159.58528428323459,21.90888383322406],[-159.58527278900749,21.908871638017594],[-159.58525234031868,21.908850407810235],[-159.58523849857389,21.908834474415912],[-159.58521309911256,21.908804783096933],[-159.58518421986255,21.90877098901365]]},"properties":{"st_length(shape)":110.45322434954004,"objectid":50,"centerline":"RD-4038","fromleft":103921,"toleft":103979,"fromright":103920,"toright":103978,"fullname":"KAUMUALII HWY","onewaydir":" ","roadclass":"Local","munileft":"HAP","muniright":"HAP","zipleft":"96716","zipright":"96716","ownedby":"State","featuretyp":"2","externalro":"KAUMUALII HWY"}},{"type":"Feature","id":54,"geometry":{"type":"LineString","coordinates":[[-159.48581401010887,21.929820989552812],[-159.48568670525898,21.929995880617426],[-159.48559088287928,21.930135529337555],[-159.48548385230819,21.93030402634459],[-159.48537635017095,21.930485159295301],[-159.48527326582854,21.930671060146206],[-159.48522448481839,21.930765053552239],[-159.48515904709001,21.930895923054887],[-159.48508290274381,21.931055944728854],[-159.48504126214294,21.931152908305876],[-159.48499842900634,21.931260583874199],[-159.48495857455305,21.931362899564956],[-159.48488302536367,21.931538388102826],[-159.48480568987165,21.931731720311198],[-159.48475155593823,21.93186675731646],[-159.48470099224721,21.931995843654619],[-159.48468195174021,21.932042838956722],[-159.48465637460123,21.932115415479164],[-159.48460997587739,21.932240338199975]]},"properties":{"st_length(shape)":296.36696144012797,"objectid":54,"centerline":"RD-2032","fromleft":204321,"toleft":204449,"fromright":204320,"toright":204448,"fullname":"KAUMUALII HWY","onewaydir":" ","roadclass":"Local","munileft":"OMA","muniright":"OMA","zipleft":"96756","zipright":"96756","ownedby":"State","featuretyp":"2","externalro":"KAUMUALII HWY"}},{"type":"Feature","id":55,"geometry":{"type":"LineString","coordinates":[[-159.3791540058763,21.972625590923474],[-159.37827796322662,21.973006523183869]]},"properties":{"st_length(shape)":99.790317656277963,"objectid":55,"centerline":"RD-2215","fromleft":302677,"toleft":302707,"fromright":302676,"toright":302706,"fullname":"KAUMUALII HWY","onewaydir":" ","roadclass":"Local","munileft":"LIH","muniright":"LIH","zipleft":"96766","zipright":"96766","ownedby":"State","featuretyp":"2","externalro":"KAUMUALII HWY"}},{"type":"Feature","id":75,"geometry":{"type":"LineString","coordinates":[[-159.32232496002919,22.077119910957922],[-159.32229004391658,22.077143584791813],[-159.32225978157541,22.077171158624807],[-159.32223733162539,22.077198197583485],[-159.32221837007597,22.077228165839934]]},"properties":{"st_length(shape)":16.455923004401278,"objectid":75,"centerline":"RD-2877","fromleft":0,"toleft":0,"fromright":0,"toright":0,"fullname":"KAPAA BYP","onewaydir":" ","roadclass":"Local","munileft":"KAP","muniright":"KAP","zipleft":"96746","zipright":"96746","ownedby":"State","featuretyp":"2","externalro":"KAPAA BYP"}},{"type":"Feature","id":76,"geometry":{"type":"LineString","coordinates":[[-159.47334619984704,21.947305032427089],[-159.47222148763436,21.947616626197753],[-159.47109627048039,21.947933445601482],[-159.46996929960827,21.948249194510634],[-159.46964189292368,21.948332152181084],[-159.46934780760606,21.948416367381128],[-159.46903985338508,21.948522802016438],[-159.46885044389873,21.948595077570243],[-159.46874621418152,21.948633443220096],[-159.46864853480176,21.94867209458123],[-159.46854996959544,21.948713212996601],[-159.46845046343691,21.948756823014747],[-159.46834995152491,21.948802951921916],[-159.4681456464308,21.948902887305888],[-159.46793619763434,21.94901344709319],[-159.46780235339023,21.949088687295863],[-159.46766508521009,21.949170023615221],[-159.46752353089107,21.949257963519443],[-159.467376181769,21.949353449963827],[-159.46722533070118,21.949454893585184],[-159.4670889324893,21.949550470599441],[-159.4669630865672,21.949642920518173],[-159.4668461709129,21.949733452260272],[-159.46675056153339,21.949810908431129],[-159.46666079288943,21.949886354064965],[-159.46657613777776,21.949960406479288],[-159.46649616071346,21.950033454494335],[-159.46640035646746,21.950125216998707],[-159.46630698342722,21.950219228439089],[-159.46613594452276,21.950373230912462]]},"properties":{"st_length(shape)":831.20439937537014,"objectid":76,"centerline":"RD-4028","fromleft":204723,"toleft":204823,"fromright":204722,"toright":204822,"fullname":"KAUMUALII HWY","onewaydir":" ","roadclass":"Local","munileft":"OMA","muniright":"OMA","zipleft":"96756","zipright":"96756","ownedby":"State","featuretyp":"2","externalro":"KAUMUALII HWY"}},{"type":"Feature","id":77,"geometry":{"type":"LineString","coordinates":[[-159.32252495288171,22.077174511677779],[-159.32249929033077,22.077153139057884],[-159.32247138479968,22.07713560866058],[-159.32245115068059,22.077125890520584],[-159.32242987759903,22.07711794064743],[-159.32240756848486,22.077111768972774],[-159.32238422816749,22.077107368259156]]},"properties":{"st_length(shape)":16.592610140250176,"objectid":77,"centerline":"RD-4543","fromleft":0,"toleft":0,"fromright":0,"toright":0,"fullname":"KAPAA BYP","onewaydir":" ","roadclass":"Local","munileft":"KAP","muniright":"KAP","zipleft":"96746","zipright":"96746","ownedby":"State","featuretyp":"2","externalro":"KAPAA BYP"}},{"type":"Feature","id":80,"geometry":{"type":"LineString","coordinates":[[-159.67328855392054,21.956872098100273],[-159.67327713624479,21.95691207318961],[-159.67325928781,21.956969892715641],[-159.67324531032753,21.957014151453659],[-159.67323103173382,21.957045680482551],[-159.67320188457873,21.957103975433828],[-159.67316916587805,21.95716703156625],[-159.67315310509235,21.957199752271077],[-159.67314079070428,21.957223306014583],[-159.67307934004586,21.957313370961995],[-159.6730311571304,21.957380591041673],[-159.67297166921961,21.957443053961519],[-159.67291337409344,21.957512651672616],[-159.67285745251826,21.957582847639713],[-159.67280094011335,21.957653040587953],[-159.67275103168029,21.957717285478733]]},"properties":{"st_length(shape)":109.86820478030204,"objectid":80,"centerline":"RD-4234","fromleft":0,"toleft":0,"fromright":0,"toright":0,"fullname":"KAUMUALII HWY","onewaydir":" ","roadclass":"Local","munileft":"WAM","muniright":"WAM","zipleft":"96796","zipright":"96796","ownedby":" ","featuretyp":"2","externalro":" "}},{"type":"Feature","id":83,"geometry":{"type":"LineString","coordinates":[[-159.67339997281042,21.956325290421116],[-159.67322865381652,21.956280080139756],[-159.67280629369378,21.956170616339424],[-159.67276167854311,21.956162884241664],[-159.67272658144944,21.956159910292751],[-159.67269089026394,21.956159313851042],[-159.67264984549666,21.956158720352597],[-159.67262783443036,21.956159312784983],[-159.6726087986705,21.956164069525698],[-159.67259095445067,21.956172398914468],[-159.67257191495563,21.956187271220244],[-159.67255406826132,21.956203926501249],[-159.67253979376579,21.956222963918599],[-159.67253027542444,21.956241403675488],[-159.67252016505512,21.956272335588061],[-159.67244937232022,21.95659000102674],[-159.67244520832688,21.956620338535139],[-159.67244699602671,21.956647703830726],[-159.67245056384837,21.95667982555344]]},"properties":{"st_length(shape)":145.76445148621917,"objectid":83,"centerline":"RD-4297","fromleft":0,"toleft":0,"fromright":0,"toright":0,"fullname":"KAUMUALII HWY","onewaydir":" ","roadclass":"Local","munileft":"WAM","muniright":"WAM","zipleft":"96796","zipright":"96796","ownedby":" ","featuretyp":"2","externalro":" "}},{"type":"Feature","id":103,"geometry":{"type":"LineString","coordinates":[[-159.69591598660679,21.961446582006328],[-159.6956607865547,21.961438249636938],[-159.69370723844375,21.961372792673405],[-159.69309840412026,21.961376113971223]]},"properties":{"st_length(shape)":291.07767100153018,"objectid":103,"centerline":"RD-3761","fromleft":8887,"toleft":8943,"fromright":8886,"toright":8942,"fullname":"KAUMUALII HWY","onewaydir":" ","roadclass":"Local","munileft":"KEK","muniright":"KEK","zipleft":"96752","zipright":"96752","ownedby":"State","featuretyp":"2","externalro":"KAUMUALII HWY"}},{"type":"Feature","id":144,"geometry":{"type":"LineString","coordinates":[[-159.59739792760206,21.908104071038725],[-159.59719462272707,21.908050124313803],[-159.59707683898517,21.908026566539842],[-159.59691622635097,21.907997295359994],[-159.59671599304198,21.907964814166679]]},"properties":{"st_length(shape)":72.170867961455258,"objectid":144,"centerline":"RD-3121","fromleft":103351,"toleft":103399,"fromright":103350,"toright":103398,"fullname":"KAUMUALII HWY","onewaydir":" ","roadclass":"Local","munileft":"HAP","muniright":"HAP","zipleft":"96716","zipright":"96716","ownedby":"State","featuretyp":"2","externalro":"KAUMUALII HWY"}},{"type":"Feature","id":165,"geometry":{"type":"LineString","coordinates":[[-159.6780317515387,21.958104519109799],[-159.67791899306246,21.958280052010902],[-159.67789788924426,21.958301285359113],[-159.67787375121299,21.95831884167827],[-159.67784741678196,21.958332740094818],[-159.67780572570931,21.958349562996681],[-159.67775890878193,21.958364190057839],[-159.67769527293231,21.958378088785743],[-159.67675164737059,21.95854609034998],[-159.6766513811871,21.958564318801017],[-159.67660580657045,21.958575460462086],[-159.67656174890519,21.958589129039623],[-159.67651921266975,21.958603815812278],[-159.67648275344115,21.958620524684928],[-159.67644680251291,21.95864027416021],[-159.67639717201331,21.958679267608076]]},"properties":{"st_length(shape)":187.96648415392747,"objectid":165,"centerline":"RD-4437","fromleft":0,"toleft":0,"fromright":0,"toright":0,"fullname":"KAUMUALII HWY","onewaydir":" ","roadclass":"Local","munileft":"WAM","muniright":"WAM","zipleft":"96796","zipright":"96796","ownedby":" ","featuretyp":"2","externalro":" "}},{"type":"Feature","id":170,"geometry":{"type":"LineString","coordinates":[[-159.59575408952497,21.907901149265705],[-159.59564479875834,21.907905345647869],[-159.59554111192401,21.907910797321275],[-159.59541844024642,21.907918648478862],[-159.59530558023761,21.907929441759645],[-159.59521238011646,21.907939999426812],[-159.59514313885441,21.90794856414956],[-159.59506889837556,21.907959984600382],[-159.59497927415512,21.907976053688252],[-159.59489291100283,21.907991754986142],[-159.59482568552991,21.908005493468249],[-159.59476974607503,21.908016780775039],[-159.59465590820494,21.908042293143147],[-159.59440614783617,21.908096267624771],[-159.59416446176164,21.908148430105253],[-159.59390881463668,21.908202380826022]]},"properties":{"st_length(shape)":193.93450427876161,"objectid":170,"centerline":"RD-1884","fromleft":103437,"toleft":103499,"fromright":103436,"toright":103498,"fullname":"KAUMUALII HWY","onewaydir":" ","roadclass":"Local","munileft":"HAP","muniright":"HAP","zipleft":"96716","zipright":"96716","ownedby":"State","featuretyp":"2","externalro":"KAUMUALII HWY"}},{"type":"Feature","id":245,"geometry":{"type":"LineString","coordinates":[[-159.67559201612389,21.959236291216097],[-159.67552770569267,21.959193247790335]]},"properties":{"st_length(shape)":8.1729416248750333,"objectid":245,"centerline":"RD-3962","fromleft":0,"toleft":0,"fromright":0,"toright":0,"fullname":"KAUMUALII HWY","onewaydir":" ","roadclass":"Local","munileft":"WAM","muniright":"WAM","zipleft":"96796","zipright":"96796","ownedby":" ","featuretyp":"2","externalro":"KAUMUALII HWY"}},{"type":"Feature","id":211,"geometry":{"type":"LineString","coordinates":[[-159.59390881463668,21.908202380826022],[-159.59329952376663,21.908338303852286],[-159.59303540141971,21.908396832563799],[-159.59267118797632,21.908472953449436]]},"properties":{"st_length(shape)":131.30082216718907,"objectid":211,"centerline":"RD-1892","fromleft":103501,"toleft":103549,"fromright":103500,"toright":103548,"fullname":"KAUMUALII HWY","onewaydir":" ","roadclass":"Local","munileft":"HAP","muniright":"HAP","zipleft":"96716","zipright":"96716","ownedby":"State","featuretyp":"2","externalro":"KAUMUALII HWY"}},{"type":"Feature","id":252,"geometry":{"type":"LineString","coordinates":[[-159.64401633465403,21.934997649300961],[-159.64396298711105,21.934945498629418],[-159.64380140438962,21.934787166189327],[-159.64365090321311,21.934647961723087],[-159.64349109117663,21.934507487207913],[-159.64336813055567,21.934401954536909],[-159.64324782942094,21.934303820332076],[-159.64311127046531,21.934192084464353],[-159.64296462345473,21.93407140971782],[-159.64264343081132,21.933820655830797],[-159.64245516424646,21.933681915838481],[-159.64221107887977,21.933509418658016],[-159.64192777842996,21.933309618299766],[-159.64164030900682,21.93311364614862],[-159.64135503915739,21.932915897797773],[-159.64066676582013,21.932448153597463]]},"properties":{"st_length(shape)":447.18841225629296,"objectid":252,"centerline":"RD-4826","fromleft":11103,"toleft":11157,"fromright":11102,"toright":11156,"fullname":"KAUMUALII HWY","onewaydir":" ","roadclass":"Local","munileft":"PAK","muniright":"PAK","zipleft":"96747","zipright":"96747","ownedby":"State","featuretyp":"2","externalro":"KAUMUALII HWY"}},{"type":"Feature","id":258,"geometry":{"type":"LineString","coordinates":[[-159.38010403510063,21.972265590843062],[-159.37988402665877,21.972345591527844]]},"properties":{"st_length(shape)":24.379333710264618,"objectid":258,"centerline":"RD-1226","fromleft":302641,"toleft":302647,"fromright":302640,"toright":302646,"fullname":"KAUMUALII HWY","onewaydir":" ","roadclass":"Local","munileft":"LIH","muniright":"LIH","zipleft":"96766","zipright":"96766","ownedby":"State","featuretyp":"2","externalro":"KAUMUALII HWY"}},{"type":"Feature","id":316,"geometry":{"type":"LineString","coordinates":[[-159.66884841466981,21.955575871140052],[-159.66867528800449,21.955494043405672],[-159.66850967656788,21.955407429312228],[-159.66813761693535,21.955205201695509]]},"properties":{"st_length(shape)":84.109997729510184,"objectid":316,"centerline":"RD-3748","fromleft":9801,"toleft":9849,"fromright":9800,"toright":9848,"fullname":"KAUMUALII HWY","onewaydir":" ","roadclass":"Local","munileft":"WAM","muniright":"WAM","zipleft":"96796","zipright":"96796","ownedby":"State","featuretyp":"2","externalro":"KAUMUALII HWY"}},{"type":"Feature","id":274,"geometry":{"type":"LineString","coordinates":[[-159.6749189621919,21.958228631054585],[-159.67475536231643,21.957831867953416],[-159.67457588824777,21.95736920330863]]},"properties":{"st_length(shape)":101.51855388807887,"objectid":274,"centerline":"RD-4527","fromleft":0,"toleft":0,"fromright":0,"toright":0,"fullname":"KAUMUALII HWY","onewaydir":" ","roadclass":"Local","munileft":"WAM","muniright":"WAM","zipleft":"96796","zipright":"96796","ownedby":" ","featuretyp":"2","externalro":" "}},{"type":"Feature","id":287,"geometry":{"type":"LineString","coordinates":[[-159.58039257376515,21.907355558439271],[-159.58025991962239,21.907526838392741],[-159.58009823369801,21.907729925676854],[-159.58000900607078,21.907840570188274],[-159.57991130259134,21.907963255668392],[-159.57954786182151,21.908428064229987]]},"properties":{"st_length(shape)":147.33303338284981,"objectid":287,"centerline":"RD-1888","fromleft":200351,"toleft":200391,"fromright":200350,"toright":200390,"fullname":"KAUMUALII HWY","onewaydir":" ","roadclass":"Local","munileft":"ELE","muniright":"ELE","zipleft":"96705","zipright":"96705","ownedby":"State","featuretyp":"2","externalro":"KAUMUALII HWY"}},{"type":"Feature","id":295,"geometry":{"type":"LineString","coordinates":[[-159.37220367738161,21.975999265777418],[-159.37156750347901,21.976087663682133],[-159.3714091925039,21.976102263873237],[-159.37067021836268,21.976167687680967]]},"properties":{"st_length(shape)":159.46178121900738,"objectid":295,"centerline":"RD-4672","fromleft":302943,"toleft":302999,"fromright":0,"toright":0,"fullname":"KAUMUALII HWY","onewaydir":" ","roadclass":"Local","munileft":"LIH","muniright":"LIH","zipleft":"96766","zipright":"96766","ownedby":"State","featuretyp":"2","externalro":"KAUMUALII HWY"}},{"type":"Feature","id":337,"geometry":{"type":"LineString","coordinates":[[-159.76837853452238,22.010997088565556],[-159.76013041916451,22.002242991760788]]},"properties":{"st_length(shape)":1289.9259747649528,"objectid":337,"centerline":"RD-3885","fromleft":5761,"toleft":6199,"fromright":5760,"toright":6198,"fullname":"KAUMUALII HWY","onewaydir":" ","roadclass":"Local","munileft":"KEK","muniright":"MAN","zipleft":"96752","zipright":"96752","ownedby":"State","featuretyp":"2","externalro":"KAUMUALII HWY"}},{"type":"Feature","id":353,"geometry":{"type":"LineString","coordinates":[[-159.58441729609501,21.904913573664302],[-159.58435566975999,21.9048575519816],[-159.58428949101724,21.904819959307581],[-159.58421438060103,21.904782158903302],[-159.58414005802081,21.904748572893308],[-159.58405915826086,21.904718113484151],[-159.58396683673126,21.904688607031428],[-159.58386975309315,21.904661954201384],[-159.58375268279093,21.904635305355104]]},"properties":{"st_length(shape)":76.2256495848047,"objectid":353,"centerline":"RD-3137","fromleft":200151,"toleft":200169,"fromright":200150,"toright":200168,"fullname":"KAUMUALII HWY","onewaydir":" ","roadclass":"Local","munileft":"ELE","muniright":"POR","zipleft":"96705","zipright":"96705","ownedby":"State","featuretyp":"2","externalro":"KAUMUALII HWY"}},{"type":"Feature","id":368,"geometry":{"type":"LineString","coordinates":[[-159.77793859754755,22.030152439723324],[-159.77802854216017,22.029887321986234],[-159.77826854148,22.0290873177075],[-159.77914854780809,22.026227300011545],[-159.77927854609385,22.025747293325679],[-159.77937854551152,22.025037287920117],[-159.77934854462089,22.024357283664017],[-159.77919854596107,22.023527274145525],[-159.77907854784257,22.023057268712044],[-159.77882854794694,22.022457263863892],[-159.77850854628389,22.021897256434784],[-159.77812854512075,22.021377250008726],[-159.77730854515391,22.020497233501953],[-159.77697996033683,22.020147968422943],[-159.7769654205033,22.020132508006828]]},"properties":{"st_length(shape)":1202.0569734996443,"objectid":368,"centerline":"RD-3887","fromleft":4901,"toleft":5299,"fromright":4900,"toright":5298,"fullname":"KAUMUALII HWY","onewaydir":" ","roadclass":"Local","munileft":"MAN","muniright":"MAN","zipleft":"96752","zipright":"96752","ownedby":"State","featuretyp":"2","externalro":"KAUMUALII HWY"}},{"type":"Feature","id":447,"geometry":{"type":"LineString","coordinates":[[-159.67197825500841,21.957406293885789],[-159.67169261981186,21.957211598789851],[-159.67116360764035,21.956857118565029]]},"properties":{"st_length(shape)":103.7857422162445,"objectid":447,"centerline":"RD-3752","fromleft":9601,"toleft":9649,"fromright":9600,"toright":9648,"fullname":"KAUMUALII HWY","onewaydir":" ","roadclass":"Local","munileft":"WAM","muniright":"WAM","zipleft":"96796","zipright":"96796","ownedby":"State","featuretyp":"2","externalro":"KAUMUALII HWY"}},{"type":"Feature","id":410,"geometry":{"type":"LineString","coordinates":[[-159.38157407338619,21.971785591629299],[-159.38067404781833,21.972065592541554],[-159.38010403510063,21.972265590843062]]},"properties":{"st_length(shape)":160.82952516704694,"objectid":410,"centerline":"RD-1436","fromleft":302577,"toleft":302639,"fromright":302576,"toright":302638,"fullname":"KAUMUALII HWY","onewaydir":" ","roadclass":"Local","munileft":"LIH","muniright":"LIH","zipleft":"96766","zipright":"96766","ownedby":"State","featuretyp":"2","externalro":"KAUMUALII HWY"}},{"type":"Feature","id":445,"geometry":{"type":"LineString","coordinates":[[-159.52647747681903,21.925482820597324],[-159.52608433167694,21.92543754090676],[-159.52554300218932,21.925373289219923],[-159.52515514865686,21.925326291923952],[-159.52483164937499,21.925288148913022]]},"properties":{"st_length(shape)":171.33939773409773,"objectid":445,"centerline":"RD-3134","fromleft":202471,"toleft":202519,"fromright":202470,"toright":202518,"fullname":"KAUMUALII HWY","onewaydir":" ","roadclass":"Local","munileft":"KAL","muniright":"KAL","zipleft":"96741","zipright":"96741","ownedby":"State","featuretyp":"2","externalro":"KAUMUALII HWY"}},{"type":"Feature","id":470,"geometry":{"type":"LineString","coordinates":[[-159.67552770569267,21.959193247790335],[-159.67524058375491,21.959566452344326]]},"properties":{"st_length(shape)":50.848175317331624,"objectid":470,"centerline":"RD-4258","fromleft":0,"toleft":0,"fromright":0,"toright":0,"fullname":"KAUMUALII HWY","onewaydir":" ","roadclass":"Local","munileft":"WAM","muniright":"WAM","zipleft":"96796","zipright":"96796","ownedby":" ","featuretyp":"2","externalro":" "}},{"type":"Feature","id":597,"geometry":{"type":"LineString","coordinates":[[-159.72160778984994,21.969386286103692],[-159.72056748463126,21.969067783609539],[-159.71943786285186,21.96874574229421]]},"properties":{"st_length(shape)":235.00974591853281,"objectid":597,"centerline":"RD-3772","fromleft":8001,"toleft":8099,"fromright":8000,"toright":8098,"fullname":"KAUMUALII HWY","onewaydir":" ","roadclass":"Local","munileft":"KEK","muniright":"KEK","zipleft":"96752","zipright":"96752","ownedby":"State","featuretyp":"2","externalro":"KAUMUALII HWY"}},{"type":"Feature","id":539,"geometry":{"type":"LineString","coordinates":[[-159.70260623754001,21.961050779050499],[-159.70224745571355,21.961184625454298]]},"properties":{"st_length(shape)":39.89904269667759,"objectid":539,"centerline":"RD-1950","fromleft":8701,"toleft":8709,"fromright":8700,"toright":8708,"fullname":"KAUMUALII HWY","onewaydir":" ","roadclass":"Local","munileft":"KEK","muniright":"KEK","zipleft":"96752","zipright":"96752","ownedby":"State","featuretyp":"2","externalro":"KAUMUALII HWY"}},{"type":"Feature","id":579,"geometry":{"type":"LineString","coordinates":[[-159.33942123874451,21.987376501736485],[-159.33956217002654,21.987271528683991],[-159.3396213734224,21.987226128118074],[-159.33966241663293,21.987194167755934],[-159.33970891137093,21.98715639145227],[-159.33975467860094,21.987118618448829],[-159.33988216921912,21.987008564865516],[-159.33992030769687,21.986974783686843],[-159.33996498565062,21.986934831057884],[-159.3400456213628,21.986861461299714],[-159.34016911450323,21.98674523078288],[-159.34023704010878,21.986680941622851],[-159.34030496331124,21.986618107892461],[-159.34049274885859,21.986440857799902]]},"properties":{"st_length(shape)":151.66719886668488,"objectid":579,"centerline":"RD-5115","fromleft":3471,"toleft":3499,"fromright":3470,"toright":3498,"fullname":"AHUKINI RD","onewaydir":" ","roadclass":"Local","munileft":"LIH","muniright":"LIH","zipleft":"96766","zipright":"96766","ownedby":" ","featuretyp":"2","externalro":"AHUKINI RD"}},{"type":"Feature","id":587,"geometry":{"type":"LineString","coordinates":[[-159.42997527049459,21.964295732875758],[-159.42987667023485,21.964337083179263],[-159.42977713627943,21.964375867381321],[-159.42967666571911,21.964412082777535],[-159.42957525857759,21.964445735690148],[-159.42949381271109,21.964470300105734],[-159.42940345290481,21.964495028726972],[-159.42915524644599,21.964555735692858],[-159.42891686185911,21.964610364472595],[-159.4288223946557,21.964629727118961],[-159.42873523562051,21.96464573331545],[-159.42859149493671,21.964667978156765],[-159.4284387870407,21.964686843904435],[-159.42827505750427,21.964702597889627],[-159.42809522104076,21.964715729450212],[-159.42791618748069,21.964724987471435],[-159.42774355015774,21.96472972949411],[-159.42757668832087,21.964729977030178],[-159.42741520487806,21.9647257275168],[-159.42729789141606,21.96471914858116],[-159.4271678747545,21.964708401598735],[-159.42677518834208,21.964665724895461],[-159.42058053363573,21.963928814616594],[-159.41379640924103,21.963113849063454],[-159.41379539767615,21.96311370344749]]},"properties":{"st_length(shape)":1688.4628477086676,"objectid":587,"centerline":"RD-3908","fromleft":300701,"toleft":300899,"fromright":300700,"toright":300898,"fullname":"KAUMUALII HWY","onewaydir":" ","roadclass":"Local","munileft":"KOL","muniright":"KOL","zipleft":"96766","zipright":"96766","ownedby":"State","featuretyp":"2","externalro":"KAUMUALII HWY"}},{"type":"Feature","id":588,"geometry":{"type":"LineString","coordinates":[[-159.66426320321898,21.953264520030981],[-159.66396804594712,21.953124726728209],[-159.6625898049262,21.952466873430549]]},"properties":{"st_length(shape)":194.04733101097224,"objectid":588,"centerline":"RD-3745","fromleft":10101,"toleft":10299,"fromright":10100,"toright":10298,"fullname":"KAUMUALII HWY","onewaydir":" ","roadclass":"Local","munileft":"PAK","muniright":"PAK","zipleft":"96716","zipright":"96716","ownedby":"State","featuretyp":"2","externalro":"KAUMUALII HWY"}},{"type":"Feature","id":595,"geometry":{"type":"LineString","coordinates":[[-159.33181822124567,21.992881247326363],[-159.33160790163157,21.992822411918354],[-159.33151491477443,21.99277245675831],[-159.33144637868457,21.992727011841819],[-159.33137562171737,21.992651701629253],[-159.33133470681793,21.992530140598696],[-159.33125923554942,21.992261791366687],[-159.33119327304925,21.991880086403224],[-159.33120009400633,21.991738241431875],[-159.33121509721744,21.991608667718619],[-159.33124647130097,21.991414993020573],[-159.33129284333202,21.991202221686397],[-159.33133512691546,21.991038550989014],[-159.33140741749799,21.990818958645594],[-159.33142924136453,21.99075076575766],[-159.33145515883186,21.990686659017477],[-159.33150273802269,21.99058426288958],[-159.33158063797529,21.990458888637729],[-159.33164022775694,21.990382582326713],[-159.33172658292028,21.990296579390598],[-159.33178826523621,21.990247461642589],[-159.33186706959293,21.990192923791891],[-159.33192844787172,21.990154734699971],[-159.33197754904998,21.990128819360276],[-159.332023922411,21.99010836363508],[-159.33207711401931,21.990085177431958],[-159.33215758694439,21.990053804057233],[-159.33261041547661,21.989911961613611],[-159.33368247172319,21.989614632312204],[-159.33476271068858,21.989315939534873],[-159.33540921803007,21.989133178149451],[-159.33580339360259,21.98901724927207],[-159.33596918875028,21.98896476743359],[-159.3363723443363,21.988843516479541],[-159.33644208027064,21.988819909179742],[-159.33648385182548,21.98880465374636],[-159.33651508851332,21.98879303008264],[-159.33655104843936,21.988778866170524],[-159.33658773209822,21.988764340290633],[-159.33666183324854,21.988733465652114],[-159.33697093369946,21.988602708601103],[-159.33714419139358,21.988521346940448],[-159.33728294205949,21.988457785273859],[-159.33746201227598,21.98837751624675],[-159.33776820770555,21.988241313184858],[-159.3385578540709,21.987889358933327],[-159.3385909089543,21.9878733765124],[-159.33865301958386,21.987842504040788],[-159.33872057847071,21.987807271106469],[-159.33876452860332,21.987783661848159],[-159.33880484555979,21.987761868780446],[-159.33885170542123,21.987735718419323],[-159.33890146512138,21.987707753355249],[-159.33897192963454,21.987667071050527],[-159.33903077447727,21.987633291568077],[-159.33910850102467,21.987586802203293],[-159.33922473400781,21.987511252435613],[-159.33930972882473,21.987453866837811],[-159.33942123874451,21.987376501736485]]},"properties":{"st_length(shape)":1190.947192574667,"objectid":595,"centerline":"RD-3518","fromleft":3101,"toleft":3469,"fromright":3100,"toright":3468,"fullname":"AHUKINI RD","onewaydir":" ","roadclass":"Local","munileft":"LIH","muniright":"LIH","zipleft":"96766","zipright":"96766","ownedby":" ","featuretyp":"2","externalro":"AHUKINI RD"}},{"type":"Feature","id":601,"geometry":{"type":"LineString","coordinates":[[-159.69147136669326,21.961302035617479],[-159.68972262804965,21.961243594368973],[-159.68594925715308,21.961118627960889],[-159.68441949380036,21.961069358937298],[-159.67980439597341,21.960919515967237],[-159.67955168564231,21.960909849103302],[-159.67907713656578,21.960890146253234],[-159.6790277680563,21.960887058329948],[-159.6789730063058,21.960883204007001],[-159.67890898432762,21.960877801548715],[-159.67885421620863,21.960872401469103],[-159.6788033651415,21.960867312217783],[-159.67876243204992,21.960862374388622],[-159.67855252912929,21.960836063415751],[-159.67848706367391,21.960826889577277],[-159.67842458655838,21.960817631095054],[-159.6783898776653,21.960812231111795],[-159.67834822326543,21.960805291479861],[-159.6782788056918,21.960793717245664],[-159.67815770544203,21.960770576766286],[-159.67810448361683,21.960759778468162],[-159.67802734643681,21.960744350410771],[-159.67790151483459,21.960717858631018],[-159.67768950490105,21.960673383045254],[-159.67761622711504,21.960654872676042],[-159.6775676324346,21.960641756822422],[-159.67751518075778,21.960627102087596],[-159.67743959210139,21.960605501553406],[-159.67733468871361,21.960573106820441],[-159.67723981578018,21.960544566185508],[-159.67712025725129,21.960505998177901],[-159.67700147356155,21.960467428694582],[-159.67688885937309,21.960428089282594],[-159.67683156343443,21.960407079791732],[-159.67676544481202,21.960381805474949],[-159.67666902856016,21.960342466918544],[-159.67648545174191,21.960264562775876],[-159.67635509413617,21.960205938589112],[-159.67612446513152,21.960094864657208],[-159.67604347438782,21.960054753040257],[-159.67596634060877,21.960013097832334],[-159.67583752723792,21.959944448892198],[-159.67575885313997,21.959898169013542],[-159.67565935028975,21.959838000749961],[-159.67546497428989,21.95971072754125],[-159.67530894484312,21.959611017740961]]},"properties":{"st_length(shape)":1700.1476848400614,"objectid":601,"centerline":"RD-3758","fromleft":9001,"toleft":9427,"fromright":9000,"toright":9426,"fullname":"KAUMUALII HWY","onewaydir":" ","roadclass":"Local","munileft":"WAM","muniright":"WAM","zipleft":"96796","zipright":"96796","ownedby":"State","featuretyp":"2","externalro":"KAUMUALII HWY"}},{"type":"Feature","id":617,"geometry":{"type":"LineString","coordinates":[[-159.6625898049262,21.952466873430549],[-159.66218753202037,21.952275377073903],[-159.66208809635197,21.95222819570121],[-159.6619226034619,21.952145449051955],[-159.66157275295643,21.951977778080842],[-159.66124830878343,21.95182244325634],[-159.66091297517099,21.951662031004229],[-159.66081425891829,21.951614852269042],[-159.66066256172783,21.951540087442133],[-159.66050795937119,21.951466776910404],[-159.66022561117501,21.951332492969811],[-159.66001076544234,21.95123014785694],[-159.65982132483256,21.951148852169194],[-159.65970083345715,21.95109223455011],[-159.65958542918202,21.951029089092202],[-159.65943300349105,21.950955049661282],[-159.6591942057826,21.950841092182465],[-159.65894814742575,21.950724227356517],[-159.65856200483174,21.95053913559892],[-159.6582854638597,21.950406305658479],[-159.65803142173797,21.950285087117678],[-159.65774980181951,21.950139917819552],[-159.65759084452495,21.950053541296462],[-159.65730268826206,21.949888046949759],[-159.65652609684616,21.949435887354944],[-159.65609060308844,21.949180732402379]]},"properties":{"st_length(shape)":763.89256302042065,"objectid":617,"centerline":"RD-3883","fromleft":10301,"toleft":10585,"fromright":10300,"toright":10584,"fullname":"KAUMUALII HWY","onewaydir":" ","roadclass":"Local","munileft":"PAK","muniright":"PAK","zipleft":"96769","zipright":"96769","ownedby":"State","featuretyp":"2","externalro":"KAUMUALII HWY"}},{"type":"Feature","id":640,"geometry":{"type":"LineString","coordinates":[[-159.74735848808146,21.988676724931672],[-159.74416846666395,21.985276654374481],[-159.74294845511412,21.983946628195227],[-159.73608840693393,21.976676480934636],[-159.73580638161047,21.97639210312094],[-159.73488839754512,21.975466455044153],[-159.73380839235415,21.97443643622292],[-159.73277838462556,21.973656412063882],[-159.73179899535268,21.973024062058251],[-159.73157183218666,21.972885666298598],[-159.73048836884078,21.97227637334607],[-159.72957836188013,21.971836361326776],[-159.72857835637811,21.971426346380149],[-159.72754835115214,21.971086330357529],[-159.72519596759017,21.970421779054124],[-159.72462965546833,21.970256400224628],[-159.72410896438979,21.970116377415902]]},"properties":{"st_length(shape)":3228.8587363833285,"objectid":640,"centerline":"RD-4024","fromleft":6801,"toleft":7899,"fromright":6800,"toright":7898,"fullname":"KAUMUALII HWY","onewaydir":" ","roadclass":"Local","munileft":"KEK","muniright":"KEK","zipleft":"96752","zipright":"96752","ownedby":"State","featuretyp":"2","externalro":"KAUMUALII HWY"}},{"type":"Feature","id":656,"geometry":{"type":"LineString","coordinates":[[-159.69265852332339,21.961356211083363],[-159.69210395163336,21.961320243466666],[-159.69147136669326,21.961302035617479]]},"properties":{"st_length(shape)":122.74957365563918,"objectid":656,"centerline":"RD-3759","fromleft":8955,"toleft":8999,"fromright":8954,"toright":8998,"fullname":"KAUMUALII HWY","onewaydir":" ","roadclass":"Local","munileft":"KEK","muniright":"KEK","zipleft":"96752","zipright":"96752","ownedby":"State","featuretyp":"2","externalro":"KAUMUALII HWY"}},{"type":"Feature","id":865,"geometry":{"type":"LineString","coordinates":[[-159.67265940258625,21.957867700120815],[-159.6723125308925,21.957633303332805],[-159.67197825500841,21.957406293885789]]},"properties":{"st_length(shape)":86.921738093247711,"objectid":865,"centerline":"RD-3753","fromleft":9561,"toleft":9599,"fromright":9560,"toright":9598,"fullname":"KAUMUALII HWY","onewaydir":" ","roadclass":"Local","munileft":"WAM","muniright":"WAM","zipleft":"96796","zipright":"96796","ownedby":"State","featuretyp":"2","externalro":"KAUMUALII HWY"}},{"type":"Feature","id":737,"geometry":{"type":"LineString","coordinates":[[-159.38889805445169,21.969423885086577],[-159.38833997069977,21.969596407953098]]},"properties":{"st_length(shape)":60.701324530690158,"objectid":737,"centerline":"RD-1203","fromleft":302123,"toleft":302149,"fromright":302122,"toright":302148,"fullname":"KAUMUALII HWY","onewaydir":" ","roadclass":"Local","munileft":"PUH","muniright":"PUH","zipleft":"96766","zipright":"96766","ownedby":"State","featuretyp":"2","externalro":"KAUMUALII HWY"}},{"type":"Feature","id":744,"geometry":{"type":"LineString","coordinates":[[-159.32253728385371,22.077272454362745],[-159.32253955250957,22.077247468023408],[-159.32253828017488,22.077222866304101],[-159.3225334151193,22.077198491205095],[-159.32252495288171,22.077174511677779]]},"properties":{"st_length(shape)":11.040354229362435,"objectid":744,"centerline":"RD-3977","fromleft":0,"toleft":0,"fromright":0,"toright":0,"fullname":"KAPAA BYP","onewaydir":" ","roadclass":"Local","munileft":"KAP","muniright":"KAP","zipleft":"96746","zipright":"96746","ownedby":"State","featuretyp":"2","externalro":"KAPAA BYP"}},{"type":"Feature","id":776,"geometry":{"type":"LineString","coordinates":[[-159.72410896438979,21.970116377415902],[-159.72382191659557,21.970021317327994],[-159.72203786057037,21.969495580470934],[-159.72160778984994,21.969386286103692]]},"properties":{"st_length(shape)":270.65122404780647,"objectid":776,"centerline":"RD-3773","fromleft":7901,"toleft":7999,"fromright":7900,"toright":7998,"fullname":"KAUMUALII HWY","onewaydir":" ","roadclass":"Local","munileft":"KEK","muniright":"KEK","zipleft":"96752","zipright":"96752","ownedby":"State","featuretyp":"2","externalro":"KAUMUALII HWY"}},{"type":"Feature","id":828,"geometry":{"type":"LineString","coordinates":[[-159.67832068523589,21.957883615489422],[-159.67809100001358,21.958059166984764],[-159.6780317515387,21.958104519109799]]},"properties":{"st_length(shape)":38.574808320777208,"objectid":828,"centerline":"RD-4192","fromleft":0,"toleft":0,"fromright":0,"toright":0,"fullname":"KAUMUALII HWY","onewaydir":" ","roadclass":"Local","munileft":"WAM","muniright":"WAM","zipleft":"96796","zipright":"96796","ownedby":" ","featuretyp":"2","externalro":" "}},{"type":"Feature","id":859,"geometry":{"type":"LineString","coordinates":[[-159.6179180247986,21.917305280230522],[-159.61782115662834,21.917259440077423],[-159.61775475103613,21.917224871368159],[-159.61762693869989,21.917154827931995],[-159.61748446327064,21.91707290063783],[-159.61738037953745,21.917010909621677],[-159.61727583667997,21.916947278731925],[-159.61716937798292,21.916874688439936],[-159.61706883401763,21.916807477484248],[-159.61683763273621,21.916645632723295],[-159.61674031341866,21.916574659337659],[-159.61663815504946,21.9164993820321],[-159.61653115921592,21.916419265961853],[-159.61639566244486,21.916312266704274],[-159.61626608592067,21.916207418799004],[-159.61612145066934,21.91608912906889],[-159.61586981510899,21.915884270417912],[-159.61538698592869,21.915486379909364]]},"properties":{"st_length(shape)":330.87025897702694,"objectid":859,"centerline":"RD-4697","fromleft":102501,"toleft":102751,"fromright":102500,"toright":102750,"fullname":"KAUMUALII HWY","onewaydir":" ","roadclass":"Local","munileft":"KAU","muniright":"KAU","zipleft":"96747","zipright":"96747","ownedby":"State","featuretyp":"2","externalro":"KAUMUALII HWY"}},{"type":"Feature","id":876,"geometry":{"type":"LineString","coordinates":[[-159.59267118797632,21.908472953449436],[-159.59239192258715,21.908532689360367]]},"properties":{"st_length(shape)":29.593932078428807,"objectid":876,"centerline":"RD-1896","fromleft":103551,"toleft":103557,"fromright":103550,"toright":103556,"fullname":"KAUMUALII HWY","onewaydir":" ","roadclass":"Local","munileft":"HAP","muniright":"HAP","zipleft":"96716","zipright":"96716","ownedby":"State","featuretyp":"2","externalro":"KAUMUALII HWY"}},{"type":"Feature","id":878,"geometry":{"type":"LineString","coordinates":[[-159.61538698592869,21.915486379909364],[-159.61461880917872,21.914853985294229],[-159.61434183674228,21.914626979150317],[-159.61427283316883,21.914567014277686],[-159.61420049674459,21.914509429703671],[-159.61410674434228,21.914434236814657],[-159.6139387553975,21.914301935146156],[-159.61369033777498,21.914112049769642],[-159.61361276581587,21.914053986665845],[-159.61345809865205,21.913947860424198],[-159.61332342001293,21.913861721051109],[-159.61320872921149,21.913792715572978],[-159.61310254085268,21.913730008651331],[-159.61302931761531,21.91368896500984],[-159.61295936192568,21.913649940971716],[-159.61290415681316,21.913622337302627],[-159.61277233454626,21.913557614344388],[-159.61272379462866,21.913535725270329],[-159.61253200920203,21.913449108587951],[-159.61235307066423,21.913372009364345],[-159.61224647038978,21.913329654044766],[-159.61212701907812,21.913284441042698],[-159.61198948787427,21.913237324829236],[-159.61190382724146,21.913208770767508],[-159.61184100853251,21.913189259959942],[-159.6118015067911,21.91317736053869],[-159.61174487556099,21.913162131523144],[-159.61162590462641,21.913130721661872],[-159.6115135917106,21.913103592708499],[-159.61139937561245,21.91307741664038],[-159.61126788461547,21.913049896230937],[-159.61113239858119,21.913023637287409],[-159.61099349559839,21.912999569991825],[-159.61084305779133,21.912978424633753],[-159.61071833680842,21.912964851982125],[-159.6105875010675,21.912951771712308],[-159.61043780308151,21.912938587866648],[-159.61031005421495,21.912930353660034],[-159.61015534655186,21.912920706996651],[-159.61003974513963,21.912916072864952],[-159.60991665139693,21.912910600942467],[-159.60963999089213,21.912894652718844],[-159.60934351186035,21.912877517148274],[-159.60892853020152,21.912854668235354],[-159.60876339466864,21.912842767757837],[-159.60849983736159,21.912827916482026],[-159.60817471268575,21.912809922592785],[-159.60775307003865,21.912785171928515],[-159.60739043489676,21.912763752823551]]},"properties":{"st_length(shape)":913.04984628512784,"objectid":878,"centerline":"RD-4698","fromleft":102753,"toleft":102901,"fromright":102752,"toright":102900,"fullname":"KAUMUALII HWY","onewaydir":" ","roadclass":"Local","munileft":"HAP","muniright":"HAP","zipleft":"96716","zipright":"96716","ownedby":"State","featuretyp":"2","externalro":"KAUMUALII HWY"}},{"type":"Feature","id":883,"geometry":{"type":"LineString","coordinates":[[-159.37178368027688,21.99714365060024],[-159.37187368182961,21.997293651252516],[-159.37193368457108,21.997473654566775],[-159.37206368516212,21.997983666026634],[-159.37215368311334,21.998363671394539],[-159.37221368583369,21.998523674149521],[-159.37237368577044,21.998613673354978],[-159.37270369820945,21.998563676195964],[-159.37299370399975,21.998513672691416],[-159.37335371422782,21.998603679432126],[-159.37369371821654,21.998793685182825],[-159.37392372283048,21.99902368619539],[-159.37427373014697,21.999553699416552],[-159.37447373192896,22.000283708928322],[-159.37534372740126,22.002023748159345],[-159.37547372638488,22.002433758917643],[-159.37627369366621,22.006143836926391],[-159.37640369103815,22.00641384117467],[-159.37825370663649,22.008623897836291],[-159.37856371140813,22.00892391003508],[-159.37887371289091,22.009183913626984],[-159.37937371979118,22.009553924580391],[-159.37981372847992,22.009883930358932],[-159.38059374192611,22.010413946625121],[-159.3813337490366,22.01100396292841],[-159.38171375197564,22.011383972046488],[-159.38203375602828,22.011803985305882],[-159.38216375507429,22.012103992395279],[-159.38216374761109,22.012614001045396],[-159.38229374426496,22.012994008581376],[-159.38265374601718,22.013614024863404],[-159.38271374211683,22.013804029254125],[-159.38265372286278,22.015234055639258],[-159.38271371331143,22.016044074921634],[-159.38286370885584,22.016384081348793],[-159.383103715267,22.016534084321854],[-159.38391372857103,22.016884097148328],[-159.38419373321969,22.017134105071939],[-159.38467373368749,22.017774117285985],[-159.38534683762694,22.018635940200653],[-159.38576468842882,22.019183463599155],[-159.38586188977095,22.019320929855915],[-159.38591800713183,22.019483318417969],[-159.38602373770962,22.019864169226718],[-159.38693370322451,22.02382425140345],[-159.38709369473503,22.024444262532455],[-159.38710369350511,22.024714266936503],[-159.38705368869682,22.024884270463247],[-159.38698602465951,22.025020039199337],[-159.38685806450601,22.025149002824911],[-159.38659944643823,22.025305360678285],[-159.3862125532626,22.025473301765988],[-159.38593365384534,22.025564278415008],[-159.38547721696261,22.025705269353015],[-159.38466361861944,22.025904280161669],[-159.38411359891677,22.026084282478042],[-159.38380359133885,22.026244280735977],[-159.38357358176893,22.026434284097881],[-159.38337357289836,22.02665428611521],[-159.38315356008488,22.02704429326397],[-159.38295355012923,22.027644304770295],[-159.38278353956989,22.028104314954088],[-159.38263353041756,22.028384319500706],[-159.38249352615586,22.028494318490608],[-159.38231352033296,22.028574318056872],[-159.38205351394004,22.02858431852556],[-159.38177350915882,22.028524315223642],[-159.38153350154064,22.028504314739994],[-159.38133349560019,22.028554313229709],[-159.38118349093307,22.028674315583181],[-159.38113349111509,22.028744316536159],[-159.38109348847487,22.028884317981404],[-159.3811734853214,22.029174326467807],[-159.3811734803518,22.029494330926561],[-159.38113347682295,22.029654336320426],[-159.38104347066007,22.029764333401999],[-159.38091346664504,22.029874335801665],[-159.38042345011169,22.030204340643746],[-159.38013344173029,22.030324342745985],[-159.37981182015869,22.030554273111498],[-159.37968071585195,22.030640006203068],[-159.37960596855257,22.030672929083554],[-159.37952813581413,22.030691619071678],[-159.37941511333594,22.030693987684778],[-159.37922272338048,22.030698018886735],[-159.379152541162,22.030725233907663],[-159.37910841487741,22.030785138271973],[-159.37911334962976,22.030918968640698],[-159.37913997493843,22.031169500237361],[-159.37910527271868,22.03132905379589],[-159.3790506078507,22.031447357338351],[-159.37898224042445,22.031581355483745],[-159.37893526211664,22.03171957648906],[-159.37894457645299,22.031776509544361],[-159.37914339439999,22.032234374941954],[-159.37943339194567,22.032574384889838],[-159.37952729847837,22.032680728870385],[-159.37956419838184,22.032774615470149],[-159.37957662805141,22.032854321469838],[-159.37956607566511,22.032905606135522],[-159.37947367104994,22.033108386555298],[-159.37934612722495,22.033326509186253],[-159.37920337730168,22.033474399257027],[-159.37900534396428,22.033657550049391],[-159.37894528174539,22.033745638768451],[-159.37892551676811,22.033870873096056],[-159.37893780683589,22.034009271357533],[-159.37896431306712,22.034151213441138],[-159.37898842944784,22.034212943820283],[-159.37906854034557,22.034313258781157],[-159.37916537745252,22.034397898267795],[-159.37920458445933,22.034429071908139],[-159.37924173511695,22.034443103033745],[-159.37928644160709,22.034458743748687]]},"properties":{"st_length(shape)":5313.6034024515802,"objectid":883,"centerline":"RD-2354","fromleft":4801,"toleft":5099,"fromright":4800,"toright":5100,"fullname":"MAALO RD","onewaydir":" ","roadclass":"Local","munileft":"HAU","muniright":"HAU","zipleft":"96766","zipright":"96766","ownedby":"State","featuretyp":"2","externalro":"MAALO RD"}},{"type":"Feature","id":887,"geometry":{"type":"LineString","coordinates":[[-159.38833997069977,21.969596407953098],[-159.38791954892787,21.969732098238186]]},"properties":{"st_length(shape)":45.931377587514149,"objectid":887,"centerline":"RD-1223","fromleft":302151,"toleft":302179,"fromright":302150,"toright":302178,"fullname":"KAUMUALII HWY","onewaydir":" ","roadclass":"Local","munileft":"PUH","muniright":"PUH","zipleft":"96766","zipright":"96766","ownedby":"State","featuretyp":"2","externalro":"KAUMUALII HWY"}},{"type":"Feature","id":937,"geometry":{"type":"LineString","coordinates":[[-159.66674822493704,21.954494936566554],[-159.66637253561862,21.954304978933745],[-159.66622758115162,21.954230075498863],[-159.66616077859925,21.954193364108171],[-159.66609827332385,21.954161286058454],[-159.66593027372875,21.95407463921779],[-159.66552780906204,21.953875475705335]]},"properties":{"st_length(shape)":143.47549579677602,"objectid":937,"centerline":"RD-3746","fromleft":9901,"toleft":9949,"fromright":9900,"toright":9948,"fullname":"KAUMUALII HWY","onewaydir":" ","roadclass":"Local","munileft":"WAM","muniright":"WAM","zipleft":"96796","zipright":"96796","ownedby":"State","featuretyp":"2","externalro":"KAUMUALII HWY"}},{"type":"Feature","id":1000,"geometry":{"type":"LineString","coordinates":[[-159.58994804411105,21.909064556564502],[-159.58978083563923,21.909086085784708],[-159.58964401592362,21.909112259800473],[-159.58952325551442,21.90913367651422],[-159.5893894129708,21.909154492239111],[-159.5892836924977,21.909169763063161],[-159.58903742929607,21.909193953368074]]},"properties":{"st_length(shape)":95.200601635169406,"objectid":1000,"centerline":"RD-1646","fromleft":103601,"toleft":103749,"fromright":103600,"toright":103748,"fullname":"KAUMUALII HWY","onewaydir":" ","roadclass":"Local","munileft":"HAP","muniright":"HAP","zipleft":"96716","zipright":"96716","ownedby":"State","featuretyp":"2","externalro":"KAUMUALII HWY"}},{"type":"Feature","id":1006,"geometry":{"type":"LineString","coordinates":[[-159.57954786182151,21.908428064229987],[-159.57937739010021,21.908643881326189]]},"properties":{"st_length(shape)":29.676965332251221,"objectid":1006,"centerline":"RD-1898","fromleft":200393,"toleft":200399,"fromright":200392,"toright":200398,"fullname":"KAUMUALII HWY","onewaydir":" ","roadclass":"Local","munileft":"ELE","muniright":"ELE","zipleft":"96705","zipright":"96705","ownedby":"State","featuretyp":"2","externalro":"KAUMUALII HWY"}},{"type":"Feature","id":1039,"geometry":{"type":"LineString","coordinates":[[-159.58903742929607,21.909193953368074],[-159.58898728106951,21.909206836039683],[-159.58885224728138,21.909220518480634],[-159.5886672951211,21.909233767781163]]},"properties":{"st_length(shape)":38.562469967132174,"objectid":1039,"centerline":"RD-1648","fromleft":103751,"toleft":103769,"fromright":103750,"toright":103768,"fullname":"KAUMUALII HWY","onewaydir":" ","roadclass":"Local","munileft":"HAP","muniright":"HAP","zipleft":"96716","zipright":"96716","ownedby":"State","featuretyp":"2","externalro":"KAUMUALII HWY"}},{"type":"Feature","id":1065,"geometry":{"type":"LineString","coordinates":[[-159.58477186777193,21.905189797267191],[-159.5847149415259,21.905130724393018],[-159.58468005861104,21.905095674970489],[-159.58464212867796,21.905062907595475],[-159.58459444152396,21.905022883263655],[-159.58450721178014,21.904952973768605],[-159.58441729609501,21.904913573664302]]},"properties":{"st_length(shape)":48.190517544639974,"objectid":1065,"centerline":"RD-4524","fromleft":200141,"toleft":200149,"fromright":200140,"toright":200148,"fullname":"KAUMUALII HWY","onewaydir":" ","roadclass":"Local","munileft":"ELE","muniright":"POR","zipleft":"96705","zipright":"96705","ownedby":"State","featuretyp":"2","externalro":"KAUMUALII HWY"}},{"type":"Feature","id":1094,"geometry":{"type":"LineString","coordinates":[[-159.6734678956318,21.958403818707449],[-159.67307658242456,21.958137762205677],[-159.67265940258625,21.957867700120815]]},"properties":{"st_length(shape)":102.43290893383157,"objectid":1094,"centerline":"RD-3754","fromleft":9501,"toleft":9559,"fromright":9500,"toright":9558,"fullname":"KAUMUALII HWY","onewaydir":" ","roadclass":"Local","munileft":"WAM","muniright":"WAM","zipleft":"96796","zipright":"96796","ownedby":"State","featuretyp":"2","externalro":"KAUMUALII HWY"}},{"type":"Feature","id":1155,"geometry":{"type":"LineString","coordinates":[[-159.32216985546833,22.077680600131814],[-159.32219139394701,22.077636712958356],[-159.32221538074793,22.077594468829247],[-159.3222418216794,22.077553865021716],[-159.32227072060516,22.077514896106351],[-159.32232141531591,22.077456625647244],[-159.32237824534101,22.077402454625247]]},"properties":{"st_length(shape)":37.823134118452515,"objectid":1155,"centerline":"RD-4605","fromleft":0,"toleft":0,"fromright":0,"toright":0,"fullname":"KAPAA BYP","onewaydir":" ","roadclass":"Local","munileft":"KAP","muniright":"KAP","zipleft":"96746","zipright":"96746","ownedby":"State","featuretyp":"2","externalro":"KAPAA BYP"}},{"type":"Feature","id":1176,"geometry":{"type":"LineString","coordinates":[[-159.33425272299453,22.068089334580687],[-159.33424982037363,22.068091513279533],[-159.33408168363619,22.068217986602303],[-159.33398188647266,22.068304862599291],[-159.33363187223955,22.068774871299688],[-159.33295184327028,22.070124892786001],[-159.3327918328599,22.070454902772116],[-159.33276553364786,22.070581096992846],[-159.33275183247244,22.070724906113472],[-159.3327763642894,22.071177233793705],[-159.332751822983,22.07144491996775],[-159.33271167790943,22.071578734822051]]},"properties":{"st_length(shape)":430.72120518796589,"objectid":1176,"centerline":"RD-3120","fromleft":4111,"toleft":4139,"fromright":4110,"toright":4138,"fullname":"KAPAA BYP","onewaydir":" ","roadclass":"Local","munileft":"WAP","muniright":"WAP","zipleft":"96746","zipright":"96746","ownedby":"State","featuretyp":"2","externalro":"KAPAA BYP"}},{"type":"Feature","id":1195,"geometry":{"type":"LineString","coordinates":[[-159.59239192258715,21.908532689360367],[-159.59124207329396,21.908779566223838],[-159.59081305332188,21.908871648239174],[-159.59047255001323,21.908944458428728],[-159.58994804411105,21.909064556564502]]},"properties":{"st_length(shape)":259.21074582310098,"objectid":1195,"centerline":"RD-1905","fromleft":103559,"toleft":103599,"fromright":103558,"toright":103598,"fullname":"KAUMUALII HWY","onewaydir":" ","roadclass":"Local","munileft":"HAP","muniright":"HAP","zipleft":"96716","zipright":"96716","ownedby":"State","featuretyp":"2","externalro":"KAUMUALII HWY"}},{"type":"Feature","id":1213,"geometry":{"type":"LineString","coordinates":[[-159.36597356901106,21.99155353715442],[-159.36591356766215,21.991903541557971],[-159.3656935564905,21.992393547164983],[-159.36562355437408,21.992643553417722],[-159.36565355124287,21.992843551579753],[-159.36578355298082,21.993093556469837],[-159.36594355858963,21.993273563221052],[-159.3661835619298,21.993553567852825],[-159.36710357878204,21.994483587571505],[-159.36758359062259,21.994983594265385],[-159.36791359355414,21.995303604109296],[-159.36817360035772,21.995523603764212],[-159.36859360855024,21.995763610771906],[-159.36894361498798,21.995903615670461],[-159.3693736299185,21.996033621039743],[-159.36993364028697,21.996153624646876],[-159.37032364894688,21.996243628319643],[-159.37085366350655,21.996473631999304],[-159.37114366864728,21.996633636319267],[-159.37151367824143,21.996903643786123],[-159.37178368027688,21.99714365060024]]},"properties":{"st_length(shape)":964.76611910866177,"objectid":1213,"centerline":"RD-3053","fromleft":4511,"toleft":4799,"fromright":4510,"toright":4798,"fullname":"MAALO RD","onewaydir":" ","roadclass":"Local","munileft":"HAU","muniright":"HAU","zipleft":"96766","zipright":"96766","ownedby":"State","featuretyp":"2","externalro":"MAALO RD"}},{"type":"Feature","id":1229,"geometry":{"type":"LineString","coordinates":[[-159.48408981527385,21.933650259731071],[-159.48405337897108,21.933730616940526],[-159.48397055072047,21.933901295780082],[-159.48391249321858,21.934007899220148],[-159.48385633615317,21.934110690850893],[-159.48375875478681,21.934289324433472],[-159.48370214286945,21.93438480941866],[-159.48348313216738,21.934740661224708],[-159.48290947918312,21.935659069429978],[-159.48245654118887,21.936373307925439],[-159.4818465273849,21.937363319243211],[-159.48154651886529,21.937983331568692],[-159.48097650725271,21.939373349881489],[-159.48074650133194,21.939873358765844],[-159.48057649636411,21.940193361204113],[-159.48028029711739,21.940657986385933],[-159.47856644919787,21.943093397166653],[-159.47749642071841,21.944583417638594],[-159.47697640826308,21.94531342755301],[-159.47669640102279,21.945653431203265],[-159.47621639107402,21.946113440753212],[-159.47575638093195,21.946443438393164],[-159.47522636748036,21.946723442099351],[-159.47466635347857,21.946933442800432],[-159.47334619984704,21.947305032427089]]},"properties":{"st_length(shape)":1935.7150248260346,"objectid":1229,"centerline":"RD-2045","fromleft":204491,"toleft":204721,"fromright":204490,"toright":204720,"fullname":"KAUMUALII HWY","onewaydir":" ","roadclass":"Local","munileft":"OMA","muniright":"OMA","zipleft":"96741","zipright":"96741","ownedby":"State","featuretyp":"2","externalro":"KAUMUALII HWY"}},{"type":"Feature","id":1237,"geometry":{"type":"LineString","coordinates":[[-159.32245806010718,22.077385215079449],[-159.32248466596522,22.077361804234496],[-159.32250663494153,22.077335543147623],[-159.32252442245255,22.07730550670566],[-159.32253728385371,22.077272454362745]]},"properties":{"st_length(shape)":15.149942710486901,"objectid":1237,"centerline":"RD-3978","fromleft":0,"toleft":0,"fromright":0,"toright":0,"fullname":"KAPAA BYP","onewaydir":" ","roadclass":"Local","munileft":"KAP","muniright":"KAP","zipleft":"96746","zipright":"96746","ownedby":"State","featuretyp":"2","externalro":"KAPAA BYP"}},{"type":"Feature","id":1256,"geometry":{"type":"LineString","coordinates":[[-159.57937739010021,21.908643881326189],[-159.57925664061761,21.90882494431132],[-159.57907370137562,21.909061167470789],[-159.57891621847546,21.909256540672288],[-159.57878080751379,21.909437188726599],[-159.57874274968736,21.909489210375593],[-159.57869183580519,21.90955729419878],[-159.57851363410197,21.90978759615075],[-159.57835898150253,21.909986089275385],[-159.57821002509235,21.910179306066233],[-159.57815768059135,21.910248309029438],[-159.57807963148628,21.910348724317593],[-159.57797558397749,21.910481426546884],[-159.57789969012188,21.910568496795975],[-159.57784226416044,21.910635987092544],[-159.57775345714589,21.910741370045258],[-159.57771852731426,21.910779853372961],[-159.57760781306411,21.91090358691212],[-159.57751959981286,21.910998315275837],[-159.57744638861553,21.911075405615193],[-159.57739118491895,21.91113251293142],[-159.57732170426024,21.911201042743318],[-159.57719559371233,21.911323346596529],[-159.57708641437196,21.911423112648588],[-159.57699143296628,21.911509897096622],[-159.57668305305003,21.911780679284572],[-159.57638656918971,21.912042899856736],[-159.57609246607731,21.912301785128687],[-159.57578551472841,21.912571615677134],[-159.57543811117188,21.912877139061909],[-159.5751363941707,21.913147443391981],[-159.57485751920436,21.913399668267608],[-159.57433493092887,21.913867024491179],[-159.57402112004993,21.914141421841205],[-159.57368744313948,21.914430886682322]]},"properties":{"st_length(shape)":872.62207520027448,"objectid":1256,"centerline":"RD-1815","fromleft":200401,"toleft":200899,"fromright":200400,"toright":200898,"fullname":"KAUMUALII HWY","onewaydir":" ","roadclass":"Local","munileft":"ELE","muniright":"ELE","zipleft":"96705","zipright":"96705","ownedby":"State","featuretyp":"2","externalro":"KAUMUALII HWY"}},{"type":"Feature","id":1277,"geometry":{"type":"LineString","coordinates":[[-159.58224100320581,21.905046536949317],[-159.58216713697854,21.905113300899295],[-159.58211954593287,21.905161842680766],[-159.58206529267574,21.905220496652518],[-159.58200961472733,21.905286168094811],[-159.58196464229104,21.905340421111344],[-159.58188540477798,21.90544035722478],[-159.58154887074579,21.905864509006989],[-159.5815323922707,21.905885250441095]]},"properties":{"st_length(shape)":118.37877884854269,"objectid":1277,"centerline":"RD-1861","fromleft":200227,"toleft":200255,"fromright":200226,"toright":200254,"fullname":"KAUMUALII HWY","onewaydir":" ","roadclass":"Local","munileft":"ELE","muniright":"ELE","zipleft":"96705","zipright":"96705","ownedby":"State","featuretyp":"2","externalro":"KAUMUALII HWY"}},{"type":"Feature","id":1279,"geometry":{"type":"LineString","coordinates":[[-159.58375268279093,21.904635305355104],[-159.58369083112387,21.904625839933438],[-159.58364935243893,21.904620649558098],[-159.5836080106412,21.904617216767853],[-159.58352210912011,21.904612748533012],[-159.5834385916433,21.904612456504093],[-159.58338909971764,21.904614358415571],[-159.58333789974989,21.904616903286936],[-159.58331138795859,21.904618571038512],[-159.58328176582103,21.904621478478845],[-159.58323642818632,21.904627216053203],[-159.58319901668909,21.904632286799906],[-159.58316772419147,21.904637009715916],[-159.5831314368547,21.90464355357722],[-159.58309128455122,21.904652177276361],[-159.58305029123534,21.904662060621039],[-159.58301454817948,21.904670322665407],[-159.58296241335202,21.904683430060402],[-159.5829312653816,21.904692034472603],[-159.58289588028472,21.904702144551415],[-159.58284556433586,21.904718776988165],[-159.58279539717549,21.904737242852374],[-159.58274992664875,21.904754121000202],[-159.58269295796185,21.904776989858956],[-159.58264264553506,21.904799025656533],[-159.58259940062112,21.904818988336022],[-159.58256069815599,21.904838251929068],[-159.58252082728853,21.904858975079961],[-159.58249086681195,21.904875123391822],[-159.5824622603227,21.904891411455512],[-159.58243522960097,21.904907859265762],[-159.58241415888719,21.904921758172911],[-159.58239647586393,21.904933337720085],[-159.58236990260133,21.904951105623859],[-159.58234449997633,21.904968682370338],[-159.58231719264975,21.904987826081971],[-159.58229166018515,21.905006808118682],[-159.58224100320581,21.905046536949317]]},"properties":{"st_length(shape)":167.9015411456466,"objectid":1279,"centerline":"RD-1853","fromleft":200171,"toleft":200225,"fromright":200170,"toright":200224,"fullname":"KAUMUALII HWY","onewaydir":" ","roadclass":"Local","munileft":"ELE","muniright":"ELE","zipleft":"96705","zipright":"96705","ownedby":"State","featuretyp":"2","externalro":"KAUMUALII HWY"}},{"type":"Feature","id":1287,"geometry":{"type":"LineString","coordinates":[[-159.46592673196315,21.950593393813602],[-159.46472641523599,21.951843501576295]]},"properties":{"st_length(shape)":185.76589100507226,"objectid":1287,"centerline":"RD-2049","fromleft":240601,"toleft":240615,"fromright":240600,"toright":240614,"fullname":"KAUMUALII HWY","onewaydir":" ","roadclass":"Local","munileft":"KOL","muniright":"KOL","zipleft":"96756","zipright":"96756","ownedby":" ","featuretyp":"2","externalro":"KAUMUALII HWY"}},{"type":"Feature","id":1290,"geometry":{"type":"LineString","coordinates":[[-159.70942866960797,21.96284070363194],[-159.70914075448707,21.962629878716982],[-159.70888376857874,21.9624480836749],[-159.70866533292676,21.962296744781398],[-159.70850352768238,21.962192999594798],[-159.70836218865054,21.962104481490901]]},"properties":{"st_length(shape)":137.04335376173196,"objectid":1290,"centerline":"RD-3766","fromleft":8501,"toleft":8549,"fromright":8500,"toright":8548,"fullname":"KAUMUALII HWY","onewaydir":" ","roadclass":"Local","munileft":"KEK","muniright":"KEK","zipleft":"96752","zipright":"96752","ownedby":"State","featuretyp":"2","externalro":"KAUMUALII HWY"}},{"type":"Feature","id":1301,"geometry":{"type":"LineString","coordinates":[[-159.58518421986255,21.90877098901365],[-159.58516284331918,21.908745393094204],[-159.58514566818357,21.90872374558996],[-159.5851247281424,21.908695980778145],[-159.58511437528063,21.908681626814438],[-159.58510590637411,21.908668920336062],[-159.58508967138175,21.908645627945422],[-159.58507409540911,21.908622738851022],[-159.58505997578271,21.908600149937108],[-159.58504964659184,21.90858305396678],[-159.58503844253187,21.908564852594449],[-159.58502785879094,21.908546349979598],[-159.58501775500943,21.908528499742825],[-159.58500513459438,21.90850319067842],[-159.58499149975876,21.908474844265093],[-159.58497949943344,21.908451547648685],[-159.58496718375378,21.90842499347082],[-159.5849565570978,21.908401428166769],[-159.5849431426054,21.908369660569427],[-159.5849187897264,21.908303652908213],[-159.58490502299654,21.908267652170284],[-159.5848957994107,21.908241056278154],[-159.58488628028513,21.908210838670854],[-159.58487914280457,21.908182286658242],[-159.58487200284685,21.908150755133018],[-159.58486584529737,21.908120109996695],[-159.58485913630619,21.908084105850428],[-159.58485415788505,21.908055578685769],[-159.5848506645325,21.908027986716061],[-159.58484678522734,21.907997629806967],[-159.58484537100503,21.907976099708154],[-159.58484396066186,21.907953859497358],[-159.58484219445745,21.907919622964954],[-159.58484007827374,21.907885030820342],[-159.58483866331801,21.907841971922192],[-159.58483725310151,21.907786553143911],[-159.58483831336471,21.907752670648563],[-159.58483972285552,21.907726550109306],[-159.58484290072843,21.907697959623878],[-159.58484713596735,21.90766442812042],[-159.58485278343582,21.907624187223139],[-159.58485843118342,21.907590657022901],[-159.58486760723727,21.907543711857237],[-159.58487676298003,21.90750293991902],[-159.58488349273316,21.907473117173609],[-159.58489579743221,21.90742798491647],[-159.58490572954307,21.907391230492614],[-159.58491245677553,21.907369094160682],[-159.584920189408,21.907344703803698],[-159.58492796637685,21.907322400218437],[-159.58494561145403,21.907280397437535],[-159.5850088227954,21.90712817106985],[-159.58502220532904,21.90709332687706],[-159.58504868055485,21.907023789488452],[-159.5850825643933,21.906938727365098],[-159.58509809496022,21.9068974295358],[-159.58511609457327,21.906845541921065],[-159.58512703784305,21.90681342120827],[-159.58513762683586,21.906779893302716],[-159.5851471566163,21.906747769483655],[-159.5851563331191,21.906713534694358],[-159.58516409796633,21.906682826505293],[-159.58517257108767,21.906648940230905],[-159.58518139640955,21.906605523294306],[-159.58518880578615,21.906564582281085],[-159.58519278824599,21.906541484507326]]},"properties":{"st_length(shape)":260.28642606286911,"objectid":1301,"centerline":"RD-4036","fromleft":103981,"toleft":104049,"fromright":103980,"toright":104050,"fullname":"KAUMUALII HWY","onewaydir":" ","roadclass":"Local","munileft":"ELE","muniright":"ELE","zipleft":"96705","zipright":"96705","ownedby":"State","featuretyp":"2","externalro":"KAUMUALII HWY"}},{"type":"Feature","id":1357,"geometry":{"type":"LineString","coordinates":[[-159.52259329827132,21.924905561309838],[-159.52255959713841,21.924902661760449],[-159.52247835699578,21.924895398767948],[-159.52236170067508,21.924885957115766],[-159.52223455813251,21.924878639235985],[-159.52217190360975,21.924875324720098],[-159.52211319063755,21.924873805445515],[-159.52199678206708,21.924872286800227],[-159.52188516159032,21.924872111648181],[-159.52176793932651,21.92487421459505],[-159.52165124565147,21.924877891377303],[-159.52147146965564,21.924888402064649],[-159.52135792936264,21.924897338392938],[-159.52123019803014,21.924911531555278],[-159.52115765671084,21.924919413577594],[-159.52105567913227,21.924932556502426],[-159.52100889547921,21.924938860752722],[-159.52088904936912,21.924957256758816],[-159.52068457168065,21.924994051755007],[-159.52054474603,21.925020330928191],[-159.5203917799042,21.925050292420604],[-159.52014577457106,21.925099702765664],[-159.5199943884711,21.925129664314031],[-159.519841947831,21.925160148534268],[-159.51963379190417,21.925200622721103],[-159.51953864574389,21.925218493401204],[-159.51947609551343,21.925229007359693],[-159.51942300139308,21.925237942934462]]},"properties":{"st_length(shape)":331.27143055734911,"objectid":1357,"centerline":"RD-2005","fromleft":202601,"toleft":202749,"fromright":202600,"toright":202748,"fullname":"KAUMUALII HWY","onewaydir":" ","roadclass":"Local","munileft":"KAL","muniright":"KAL","zipleft":"96741","zipright":"96741","ownedby":"State","featuretyp":"2","externalro":"KAUMUALII HWY"}},{"type":"Feature","id":1370,"geometry":{"type":"LineString","coordinates":[[-159.53479095680188,21.925005497426184],[-159.53404700397351,21.925122886388383],[-159.53343726803212,21.925202850900327],[-159.53291392969751,21.925275669797571],[-159.53279255457386,21.925292089142022],[-159.53264404679186,21.925314221077429],[-159.53238201872787,21.9253542001174],[-159.5316901825025,21.925457006254181],[-159.5313624692599,21.925506977545851],[-159.5312760800046,21.925520545313866]]},"properties":{"st_length(shape)":367.47949162512549,"objectid":1370,"centerline":"RD-5104","fromleft":202151,"toleft":202279,"fromright":202150,"toright":202278,"fullname":"KAUMUALII HWY","onewaydir":" ","roadclass":"Local","munileft":"KAL","muniright":"KAL","zipleft":"96741","zipright":"96741","ownedby":"State","featuretyp":"2","externalro":"KAUMUALII HWY"}},{"type":"Feature","id":1463,"geometry":{"type":"LineString","coordinates":[[-159.41379539767615,21.96311370344749],[-159.41196484276384,21.96293562203952],[-159.41067481190007,21.962885614864845],[-159.40897091378588,21.962892741620216],[-159.40831448930314,21.962917306200367],[-159.40610470424303,21.963145596524324],[-159.40437465949623,21.96345559295121],[-159.4020846046765,21.964105588697034],[-159.40123458067447,21.964405589443434],[-159.40076456988805,21.964575590046831],[-159.40069508323177,21.964605366395091],[-159.39969464036756,21.965036464571764],[-159.39932552933584,21.965204000226901],[-159.39894594396566,21.965365427020771],[-159.39835257150173,21.965628947795008]]},"properties":{"st_length(shape)":1646.5688437740853,"objectid":1463,"centerline":"RD-2396","fromleft":301301,"toleft":301797,"fromright":301300,"toright":301796,"fullname":"KAUMUALII HWY","onewaydir":" ","roadclass":"Local","munileft":"PUH","muniright":"PUH","zipleft":"96766","zipright":"96766","ownedby":"State","featuretyp":"2","externalro":"KAUMUALII HWY"}},{"type":"Feature","id":1472,"geometry":{"type":"LineString","coordinates":[[-159.62403236710907,21.920013835858185],[-159.6237649334046,21.919760709121292]]},"properties":{"st_length(shape)":39.344687885721122,"objectid":1472,"centerline":"RD-3881","fromleft":11451,"toleft":11499,"fromright":11450,"toright":11498,"fullname":"KAUMUALII HWY","onewaydir":" ","roadclass":"Local","munileft":"OLO","muniright":"OLO","zipleft":"96747","zipright":"96747","ownedby":"State","featuretyp":"2","externalro":"KAUMUALII HWY"}},{"type":"Feature","id":1481,"geometry":{"type":"LineString","coordinates":[[-159.70093917959764,21.961537410935723],[-159.70085173353164,21.961548116457127],[-159.7007705327751,21.961556562952595],[-159.70072127891692,21.961561560291543],[-159.70066131557365,21.961566559039227],[-159.70058850258363,21.961572980346588],[-159.70052585028782,21.961576508016584],[-159.70044433050273,21.961581324899278],[-159.70038291676292,21.961582258053493],[-159.70025358884087,21.96158373373034],[-159.69759060202537,21.961499897646881]]},"properties":{"st_length(shape)":346.16302067256896,"objectid":1481,"centerline":"RD-3763","fromleft":8751,"toleft":8849,"fromright":8750,"toright":8848,"fullname":"KAUMUALII HWY","onewaydir":" ","roadclass":"Local","munileft":"KEK","muniright":"KEK","zipleft":"96752","zipright":"96752","ownedby":"State","featuretyp":"2","externalro":"KAUMUALII HWY"}},{"type":"Feature","id":1489,"geometry":{"type":"LineString","coordinates":[[-159.39002973773077,21.969368492804854],[-159.38994116380226,21.969390877340352],[-159.38990975605256,21.96940015984023],[-159.38988262840513,21.969408726580209],[-159.38984372007798,21.969422289331611],[-159.38976055789277,21.969452626595245],[-159.38966713087402,21.969491182424782],[-159.38964464461139,21.969501529641747],[-159.38960979069708,21.969519713775401],[-159.38959181608703,21.969528657167089],[-159.38955419243351,21.969549472368818],[-159.38953542228944,21.969560781957437],[-159.38949901679894,21.969583268340134],[-159.38946903291219,21.969603611869399],[-159.38944262109788,21.969622526705066],[-159.38942931460963,21.96963275093297],[-159.38940121593006,21.969655721713806],[-159.38936873705075,21.969682847883146],[-159.38934220467024,21.969707644415625],[-159.38930948515269,21.969738885432449],[-159.38927885158674,21.969773198630797],[-159.38924894676876,21.969810144541334],[-159.3892081192966,21.969860950792214],[-159.38917313777731,21.969910564180687],[-159.38915101004523,21.969944472326031],[-159.38912709341665,21.969985519213115],[-159.38910136726338,21.970097961510024],[-159.38907690199559,21.970139933913945],[-159.38903883564382,21.970197445272056],[-159.38902460461875,21.970214268613248],[-159.38901013642493,21.970227585341817],[-159.38899373547608,21.970239318392061],[-159.38897513933983,21.97025019836871],[-159.38893319422132,21.970268392836122],[-159.38890931908756,21.970275273111525],[-159.38888290198446,21.970280221514891],[-159.38885400486456,21.970283224346598],[-159.38882268195661,21.970284276959678],[-159.38879094789993,21.970283377292361],[-159.38876196412383,21.970280520569009],[-159.38873567345894,21.970275697891978],[-159.3887120875462,21.970268915559114],[-159.3886903622533,21.970259989460278],[-159.38866797239754,21.970248171197451],[-159.38864497712976,21.970233485023311],[-159.38862149191311,21.97021600474676],[-159.38860265958124,21.970199173872363],[-159.38858389750757,21.970178616118847],[-159.38853965528892,21.970118259572924],[-159.38838470141374,21.969716828045929],[-159.38833997069977,21.969596407953098]]},"properties":{"st_length(shape)":267.92079432677502,"objectid":1489,"centerline":"RD-5276","fromleft":0,"toleft":0,"fromright":0,"toright":0,"fullname":"KAUMUALII HWY","onewaydir":" ","roadclass":"Local","munileft":"PUH","muniright":"PUH","zipleft":"96766","zipright":"96766","ownedby":" ","featuretyp":"2","externalro":"KAUMUALII HWY"}},{"type":"Feature","id":1545,"geometry":{"type":"LineString","coordinates":[[-159.34763553986812,21.980627577057387],[-159.3480157367006,21.98104041533491]]},"properties":{"st_length(shape)":60.23869484309337,"objectid":1545,"centerline":"RD-4327","fromleft":0,"toleft":0,"fromright":0,"toright":0,"fullname":"AHUKINI RD","onewaydir":" ","roadclass":"Local","munileft":"LIH","muniright":"LIH","zipleft":"96766","zipright":"96766","ownedby":" ","featuretyp":"2","externalro":"AHUKINI RD"}},{"type":"Feature","id":1605,"geometry":{"type":"LineString","coordinates":[[-159.34933532348802,21.98110569109468],[-159.34925649869896,21.981043729730526],[-159.34916677436144,21.980982826866317],[-159.34906131767028,21.980919730416574],[-159.34898210282188,21.980874448276676],[-159.34893076426539,21.980848723373146],[-159.3488696040111,21.980823570433763],[-159.3488288893389,21.980808806116844],[-159.34879848797988,21.980799614917611],[-159.34876818063785,21.980792824874392],[-159.34872762763621,21.980785945471908],[-159.34865018495719,21.980776892136497],[-159.34859864517918,21.980775037522502],[-159.34854949069805,21.980776550393497],[-159.34849552146426,21.980782204935551],[-159.34843209980258,21.980792497044195],[-159.34837451308519,21.980805877372383],[-159.34832482605927,21.980820982760143],[-159.34827939136841,21.980838055850803],[-159.34822653376213,21.980862628832007],[-159.34819294290062,21.980880150174912],[-159.34817262546693,21.980893290546284],[-159.3480972863247,21.980944479740906],[-159.34805730187529,21.980988841565832],[-159.34803192028127,21.981016681800948],[-159.3480157367006,21.98104041533491]]},"properties":{"st_length(shape)":155.9329709391437,"objectid":1605,"centerline":"RD-4638","fromleft":0,"toleft":0,"fromright":0,"toright":0,"fullname":"AHUKINI RD","onewaydir":" ","roadclass":"Local","munileft":"LIH","muniright":"LIH","zipleft":"96766","zipright":"96766","ownedby":" ","featuretyp":"2","externalro":"AHUKINI RD"}},{"type":"Feature","id":1606,"geometry":{"type":"LineString","coordinates":[[-159.71038548478754,21.963671323262684],[-159.71020820700801,21.963505231945486],[-159.71003940770396,21.963351197722425],[-159.70996485561548,21.963287197219227],[-159.70979394383019,21.963138087317716],[-159.70963921007197,21.963008671233137],[-159.70942866960797,21.96284070363194]]},"properties":{"st_length(shape)":135.01525182883469,"objectid":1606,"centerline":"RD-3767","fromleft":8451,"toleft":8499,"fromright":8450,"toright":8498,"fullname":"KAUMUALII HWY","onewaydir":" ","roadclass":"Local","munileft":"KEK","muniright":"KEK","zipleft":"96752","zipright":"96752","ownedby":"State","featuretyp":"2","externalro":"KAUMUALII HWY"}},{"type":"Feature","id":1628,"geometry":{"type":"LineString","coordinates":[[-159.67275103168029,21.957717285478733],[-159.67265940258625,21.957867700120815]]},"properties":{"st_length(shape)":19.150207501064592,"objectid":1628,"centerline":"RD-1547","fromleft":0,"toleft":0,"fromright":0,"toright":0,"fullname":"KAUMUALII HWY","onewaydir":" ","roadclass":"Local","munileft":"WAM","muniright":"WAM","zipleft":"96796","zipright":"96796","ownedby":" ","featuretyp":"2","externalro":" "}},{"type":"Feature","id":1631,"geometry":{"type":"LineString","coordinates":[[-159.50328668455697,21.923323373664456],[-159.50324298964506,21.923308848158015],[-159.50319539944633,21.923302304704951],[-159.5030728552066,21.923288622979356],[-159.50285104476438,21.923271542406265],[-159.50260555103515,21.92325309563574],[-159.50213363467429,21.923216837511095],[-159.50169861019197,21.923185670210838],[-159.50050681294786,21.923102358938785]]},"properties":{"st_length(shape)":288.32781984147817,"objectid":1631,"centerline":"RD-3613","fromleft":203601,"toleft":203689,"fromright":203600,"toright":203688,"fullname":"KAUMUALII HWY","onewaydir":" ","roadclass":"Local","munileft":"LAW","muniright":"LAW","zipleft":"96765","zipright":"96765","ownedby":"State","featuretyp":"2","externalro":"KAUMUALII HWY"}},{"type":"Feature","id":1650,"geometry":{"type":"LineString","coordinates":[[-159.3480157367006,21.98104041533491],[-159.34803023875611,21.981055647412909],[-159.34806675212374,21.981086206763418],[-159.34811297099765,21.981127313136561],[-159.34817541419613,21.981173301634914],[-159.34820483746327,21.98119211040774],[-159.34824274906708,21.981213697331842],[-159.348339598666,21.981262716999456],[-159.3484513248001,21.981312861436098],[-159.34854497904931,21.981349230476091]]},"properties":{"st_length(shape)":65.043428979366809,"objectid":1650,"centerline":"RD-4204","fromleft":0,"toleft":0,"fromright":0,"toright":0,"fullname":"AHUKINI RD","onewaydir":" ","roadclass":"Local","munileft":"LIH","muniright":"LIH","zipleft":"96766","zipright":"96766","ownedby":" ","featuretyp":"2","externalro":"AHUKINI RD"}},{"type":"Feature","id":1711,"geometry":{"type":"LineString","coordinates":[[-159.67380270021812,21.956441295344586],[-159.67367788123113,21.95639568067843],[-159.67349285745607,21.956347581745622],[-159.67344119215659,21.956334151081414],[-159.67339997281042,21.956325290421116]]},"properties":{"st_length(shape)":43.581587746158782,"objectid":1711,"centerline":"RD-3776","fromleft":0,"toleft":0,"fromright":0,"toright":0,"fullname":"KAUMUALII HWY","onewaydir":" ","roadclass":"Local","munileft":"WAM","muniright":"WAM","zipleft":"96796","zipright":"96796","ownedby":" ","featuretyp":"2","externalro":" "}},{"type":"Feature","id":1717,"geometry":{"type":"LineString","coordinates":[[-159.57368744313948,21.914430886682322],[-159.57346983506838,21.914619865766351],[-159.57344239454676,21.914641319484787],[-159.57340347990095,21.914669259188496],[-159.57334610529335,21.914708669064993],[-159.57325580357559,21.914771032456475],[-159.57309104467117,21.914876263820364],[-159.57299229526762,21.914938129796493],[-159.57289652468839,21.914995831354464],[-159.57280550810353,21.915046097310437],[-159.57270639047491,21.915102860001827],[-159.57260563372196,21.915156740063448],[-159.57249855468774,21.915217416912938],[-159.57243523178394,21.915250707444869],[-159.57226655757262,21.91533758120794],[-159.57222702584363,21.915357783975054],[-159.57215710596023,21.915391654766925],[-159.57207560629746,21.915430078448249],[-159.57199145829168,21.91546842637538],[-159.57187517432394,21.915520165544439],[-159.5717909900481,21.915555275591345],[-159.57173771795058,21.915577010341739],[-159.57166930644684,21.915604372773497],[-159.57159019095937,21.915633521416371],[-159.57149474516706,21.915668299131173],[-159.57137279722104,21.915711128994147],[-159.57127134149692,21.915745354678084],[-159.57109796624025,21.915799168887975],[-159.57096914759455,21.915836367717478],[-159.57087933963939,21.915860787522423],[-159.57077197976068,21.915890181049622],[-159.57063278074679,21.915925868955981],[-159.57044744882811,21.915970206290261],[-159.57025087493267,21.916014500175589],[-159.57004505013614,21.916059114983454],[-159.56962923883313,21.916148341078411],[-159.56943649803026,21.916190576255307],[-159.56926101270048,21.916228048221388],[-159.56890884885206,21.916304189158598],[-159.56873633754006,21.91634166383562],[-159.56862033948775,21.916366648169745],[-159.56853884083765,21.916384492609239],[-159.56846210388406,21.916401150607353],[-159.56840975568247,21.916413641683608],[-159.56833777476899,21.916432081926885],[-159.56824973406842,21.916458254995678],[-159.56815931701439,21.916487996657576],[-159.56811053522009,21.916504056532911],[-159.56804450620658,21.916527257065155],[-159.56796895766348,21.916556999679198],[-159.56789757384715,21.916586146973529],[-159.56782149606292,21.916620637085153],[-159.56775539931985,21.91665217914019],[-159.56768877552949,21.916686083660228],[-159.56759835564958,21.916735457545865],[-159.56751626331371,21.916783643547738],[-159.56747926020125,21.916806484430232],[-159.5674377395616,21.916833016056167],[-159.56739835972067,21.916858357692952],[-159.56736362118463,21.916881197966259],[-159.56732828213666,21.916906183248297],[-159.56728271602998,21.916939734916607],[-159.56723734288153,21.916973853263574],[-159.56718611149233,21.917015641170991],[-159.56713661540513,21.917057753736774],[-159.5671066361607,21.917083454984812],[-159.56706761091928,21.917118670755805],[-159.56703739461315,21.917147105695797],[-159.56699527490463,21.917187197107598],[-159.56695387188699,21.917229551850593],[-159.5669119933053,21.917273335647653],[-159.56685869484159,21.917333775644863],[-159.56681729007707,21.91738231526767],[-159.56676732214459,21.917442753697372],[-159.56671735170525,21.917507952313272],[-159.56665596211471,21.917582666368215],[-159.56660646862687,21.9176502429526],[-159.56654793717482,21.917732573910762],[-159.56646941277862,21.917843932364946],[-159.56634044675891,21.918030485595825],[-159.56627952994245,21.918124233234145],[-159.56625573430154,21.918158024974201],[-159.56620719475228,21.918228456621126],[-159.56618625480129,21.918257960762809],[-159.56616151027438,21.918291753045306],[-159.56611154074741,21.918360754933612],[-159.56608679143565,21.918393590485238],[-159.56606497830981,21.918422654934243],[-159.56602471697721,21.91847280486277],[-159.56598875949928,21.918515897706783],[-159.56595401834304,21.918555874028971],[-159.56593545922084,21.918576337417321],[-159.56591927726694,21.918594895414241],[-159.56590309844108,21.918611550767437],[-159.5658678833145,21.918647242812867],[-159.56583802026498,21.918676273491776],[-159.56577793598939,21.918733379329336],[-159.56575485613172,21.918754796011534],[-159.56574034287365,21.918769071396518],[-159.5657095254229,21.918795483570488],[-159.56566562703301,21.918833320375299],[-159.56562922112414,21.918862942680832],[-159.56560530837046,21.918881859695169],[-159.56558495993642,21.918897919537532],[-159.56555283947293,21.918922190507988],[-159.56552392950363,21.918943251375484],[-159.56550358166538,21.918958240636961],[-159.56548180993698,21.918974300842883],[-159.56545825520897,21.91899072132146],[-159.56544254992747,21.919001783651037],[-159.56542755830822,21.919012133426996],[-159.56539829419791,21.919031053448819],[-159.56530477725832,21.919091371004583],[-159.5652633767273,21.919116713665279],[-159.56523512626364,21.919133172835412],[-159.56520769413069,21.919149191023418],[-159.56517878607414,21.919165609078814],[-159.56514416564124,21.919185241297814],[-159.56508348559314,21.919217361763344],[-159.56505528994873,21.919231283872787],[-159.56501317345939,21.919251626618436],[-159.56491707595563,21.919293545359157],[-159.56487647345571,21.919310876243003],[-159.56484899168521,21.919321938305014],[-159.56481615506684,21.919334073057563],[-159.56478581415584,21.919345137699516],[-159.56476368513233,21.919352634486824],[-159.56472941940339,21.919364766901687],[-159.56468266422019,21.919380473709531],[-159.56462841193434,21.919397604755318],[-159.5645873671769,21.919410095585242],[-159.56453418450124,21.91942544497121],[-159.56447743400079,21.919440073899466],[-159.56439534218956,21.919460065817592],[-159.56420652969723,21.919505389289537],[-159.56402414432145,21.919549291992134],[-159.56383604658089,21.91959497577195],[-159.56365330323572,21.919638515210139],[-159.56347078969932,21.919681924468726],[-159.56329352697571,21.919724173603992],[-159.56310721575662,21.919768788000994],[-159.56253935301331,21.919905484609618],[-159.5618554897467,21.920070375134721],[-159.5615571058282,21.920142114041102],[-159.56102922030135,21.92026952894587],[-159.56091179142308,21.920297723597663]]},"properties":{"st_length(shape)":1517.4351202094028,"objectid":1717,"centerline":"RD-3916","fromleft":200901,"toleft":201309,"fromright":200900,"toright":201308,"fullname":"KAUMUALII HWY","onewaydir":" ","roadclass":"Local","munileft":"ELE","muniright":"ELE","zipleft":"96705","zipright":"96705","ownedby":"State","featuretyp":"2","externalro":"KAUMUALII HWY"}},{"type":"Feature","id":1740,"geometry":{"type":"LineString","coordinates":[[-159.49053291430704,21.926442114445603],[-159.49016587296026,21.926652986977725],[-159.48976724875058,21.926866257448246],[-159.4893702706222,21.927085829890714],[-159.48898140909003,21.927301936045804],[-159.48873836752483,21.927435275578699],[-159.48852228494692,21.927557154925879],[-159.48830681330855,21.927682252042139],[-159.48810186842033,21.927807056538811],[-159.48792648919093,21.927916092935629],[-159.48775767217558,21.92802184464734],[-159.48764140763569,21.928096070168515],[-159.48750653943145,21.928187953408422],[-159.4873661499081,21.928289795271734]]},"properties":{"st_length(shape)":385.98513301603901,"objectid":1740,"centerline":"RD-1922","fromleft":204101,"toleft":204199,"fromright":204100,"toright":204198,"fullname":"KAUMUALII HWY","onewaydir":" ","roadclass":"Local","munileft":"OMA","muniright":"OMA","zipleft":"96756","zipright":"96756","ownedby":"State","featuretyp":"2","externalro":"KAUMUALII HWY"}},{"type":"Feature","id":1744,"geometry":{"type":"LineString","coordinates":[[-159.54881761589766,21.921633326508942],[-159.54868519011382,21.921621060621106],[-159.54853242454598,21.921607496468965],[-159.54838323484859,21.921593215572159],[-159.54825331347496,21.92158107830711],[-159.54806414716793,21.921563946326813],[-159.5479071016629,21.921548238449738],[-159.54775862040276,21.92153966885304],[-159.54769580410525,21.921536815399037],[-159.54762644258943,21.921535742702968],[-159.54756088490913,21.921536097389996],[-159.54746463680502,21.92153990595617],[-159.54738492585705,21.921544661338881],[-159.54732127466193,21.921548826600269],[-159.54724870060133,21.921555369555286],[-159.547177223554,21.921563689500108],[-159.54711163255811,21.921572814670874],[-159.54704083867659,21.92158534139012],[-159.54696435450472,21.921601170990805],[-159.54686721921044,21.921623682370434],[-159.54670201659323,21.921668386997833],[-159.54656639736064,21.921710572848664],[-159.54650094987741,21.921733228958118],[-159.54644741268984,21.921752857809381],[-159.54639113037214,21.921775233172816],[-159.54633973742909,21.921798065675944],[-159.54625883916208,21.92183554328199],[-159.5461737723507,21.921877778631959],[-159.54608632691762,21.921924176736471],[-159.54602560197108,21.921957407954068],[-159.54596675508739,21.921994373138514],[-159.54591857353097,21.922025304992594],[-159.54583767073643,21.922079438147858],[-159.54576926159794,21.922127620433621],[-159.54568716989687,21.922197813318487],[-159.54560031831528,21.922271578779444],[-159.54544327360313,21.922407207569776],[-159.54521186782372,21.922613031240704],[-159.54511550126657,21.922698098351923],[-159.5450286510399,21.922773648701074],[-159.54495726403778,21.922832538104764],[-159.54488553548481,21.922888961327057],[-159.54481390338069,21.922941992701929],[-159.54475382069356,21.922987205403938],[-159.54469433178849,21.92302943929754],[-159.54463543895835,21.923069296063858],[-159.54459082407391,21.923099037644661],[-159.54453847777486,21.923132351700808],[-159.54446471231392,21.92317696364606],[-159.54443021224759,21.923197188334267],[-159.54439154485789,21.923219198447068],[-159.5443165909534,21.923259652133041],[-159.54424639589581,21.923296530500803],[-159.54415656966609,21.923342335594381],[-159.54407507415127,21.923382786423442],[-159.54403468332185,21.9234025408558],[-159.54399357922898,21.923422640943222],[-159.54392040860435,21.923454171643023],[-159.5438228513604,21.923494026802295],[-159.54376395647753,21.923516631261499],[-159.54367532413119,21.923546968944031],[-159.54360059568288,21.92357141720052],[-159.54351768183454,21.923596935040067],[-159.54345760302576,21.923614780390739],[-159.54338919178318,21.923635005797482],[-159.54331661673086,21.92365463511285],[-159.54323393218954,21.923676052262074],[-159.54308818976114,21.923710553382023],[-159.54301204341738,21.923726015967382],[-159.54293947154289,21.923739105136146],[-159.54286392161924,21.923752783205732],[-159.54273661973798,21.92377360385127],[-159.54240825135597,21.923823571191591],[-159.5420905922021,21.923872938836208],[-159.54176995578422,21.923922906525618],[-159.54143088202221,21.923973467321467],[-159.54116676335948,21.92401331990585],[-159.54092286359204,21.924051389941877],[-159.54076819765888,21.924074585670638],[-159.5403940267835,21.924132285764195],[-159.53991872647839,21.924204856954624],[-159.53877300877443,21.924378546235413],[-159.53833104222045,21.924446086250857],[-159.53809426480464,21.924481450111937],[-159.53793959783465,21.924506432905169],[-159.53745239981995,21.92458078768642],[-159.53722218465276,21.9246176683077],[-159.53688489548142,21.924675366455908],[-159.53639169542004,21.9247565432923],[-159.53609372093737,21.924806824473723],[-159.53582959928588,21.924849058131869]]},"properties":{"st_length(shape)":1423.2232995186371,"objectid":1744,"centerline":"RD-3917","fromleft":201721,"toleft":202129,"fromright":201720,"toright":202128,"fullname":"KAUMUALII HWY","onewaydir":" ","roadclass":"Local","munileft":"ELE","muniright":"ELE","zipleft":"96741","zipright":"96741","ownedby":"State","featuretyp":"2","externalro":"KAUMUALII HWY"}},{"type":"Feature","id":1749,"geometry":{"type":"LineString","coordinates":[[-159.50028009587285,21.923085809298332],[-159.49965637328069,21.923039159049356]]},"properties":{"st_length(shape)":64.624589306162733,"objectid":1749,"centerline":"RD-3611","fromleft":203701,"toleft":203729,"fromright":203700,"toright":203728,"fullname":"KAUMUALII HWY","onewaydir":" ","roadclass":"Local","munileft":"LAW","muniright":"LAW","zipleft":"96765","zipright":"96765","ownedby":"State","featuretyp":"2","externalro":"KAUMUALII HWY"}},{"type":"Feature","id":1781,"geometry":{"type":"LineString","coordinates":[[-159.67552770569267,21.959193247790335],[-159.67546440556183,21.959138555154542],[-159.67539702708225,21.959079522992887],[-159.67533274560478,21.959013475692373],[-159.67530084376031,21.958978535356636],[-159.67525172219686,21.958923842156324],[-159.67521525977091,21.958873710643697],[-159.67519602001241,21.958842312019833],[-159.6751707012771,21.958792686672645],[-159.67514183637445,21.958728372804885],[-159.67511803538832,21.958668111618589],[-159.67508613094731,21.958588100734346],[-159.67505878554093,21.95852581419247],[-159.67502283419961,21.958441755457713],[-159.67499452903763,21.958373918646327],[-159.67495735879851,21.958302642817671]]},"properties":{"st_length(shape)":116.6750029893046,"objectid":1781,"centerline":"RD-4529","fromleft":0,"toleft":0,"fromright":0,"toright":0,"fullname":"KAUMUALII HWY","onewaydir":" ","roadclass":"Local","munileft":"WAM","muniright":"WAM","zipleft":"96796","zipright":"96796","ownedby":" ","featuretyp":"2","externalro":" "}},{"type":"Feature","id":1797,"geometry":{"type":"LineString","coordinates":[[-159.67457588824777,21.95736920330863],[-159.67455518578461,21.957326373356537],[-159.67452377630605,21.957274976008424],[-159.67449237153156,21.957229290934048],[-159.67447595090655,21.957210729922156],[-159.67445810560778,21.957195025939559],[-159.6744459686918,21.957185746196775],[-159.67443062295825,21.957175988169972],[-159.67439508145804,21.957160781444511],[-159.67435553580319,21.957149766739462],[-159.67431444556163,21.957146162764108],[-159.67428115805257,21.957149100907195]]},"properties":{"st_length(shape)":42.505206758904833,"objectid":1797,"centerline":"RD-4528","fromleft":0,"toleft":0,"fromright":0,"toright":0,"fullname":"KAUMUALII HWY","onewaydir":" ","roadclass":"Local","munileft":"WAM","muniright":"WAM","zipleft":"96796","zipright":"96796","ownedby":" ","featuretyp":"2","externalro":" "}},{"type":"Feature","id":1830,"geometry":{"type":"LineString","coordinates":[[-159.58094784091753,21.906624432655789],[-159.58080030029254,21.906830128577667],[-159.58072998457499,21.906920071402194],[-159.58039257376515,21.907355558439271]]},"properties":{"st_length(shape)":99.205040860126758,"objectid":1830,"centerline":"RD-1868","fromleft":200301,"toleft":200349,"fromright":200300,"toright":200348,"fullname":"KAUMUALII HWY","onewaydir":" ","roadclass":"Local","munileft":"ELE","muniright":"ELE","zipleft":"96705","zipright":"96705","ownedby":"State","featuretyp":"2","externalro":"KAUMUALII HWY"}},{"type":"Feature","id":1862,"geometry":{"type":"LineString","coordinates":[[-159.6237649334046,21.919760709121292],[-159.6236788711889,21.919684708563764],[-159.62358715794798,21.919602779414465],[-159.62354242366462,21.919565183056964],[-159.62339123657307,21.919441037157405]]},"properties":{"st_length(shape)":52.371372267364379,"objectid":1862,"centerline":"RD-3880","fromleft":11501,"toleft":11509,"fromright":11500,"toright":11508,"fullname":"KAUMUALII HWY","onewaydir":" ","roadclass":"Local","munileft":"OLO","muniright":"OLO","zipleft":"96747","zipright":"96747","ownedby":"State","featuretyp":"2","externalro":"KAUMUALII HWY"}},{"type":"Feature","id":1865,"geometry":{"type":"LineString","coordinates":[[-159.50909639907803,21.926213530887619],[-159.50901493737496,21.926219713234634],[-159.50899193107145,21.926230539887172],[-159.50896833250195,21.926241456003225],[-159.50895056987454,21.926249701557044],[-159.5089357403898,21.92625611308447],[-159.50891884623491,21.926263251944601],[-159.50890791518381,21.926268081227708],[-159.50888952087732,21.926275408125534],[-159.50887315447659,21.926282016836012],[-159.50885454164356,21.926289157394326],[-159.50883951060825,21.926294984108374],[-159.50880801699302,21.926306786511976],[-159.50876064205048,21.926324103850483],[-159.50873951216963,21.926331375050921],[-159.5087243530908,21.926336594136213],[-159.5086860401174,21.926348448329904],[-159.508679510664,21.92635024017175],[-159.50867468796747,21.926351674392592],[-159.50866418099048,21.926354592477793],[-159.50865469792075,21.926357363748384],[-159.50864246834686,21.926360541930311],[-159.50863102006124,21.926363690591611],[-159.50861986207309,21.926366787761651],[-159.50860986324906,21.926369380840537],[-159.50860629459234,21.926370307061774],[-159.50859862910028,21.926372299363781],[-159.50859574833009,21.926373069872628],[-159.5085904559684,21.926374489281724],[-159.50858213974792,21.926376467333636],[-159.50857257433256,21.926378682335752],[-159.50856273387126,21.926381153861207],[-159.50854310124086,21.926385790495164],[-159.5085177520385,21.926391544289871],[-159.50849134711362,21.92639721190471],[-159.50846479992222,21.926402626992328],[-159.50845994455599,21.926403587905895],[-159.5084506605177,21.926405421683135],[-159.50843638160228,21.9264079213795],[-159.50842207988057,21.926410270270836],[-159.5084067576841,21.926412915030159],[-159.50840135094751,21.926413756585845],[-159.50839069715357,21.926415415713581],[-159.5083749948688,21.926417912577595],[-159.50836071564854,21.926420054506529],[-159.50832824225245,21.926425089475778],[-159.50830503634253,21.926428264521554],[-159.50827862297589,21.926431831632751],[-159.50824828492068,21.926435044977083],[-159.50820714475765,21.926439053298935],[-159.50814688194987,21.926473537689116]]},"properties":{"st_length(shape)":103.17331016209917,"objectid":1865,"centerline":"RD-2014","fromleft":203351,"toleft":203399,"fromright":203350,"toright":203398,"fullname":"KAUMUALII HWY","onewaydir":" ","roadclass":"Local","munileft":"LAW","muniright":"LAW","zipleft":"96741","zipright":"96741","ownedby":"State","featuretyp":"2","externalro":"KAUMUALII HWY"}},{"type":"Feature","id":1872,"geometry":{"type":"LineString","coordinates":[[-159.6749189621919,21.958228631054585],[-159.67487855779098,21.958240103324641],[-159.67485608155519,21.958246438278234],[-159.67483867723712,21.958254634205762],[-159.67429801285351,21.958795623960519]]},"properties":{"st_length(shape)":90.668664263975742,"objectid":1872,"centerline":"RD-4183","fromleft":0,"toleft":0,"fromright":0,"toright":0,"fullname":"KAUMUALII HWY","onewaydir":" ","roadclass":"Local","munileft":"WAM","muniright":"WAM","zipleft":"96796","zipright":"96796","ownedby":" ","featuretyp":"2","externalro":" "}},{"type":"Feature","id":1878,"geometry":{"type":"LineString","coordinates":[[-159.67530894484312,21.959611017740961],[-159.67559201612389,21.959236291216097]]},"properties":{"st_length(shape)":50.743066839149755,"objectid":1878,"centerline":"RD-4601","fromleft":0,"toleft":0,"fromright":0,"toright":0,"fullname":"KAUMUALII HWY","onewaydir":" ","roadclass":"Local","munileft":"WAM","muniright":"WAM","zipleft":"96796","zipright":"96796","ownedby":" ","featuretyp":"2","externalro":" "}},{"type":"Feature","id":1913,"geometry":{"type":"LineString","coordinates":[[-159.61922795973612,21.917820486455316],[-159.61906092622118,21.91776518667676],[-159.61895085508959,21.917726975746511],[-159.61887671947903,21.91770104986615],[-159.61874072325907,21.917651017409511],[-159.61846008829082,21.917540032393497],[-159.61832818671374,21.917487722011163],[-159.61820448307765,21.917437460401999],[-159.61815625502516,21.917416312621803],[-159.618075295197,21.917379013470789],[-159.6179180247986,21.917305280230522]]},"properties":{"st_length(shape)":146.94036209543154,"objectid":1913,"centerline":"RD-3123","fromleft":102401,"toleft":102499,"fromright":102400,"toright":102498,"fullname":"KAUMUALII HWY","onewaydir":" ","roadclass":"Local","munileft":"KAU","muniright":"KAU","zipleft":"96747","zipright":"96747","ownedby":"State","featuretyp":"2","externalro":"KAUMUALII HWY"}},{"type":"Feature","id":1953,"geometry":{"type":"LineString","coordinates":[[-159.52483164937499,21.925288148913022],[-159.52474645874736,21.925276485459122],[-159.52462982472647,21.925259242363321],[-159.52443408017248,21.925228306026558],[-159.52430375476405,21.925206497021218],[-159.52420487301259,21.925188748014484],[-159.52403651402,21.925157306516056],[-159.52364777980563,21.925082354285031],[-159.5232504675181,21.925006427412473],[-159.52315430413893,21.9249882065597],[-159.5230763576898,21.924975044779206],[-159.5229057923853,21.924945688845227],[-159.52278887718572,21.9249284778526],[-159.52272409056872,21.924919870759833],[-159.52263064755491,21.924909453881245],[-159.52259329827132,21.924905561309838]]},"properties":{"st_length(shape)":235.09350270402877,"objectid":1953,"centerline":"RD-3133","fromleft":202521,"toleft":202599,"fromright":202520,"toright":202598,"fullname":"KAUMUALII HWY","onewaydir":" ","roadclass":"Local","munileft":"KAL","muniright":"KAL","zipleft":"96741","zipright":"96741","ownedby":"State","featuretyp":"2","externalro":"KAUMUALII HWY"}},{"type":"Feature","id":1955,"geometry":{"type":"LineString","coordinates":[[-159.51571170662686,21.923630707599511],[-159.51561509787865,21.923592634250554],[-159.51550825656989,21.923554520643478],[-159.51545231364506,21.923535598200225],[-159.5153904514377,21.923516299485058],[-159.51528207193593,21.923483633767109],[-159.51518053064362,21.923458878747535],[-159.51508076025212,21.923435452497241],[-159.51498036025492,21.923413834131257],[-159.51487950700437,21.923394061040835],[-159.51473572033905,21.923368812816761],[-159.51460853377947,21.923351488985002],[-159.51450064852139,21.923339611132658],[-159.51436702934052,21.923330206905426],[-159.51423885514149,21.923325256662615],[-159.51415571647397,21.923325256409214],[-159.51409137958314,21.923327234596812],[-159.51395479296397,21.923335152811319],[-159.51382364818929,21.923342076390085]]},"properties":{"st_length(shape)":199.66930909409777,"objectid":1955,"centerline":"RD-3131","fromleft":203001,"toleft":203099,"fromright":203000,"toright":203098,"fullname":"KAUMUALII HWY","onewaydir":" ","roadclass":"Local","munileft":"KAL","muniright":"KAL","zipleft":"96741","zipright":"96741","ownedby":"State","featuretyp":"2","externalro":"KAUMUALII HWY"}},{"type":"Feature","id":1966,"geometry":{"type":"LineString","coordinates":[[-159.67049796585985,21.956425441773202],[-159.67001945500414,21.956176019491025],[-159.6696701470035,21.95599612816541],[-159.66954647482632,21.955938621196282]]},"properties":{"st_length(shape)":112.07011143568319,"objectid":1966,"centerline":"RD-3750","fromleft":9701,"toleft":9759,"fromright":9700,"toright":9758,"fullname":"KAUMUALII HWY","onewaydir":" ","roadclass":"Local","munileft":"WAM","muniright":"WAM","zipleft":"96796","zipright":"96796","ownedby":"State","featuretyp":"2","externalro":"KAUMUALII HWY"}},{"type":"Feature","id":2026,"geometry":{"type":"LineString","coordinates":[[-159.67495735879851,21.958302642817671],[-159.6749189621919,21.958228631054585]]},"properties":{"st_length(shape)":9.1014480143873193,"objectid":2026,"centerline":"RD-3777","fromleft":0,"toleft":0,"fromright":0,"toright":0,"fullname":"KAUMUALII HWY","onewaydir":" ","roadclass":"Local","munileft":"WAM","muniright":"WAM","zipleft":"96796","zipright":"96796","ownedby":" ","featuretyp":"2","externalro":" "}},{"type":"Feature","id":2027,"geometry":{"type":"LineString","coordinates":[[-159.34349633503595,21.983631844178646],[-159.34362846335938,21.983510073841654],[-159.34368004216722,21.983461763329199],[-159.34381951828016,21.983330645748829],[-159.34390197301562,21.983257275716465],[-159.34405343782936,21.983115258025197],[-159.3441663815984,21.983013538824324],[-159.34424885023361,21.982937647069495],[-159.34434438006684,21.982847204056856],[-159.34458628366977,21.982620560850254],[-159.34471595704738,21.982501423827941],[-159.34477800700515,21.98244534663112],[-159.34486269946339,21.982365219056046],[-159.34544004617374,21.981825442987546],[-159.34559278032745,21.98168164593908],[-159.34572830828577,21.981555610624468],[-159.34591308898408,21.981382652067616],[-159.34652626678471,21.980808475631591],[-159.34672023179093,21.980630142953114],[-159.34683282670281,21.980525170256595]]},"properties":{"st_length(shape)":486.72183012839986,"objectid":2027,"centerline":"RD-5107","fromleft":3701,"toleft":3799,"fromright":3700,"toright":3798,"fullname":"AHUKINI RD","onewaydir":" ","roadclass":"Local","munileft":"LIH","muniright":"LIH","zipleft":"96766","zipright":"96766","ownedby":" ","featuretyp":"2","externalro":"AHUKINI RD"}},{"type":"Feature","id":2066,"geometry":{"type":"LineString","coordinates":[[-159.58519278824599,21.906541484507326],[-159.58519893170779,21.906506568471436],[-159.58520410502112,21.9064706837915],[-159.58520798587301,21.906434796480063],[-159.58521315539954,21.90637143390364],[-159.58521024713028,21.906300307944615],[-159.58520636713939,21.906235649502488],[-159.58520475203775,21.906190065314199],[-159.58520248741445,21.906145451011948],[-159.5851992541389,21.906102129352735],[-159.58519634677887,21.906076267181184],[-159.58519246715807,21.906047494895876],[-159.58518664547265,21.906015163666776],[-159.58518115217512,21.90598833227234],[-159.58517274534276,21.905953091243422],[-159.58516595837224,21.905926905885689],[-159.585153670349,21.905880996465772],[-159.5851430049232,21.905845760755366],[-159.58512942289701,21.905803733468023],[-159.58511810882592,21.905772050553107],[-159.58510323831595,21.905734545912193],[-159.58508157708707,21.905682496653625],[-159.58504633976233,21.905607169018051],[-159.58500721988582,21.905530550618288],[-159.58496066691956,21.905447787278575],[-159.58493965394641,21.905412223345163],[-159.58491928557999,21.90537827787637],[-159.58490850787965,21.905362001086907],[-159.58489309980283,21.905340775486007],[-159.58487305637362,21.9053136181548],[-159.58485592196251,21.905291634381118],[-159.58481648156859,21.905241522889508],[-159.58477186777193,21.905189797267191]]},"properties":{"st_length(shape)":160.4559769150863,"objectid":2066,"centerline":"RD-4031","fromleft":200101,"toleft":200139,"fromright":200100,"toright":200138,"fullname":"KAUMUALII HWY","onewaydir":" ","roadclass":"Local","munileft":"ELE","muniright":"ELE","zipleft":"96705","zipright":"96705","ownedby":"State","featuretyp":"2","externalro":"KAUMUALII HWY"}},{"type":"Feature","id":2071,"geometry":{"type":"LineString","coordinates":[[-159.34999406362931,21.981480803523105],[-159.34987378302102,21.98143517031869],[-159.34975725434523,21.981383707219145],[-159.34964447278682,21.981326421470083],[-159.34953544899278,21.981263305828772],[-159.34947203631026,21.981223898816669],[-159.34943278827024,21.981196181524634],[-159.34938207648568,21.981153141778794],[-159.34933532348802,21.98110569109468]]},"properties":{"st_length(shape)":80.380884710787058,"objectid":2071,"centerline":"RD-4639","fromleft":0,"toleft":0,"fromright":0,"toright":0,"fullname":"AHUKINI RD","onewaydir":" ","roadclass":"Local","munileft":"LIH","muniright":"LIH","zipleft":"96766","zipright":"96766","ownedby":" ","featuretyp":"2","externalro":"AHUKINI RD"}},{"type":"Feature","id":2072,"geometry":{"type":"LineString","coordinates":[[-159.34049274885859,21.986440857799902],[-159.34070668782203,21.986249080879372],[-159.34121592608997,21.985774358276466],[-159.3415689805116,21.985442740905459]]},"properties":{"st_length(shape)":156.68793079020963,"objectid":2072,"centerline":"RD-4076","fromleft":3501,"toleft":3549,"fromright":3500,"toright":3548,"fullname":"AHUKINI RD","onewaydir":" ","roadclass":"Local","munileft":"LIH","muniright":"LIH","zipleft":"96766","zipright":"96766","ownedby":" ","featuretyp":"2","externalro":"AHUKINI RD"}},{"type":"Feature","id":2078,"geometry":{"type":"LineString","coordinates":[[-159.70614403890826,21.9611150654247],[-159.70573048777604,21.960973717374763],[-159.70563150333808,21.960942310088576],[-159.70556773091968,21.960923270945791],[-159.70545922667921,21.960893291188309],[-159.70534501202559,21.960865210461623],[-159.70520652778308,21.960837606976288],[-159.70513371743317,21.960826182478716],[-159.70496524944278,21.960803339309763],[-159.70487007107178,21.960789538068585],[-159.70474538707509,21.960775734197686],[-159.70464211483798,21.960767167591531],[-159.70451505252629,21.96075812479021],[-159.70441273461398,21.960753362728656],[-159.70433564057353,21.960749558456154],[-159.70419191883525,21.96074764972041],[-159.70411101581644,21.960749553167172],[-159.70398680864787,21.960755262171737],[-159.7039073321294,21.960760496606316],[-159.70382643081538,21.960766682077082],[-159.70376646741326,21.960773343323687],[-159.70368984808397,21.960783339037256],[-159.70355231572529,21.960802848409596],[-159.70346237134382,21.960819981136819],[-159.70332959650358,21.960845677288109],[-159.70325678419277,21.960861381417672],[-159.70319539384792,21.960875657100996],[-159.70312020340643,21.960894215293116],[-159.70298267103519,21.96092990610369],[-159.7027718511294,21.96099558027084],[-159.70271378988255,21.96101508764292],[-159.70260623754001,21.961050779050499]]},"properties":{"st_length(shape)":375.06239155607091,"objectid":2078,"centerline":"RD-3764","fromleft":8601,"toleft":8699,"fromright":8600,"toright":8698,"fullname":"KAUMUALII HWY","onewaydir":" ","roadclass":"Local","munileft":"KEK","muniright":"KEK","zipleft":"96752","zipright":"96752","ownedby":"State","featuretyp":"2","externalro":"KAUMUALII HWY"}},{"type":"Feature","id":2160,"geometry":{"type":"LineString","coordinates":[[-159.59671599304198,21.907964814166679],[-159.59660252518296,21.907945160387776],[-159.59652717961123,21.907934115357207],[-159.5964743551221,21.907927334162878],[-159.59640368536208,21.907919241705045],[-159.59634479463946,21.907913412086131],[-159.59628899427469,21.907908296702892],[-159.59621617202333,21.907903378491049],[-159.59610339424222,21.907898776645716],[-159.5959948894988,21.907897823564142],[-159.59587877345714,21.907898775303735],[-159.59575408952497,21.907901149265705]]},"properties":{"st_length(shape)":99.855220470627302,"objectid":2160,"centerline":"RD-3122","fromleft":103401,"toleft":103435,"fromright":103400,"toright":103434,"fullname":"KAUMUALII HWY","onewaydir":" ","roadclass":"Local","munileft":"HAP","muniright":"HAP","zipleft":"96716","zipright":"96716","ownedby":"State","featuretyp":"2","externalro":"KAUMUALII HWY"}},{"type":"Feature","id":2210,"geometry":{"type":"LineString","coordinates":[[-159.56091179142308,21.920297723597663],[-159.56053313202793,21.920379337905292],[-159.55984998182532,21.920542086531444],[-159.55949877461839,21.920627032662122],[-159.55918254069908,21.920703412041561],[-159.55895197270632,21.920759088424802],[-159.55867214591026,21.920826901412404],[-159.55814780219353,21.920952198246312],[-159.55795363562402,21.920997880592616],[-159.5577367561001,21.921050987365071],[-159.55754998347464,21.92109315148835],[-159.55732726344888,21.921144308940399],[-159.55722434987084,21.921166318379097],[-159.55709288776382,21.92119249261907],[-159.55695725737021,21.921218664608027],[-159.55674429447339,21.92125256967859],[-159.55634751509169,21.921306698174678],[-159.55600070598851,21.921351906134284],[-159.55570981741002,21.921388782682381],[-159.55539596364022,21.921428518848234],[-159.55501143754876,21.921478007890695],[-159.55436006135909,21.921560688056214],[-159.55377708890066,21.921636823053049],[-159.55341897758962,21.921683220948928],[-159.55314588709521,21.921720973570579],[-159.55286753450619,21.921752813283451],[-159.55268550211201,21.92177422847945],[-159.55255046982828,21.921787906665841],[-159.55242494970994,21.921800398202645],[-159.55227964030232,21.921813764670588],[-159.55220127974312,21.921819433032599],[-159.55210907715079,21.921826568927404],[-159.55198772285317,21.921831920756127],[-159.5518836191336,21.921834897300936],[-159.55164567248124,21.92183786561656],[-159.5514666178787,21.921837864395382],[-159.5512812553298,21.921837387233527],[-159.55114657892622,21.921836671357717],[-159.5510151108198,21.921831314518499],[-159.55089256940997,21.921823580550008],[-159.55075336883002,21.921814654632772],[-159.55057550325847,21.921801566719139],[-159.5504517714912,21.921791451337413],[-159.55036206403946,21.921783243899],[-159.55018526973609,21.921766463251551],[-159.55005975411143,21.921753969375803],[-159.54991460459203,21.921739692623511],[-159.54980098155536,21.921728389264313],[-159.54961597942651,21.921710539572803],[-159.54939231016803,21.921689714635747],[-159.54920432950661,21.921671271837329],[-159.54881761589766,21.921633326508942]]},"properties":{"st_length(shape)":1267.3536543579642,"objectid":2210,"centerline":"RD-3918","fromleft":201311,"toleft":201719,"fromright":201310,"toright":201718,"fullname":"KAUMUALII HWY","onewaydir":" ","roadclass":"Local","munileft":"ELE","muniright":"ELE","zipleft":"96741","zipright":"96741","ownedby":"State","featuretyp":"2","externalro":"KAUMUALII HWY"}},{"type":"Feature","id":2265,"geometry":{"type":"LineString","coordinates":[[-159.50050681294786,21.923102358938785],[-159.50028009587285,21.923085809298332]]},"properties":{"st_length(shape)":23.486844655434787,"objectid":2265,"centerline":"RD-3612","fromleft":203691,"toleft":203699,"fromright":203690,"toright":203698,"fullname":"KAUMUALII HWY","onewaydir":" ","roadclass":"Local","munileft":"LAW","muniright":"LAW","zipleft":"96765","zipright":"96765","ownedby":"State","featuretyp":"2","externalro":"KAUMUALII HWY"}},{"type":"Feature","id":2272,"geometry":{"type":"LineString","coordinates":[[-159.67639717201331,21.958679267608076],[-159.67635311923817,21.958790167124604],[-159.67620828950376,21.95923022006135],[-159.67617335091765,21.959317827183263],[-159.67615917362016,21.959343653672743],[-159.67614499268259,21.959364412917772],[-159.67610751739869,21.959398341381672],[-159.67607967055545,21.959415052659025],[-159.67605029769109,21.959425684805439],[-159.67601080062417,21.95943226704782],[-159.67598598551558,21.959431256174501],[-159.67596269298218,21.959427202651138],[-159.67592117010733,21.959410491409699],[-159.67579304989135,21.959347194109796],[-159.6756856954149,21.959289970768314],[-159.67559201612389,21.959236291216097]]},"properties":{"st_length(shape)":145.3069271270457,"objectid":2272,"centerline":"RD-4257","fromleft":0,"toleft":0,"fromright":0,"toright":0,"fullname":"KAUMUALII HWY","onewaydir":" ","roadclass":"Local","munileft":"WAM","muniright":"WAM","zipleft":"96796","zipright":"96796","ownedby":" ","featuretyp":"2","externalro":" "}},{"type":"Feature","id":2284,"geometry":{"type":"LineString","coordinates":[[-159.4873661499081,21.928289795271734],[-159.48721041036856,21.928407691473073],[-159.48705374143489,21.928534817124397],[-159.48691944975025,21.928652097520953],[-159.48676994147644,21.92878369812701],[-159.48662580736345,21.928917988500185],[-159.48648707673055,21.929048778190293],[-159.48636750320966,21.929168942648484],[-159.48633121736003,21.929202255044341],[-159.48623690762656,21.929313681588475]]},"properties":{"st_length(shape)":162.90614257033755,"objectid":2284,"centerline":"RD-1928","fromleft":204201,"toleft":204299,"fromright":204200,"toright":204298,"fullname":"KAUMUALII HWY","onewaydir":" ","roadclass":"Local","munileft":"OMA","muniright":"OMA","zipleft":"96756","zipright":"96756","ownedby":"State","featuretyp":"2","externalro":"KAUMUALII HWY"}},{"type":"Feature","id":2288,"geometry":{"type":"LineString","coordinates":[[-159.5814368031244,21.906007995286362],[-159.58112646828289,21.906407191169837],[-159.58094784091753,21.906624432655789]]},"properties":{"st_length(shape)":84.899168644717122,"objectid":2288,"centerline":"RD-1507","fromleft":200261,"toleft":200299,"fromright":200260,"toright":200298,"fullname":"KAUMUALII HWY","onewaydir":" ","roadclass":"Local","munileft":"ELE","muniright":"ELE","zipleft":"96705","zipright":"96705","ownedby":"State","featuretyp":"2","externalro":"KAUMUALII HWY"}},{"type":"Feature","id":2301,"geometry":{"type":"LineString","coordinates":[[-159.77683853882263,22.033817180930022],[-159.77707853686434,22.032947339847862],[-159.77793859754755,22.030152439723324]]},"properties":{"st_length(shape)":421.28571912906585,"objectid":2301,"centerline":"RD-3888","fromleft":4761,"toleft":4899,"fromright":4760,"toright":4898,"fullname":"KAUMUALII HWY","onewaydir":" ","roadclass":"Local","munileft":"MAN","muniright":"MAN","zipleft":"96752","zipright":"96752","ownedby":"State","featuretyp":"2","externalro":"KAUMUALII HWY"}},{"type":"Feature","id":2368,"geometry":{"type":"LineString","coordinates":[[-159.71943786285186,21.96874574229421],[-159.71885740462579,21.968557065635085],[-159.71726910527255,21.968085909845591]]},"properties":{"st_length(shape)":235.55387793922097,"objectid":2368,"centerline":"RD-3771","fromleft":8101,"toleft":8199,"fromright":8100,"toright":8198,"fullname":"KAUMUALII HWY","onewaydir":" ","roadclass":"Local","munileft":"KEK","muniright":"KEK","zipleft":"96752","zipright":"96752","ownedby":"State","featuretyp":"2","externalro":"KAUMUALII HWY"}},{"type":"Feature","id":2354,"geometry":{"type":"LineString","coordinates":[[-159.70224745571355,21.961184625454298],[-159.70207847223574,21.961248672583682],[-159.70201708125083,21.961271158041797],[-159.70191000313625,21.961308633921945],[-159.70182898457873,21.961335402254317],[-159.70178400969749,21.961351464680799],[-159.70176116841995,21.961358243917434],[-159.70159412880673,21.961406425564512],[-159.70154844214156,21.961418562933172],[-159.70150454012932,21.961429267985643],[-159.70140888697799,21.961451755019294],[-159.70132821976648,21.961469241760053],[-159.70118652269477,21.961497794751491],[-159.70113476971468,21.961507432870075],[-159.70105696363413,21.961520637739135],[-159.70096987306391,21.961533128754443],[-159.70093917959764,21.961537410935723]]},"properties":{"st_length(shape)":141.04238399100814,"objectid":2354,"centerline":"RD-1665","fromleft":8711,"toleft":8749,"fromright":8710,"toright":8748,"fullname":"KAUMUALII HWY","onewaydir":" ","roadclass":"Local","munileft":"KEK","muniright":"KEK","zipleft":"96752","zipright":"96752","ownedby":"State","featuretyp":"2","externalro":"KAUMUALII HWY"}},{"type":"Feature","id":2356,"geometry":{"type":"LineString","coordinates":[[-159.52718011048142,21.925566430499689],[-159.52647747681903,21.925482820597324]]},"properties":{"st_length(shape)":73.15466436697298,"objectid":2356,"centerline":"RD-3135","fromleft":202451,"toleft":202469,"fromright":202450,"toright":202468,"fullname":"KAUMUALII HWY","onewaydir":" ","roadclass":"Local","munileft":"KAL","muniright":"KAL","zipleft":"96741","zipright":"96741","ownedby":"State","featuretyp":"2","externalro":"KAUMUALII HWY"}},{"type":"Feature","id":2360,"geometry":{"type":"LineString","coordinates":[[-159.396701901396,21.966402431210778],[-159.39647010464191,21.966517246987873],[-159.39621220677469,21.966633750719396],[-159.39568103805408,21.9668741832979]]},"properties":{"st_length(shape)":117.64071523725879,"objectid":2360,"centerline":"RD-2244","fromleft":301861,"toleft":301899,"fromright":301860,"toright":301898,"fullname":"KAUMUALII HWY","onewaydir":" ","roadclass":"Local","munileft":"PUH","muniright":"PUH","zipleft":"96766","zipright":"96766","ownedby":"State","featuretyp":"2","externalro":"KAUMUALII HWY"}},{"type":"Feature","id":2387,"geometry":{"type":"LineString","coordinates":[[-159.34933532348802,21.98110569109468],[-159.34927513683309,21.981038683165117],[-159.34922103331112,21.980968873328599],[-159.34917300906181,21.980896269730373],[-159.3491310630904,21.98082086424688],[-159.34909867983865,21.980752644302523],[-159.34907298749266,21.980688942712508],[-159.34905348700144,21.980628495716111],[-159.34904004264928,21.980570868142994],[-159.34903205715011,21.980510271978041],[-159.34902675229733,21.980420907076294],[-159.34902344670056,21.980314485363465],[-159.34902659434337,21.980233064561205],[-159.34903209833013,21.980183981239563],[-159.34904037728055,21.980132830350492],[-159.34905146555224,21.980079403124282],[-159.34906544350699,21.980023290127995],[-159.3490885101744,21.979946536625462],[-159.34911620110617,21.9798709586053],[-159.34914851333886,21.979796535292298],[-159.34918323065102,21.979723285854]]},"properties":{"st_length(shape)":163.83312570261563,"objectid":2387,"centerline":"RD-4640","fromleft":0,"toleft":0,"fromright":0,"toright":0,"fullname":"AHUKINI RD","onewaydir":" ","roadclass":"Local","munileft":"LIH","muniright":"LIH","zipleft":"96766","zipright":"96766","ownedby":" ","featuretyp":"2","externalro":"AHUKINI RD"}},{"type":"Feature","id":2412,"geometry":{"type":"LineString","coordinates":[[-159.67428115805257,21.957149100907195],[-159.67426607441368,21.957155072070165],[-159.67425016752699,21.957163699944246],[-159.6742136134792,21.957190264972922],[-159.67420118376864,21.957201651153873],[-159.67418974169567,21.957214845532906],[-159.67416923011959,21.957247363263289],[-159.67414722606921,21.957285204623947],[-159.67409782565099,21.957372612318888],[-159.67397661690069,21.957585733209946],[-159.67389880953993,21.957709941519301],[-159.6738409895718,21.957807736830986],[-159.67372891453465,21.957997621250968],[-159.67352139257497,21.958322609901643],[-159.6734678956318,21.958403818707449]]},"properties":{"st_length(shape)":163.34197349729516,"objectid":2412,"centerline":"RD-1449","fromleft":0,"toleft":0,"fromright":0,"toright":0,"fullname":"KAUMUALII HWY","onewaydir":" ","roadclass":"Local","munileft":"WAM","muniright":"WAM","zipleft":"96796","zipright":"96796","ownedby":" ","featuretyp":"2","externalro":" "}},{"type":"Feature","id":2424,"geometry":{"type":"LineString","coordinates":[[-159.3128236088979,22.081993344005557],[-159.31331240327091,22.082295067164154],[-159.3134723943472,22.082370383719354],[-159.31363476989617,22.082411326053677],[-159.31376019405934,22.082420254436325],[-159.31392129484695,22.082415049515788],[-159.31577599918737,22.082186651648485],[-159.31629888215343,22.082098976117091],[-159.31647393735955,22.082027736529987],[-159.31660408980392,22.081951861429882],[-159.31668998621916,22.081878361251448],[-159.31683427203549,22.081714102381934],[-159.31692549679369,22.081610249798132],[-159.31733756565336,22.081175851120658],[-159.31745540007995,22.081088534624424],[-159.31788856747957,22.080839194464286],[-159.31860493437659,22.08054546596189],[-159.32016793717284,22.079930493319207],[-159.32042812201149,22.079797810788193],[-159.32059150092951,22.079673887656647],[-159.32075480333879,22.0795157757168],[-159.32197151585481,22.077954998001815],[-159.32216985546833,22.077680600131814]]},"properties":{"st_length(shape)":1174.4512917090051,"objectid":2424,"centerline":"RD-3980","fromleft":0,"toleft":0,"fromright":0,"toright":0,"fullname":"KAPAA BYP","onewaydir":" ","roadclass":"Local","munileft":"KAP","muniright":"KAP","zipleft":"96746","zipright":"96746","ownedby":"State","featuretyp":"2","externalro":"KAPAA BYP"}},{"type":"Feature","id":2457,"geometry":{"type":"LineString","coordinates":[[-159.32252495288171,22.077174511677779],[-159.32253392623574,22.077007325439567]]},"properties":{"st_length(shape)":18.528741051418439,"objectid":2457,"centerline":"RD-4636","fromleft":0,"toleft":0,"fromright":0,"toright":0,"fullname":"KAPAA BYP","onewaydir":" ","roadclass":"Local","munileft":"KAP","muniright":"KAP","zipleft":"96746","zipright":"96746","ownedby":"State","featuretyp":"2","externalro":"KAPAA BYP"}},{"type":"Feature","id":2481,"geometry":{"type":"LineString","coordinates":[[-159.67548635094542,21.958088123887041],[-159.67544212172572,21.958111593124773],[-159.67528868834466,21.958174381731123],[-159.67512866966945,21.95823869061099],[-159.67495735879851,21.958302642817671]]},"properties":{"st_length(shape)":59.598972046761148,"objectid":2481,"centerline":"RD-4224","fromleft":0,"toleft":0,"fromright":0,"toright":0,"fullname":"KAUMUALII HWY","onewaydir":" ","roadclass":"Local","munileft":"WAM","muniright":"WAM","zipleft":"96796","zipright":"96796","ownedby":" ","featuretyp":"2","externalro":" "}},{"type":"Feature","id":2482,"geometry":{"type":"LineString","coordinates":[[-159.39279128413864,21.968175561847747],[-159.39172433247586,21.968565599184654],[-159.38982428483106,21.969185596749657],[-159.38889805445169,21.969423885086577]]},"properties":{"st_length(shape)":425.34410939426596,"objectid":2482,"centerline":"RD-1209","fromleft":302001,"toleft":302121,"fromright":302000,"toright":302120,"fullname":"KAUMUALII HWY","onewaydir":" ","roadclass":"Local","munileft":"PUH","muniright":"PUH","zipleft":"96766","zipright":"96766","ownedby":"State","featuretyp":"2","externalro":"KAUMUALII HWY"}},{"type":"Feature","id":2473,"geometry":{"type":"LineString","coordinates":[[-159.67382559995718,21.956988314789928],[-159.67328855392054,21.956872098100273]]},"properties":{"st_length(shape)":56.926952226187012,"objectid":2473,"centerline":"RD-4525","fromleft":0,"toleft":0,"fromright":0,"toright":0,"fullname":"KAUMUALII HWY","onewaydir":" ","roadclass":"Local","munileft":"WAM","muniright":"WAM","zipleft":"96796","zipright":"96796","ownedby":" ","featuretyp":"2","externalro":" "}},{"type":"Feature","id":2512,"geometry":{"type":"LineString","coordinates":[[-159.49813104969414,21.923156784771869],[-159.49784711128086,21.923202647608633]]},"properties":{"st_length(shape)":29.761234914702467,"objectid":2512,"centerline":"RD-1997","fromleft":203791,"toleft":203799,"fromright":203790,"toright":203798,"fullname":"KAUMUALII HWY","onewaydir":" ","roadclass":"Local","munileft":"LAW","muniright":"LAW","zipleft":"96765","zipright":"96765","ownedby":"State","featuretyp":"2","externalro":"KAUMUALII HWY"}},{"type":"Feature","id":2528,"geometry":{"type":"LineString","coordinates":[[-159.67510258613518,21.956608010929344],[-159.67503691063496,21.95667654024744],[-159.67500714303378,21.956749908840912],[-159.67499242339153,21.956784135621071],[-159.67496850052299,21.956848101827511],[-159.67492995246297,21.956945183215144],[-159.67490211640637,21.957025847068234],[-159.67487998693895,21.95708938128735],[-159.67486285548966,21.957140777449464],[-159.67485143024874,21.957171470972774],[-159.67483929750708,21.957204310304821],[-159.67482502019263,21.957233577305495],[-159.67481216973107,21.957251424684909],[-159.67479575397755,21.957265701052016],[-159.67477862256339,21.957278548443121],[-159.67475720619336,21.957292111775537],[-159.67472865228405,21.957305675515496],[-159.67470152249302,21.957318522412439],[-159.67467154254084,21.957331372881146],[-159.67457588824777,21.95736920330863]]},"properties":{"st_length(shape)":105.85776905203494,"objectid":2528,"centerline":"RD-4180","fromleft":0,"toleft":0,"fromright":0,"toright":0,"fullname":"KAUMUALII HWY","onewaydir":" ","roadclass":"Local","munileft":"WAM","muniright":"WAM","zipleft":"96796","zipright":"96796","ownedby":" ","featuretyp":"2","externalro":" "}},{"type":"Feature","id":2902,"geometry":{"type":"LineString","coordinates":[[-159.46613594452276,21.950373230912462],[-159.46592673196315,21.950593393813602]]},"properties":{"st_length(shape)":32.566406518431315,"objectid":2902,"centerline":"RD-2047","fromleft":204825,"toleft":204829,"fromright":204824,"toright":204828,"fullname":"KAUMUALII HWY","onewaydir":" ","roadclass":"Local","munileft":"OMA","muniright":"OMA","zipleft":"96756","zipright":"96756","ownedby":" ","featuretyp":"2","externalro":"KAUMUALII HWY"}},{"type":"Feature","id":2543,"geometry":{"type":"LineString","coordinates":[[-159.39002973773077,21.969368492804854],[-159.39013334863435,21.969432259335633],[-159.39018892930216,21.969476260545854],[-159.39025535237744,21.969521739298358],[-159.39034523196153,21.969591510099654],[-159.39035686744367,21.969601081539089],[-159.39036897051611,21.969611631200241],[-159.39037825836914,21.969620918213899],[-159.39038837195136,21.969631806878425],[-159.39039809452291,21.969643865529751],[-159.39040781640941,21.969657090529452],[-159.39041832040058,21.969672256978797],[-159.39042921027425,21.969688982759159],[-159.39043988687473,21.969705993631059],[-159.39044646546333,21.969717698377725],[-159.39045407874693,21.969731977288351],[-159.39046008207234,21.969746896052488],[-159.39046647458517,21.969763874648606],[-159.39047106044458,21.969778985603231],[-159.39047432713784,21.96979127371932],[-159.39047713942756,21.969804927117803],[-159.39047938029464,21.969823554435862],[-159.39048093764777,21.969843000093611],[-159.3904817148337,21.969860504296815],[-159.39048203990401,21.969886234537412],[-159.39048054984411,21.969909123243465],[-159.39047821486977,21.96993012485563],[-159.39047510193896,21.969950348644975],[-159.39047160188463,21.969967850372022],[-159.39046771334438,21.969984966348477],[-159.39046289328584,21.970003592389606],[-159.39045993423423,21.970014913266837],[-159.39045293303312,21.970037471769576],[-159.39044593154503,21.970058863021897],[-159.39043504039316,21.970088811918899],[-159.3904229860637,21.970119147545169],[-159.39040781327,21.970154931130715],[-159.39035997395533,21.970257610262781],[-159.39034675064357,21.970284446006861],[-159.39033664008122,21.970306224996285],[-159.39032768949895,21.970326449109102],[-159.39032030242794,21.970343566171415],[-159.39031569148986,21.970355788997036],[-159.39031174292913,21.970366900817616],[-159.390309155176,21.970376932496841],[-159.39030763978482,21.970384535877333],[-159.3903055238419,21.970399571519284],[-159.3903039446578,21.970413959018671],[-159.39030346147845,21.970422518500236],[-159.39030279789418,21.970438076494379],[-159.39030279837468,21.970452077177839],[-159.39030318773496,21.970468025667316],[-159.39030396470815,21.970484749294425],[-159.39030552111461,21.970500309238528],[-159.39030785286482,21.970513917705436],[-159.39031135542589,21.970530642080451],[-159.3903152454248,21.970547368244628],[-159.39031884024112,21.970561344120945],[-159.39032412868346,21.97058190027661],[-159.39032885586366,21.970599099661989],[-159.3903335262489,21.970614654912655],[-159.39033847375862,21.970630250159321],[-159.3903432490564,21.97064343542446],[-159.39034947103085,21.970658606635372],[-159.39035674489818,21.970675200077501],[-159.39036230967235,21.970686996677166],[-159.39043698289248,21.97084024030277],[-159.39048210140291,21.970923860648494],[-159.39049026599596,21.970937473307949],[-159.3904976552495,21.970949140887605],[-159.39050776814327,21.970964699449375],[-159.39051784357207,21.970979307675677],[-159.39052954841509,21.970995426198893],[-159.39054238293642,21.971010594320461],[-159.39055638779507,21.971026929617896],[-159.390570670101,21.971041650701689],[-159.39058361357749,21.97105415520555],[-159.39059333628325,21.97106232451188],[-159.39060461384827,21.971071659175905],[-159.39061861526258,21.971081771548562],[-159.39062955776771,21.971088297294838],[-159.39064078637986,21.971094605532922],[-159.39065362260982,21.97110082863497],[-159.39066840172896,21.971106664052282],[-159.39067968078155,21.971110165164848],[-159.3906889542184,21.971112367378495],[-159.39069446125859,21.971113663365013],[-159.39070768581914,21.971115609534756],[-159.39072090815824,21.971116389361576],[-159.39073607627881,21.971116776978725],[-159.39075280169436,21.971116387539354],[-159.39076952403076,21.971115580714159],[-159.39080647396045,21.971112887229474]]},"properties":{"st_length(shape)":242.318509271908,"objectid":2543,"centerline":"RD-5277","fromleft":0,"toleft":0,"fromright":0,"toright":0,"fullname":"KAUMUALII HWY","onewaydir":" ","roadclass":"Local","munileft":"PUH","muniright":"PUH","zipleft":"96766","zipright":"96766","ownedby":" ","featuretyp":"2","externalro":"KAUMUALII HWY"}},{"type":"Feature","id":2569,"geometry":{"type":"LineString","coordinates":[[-159.32237824534101,22.077402454625247],[-159.32245806010718,22.077385215079449]]},"properties":{"st_length(shape)":8.4523998881855125,"objectid":2569,"centerline":"RD-3970","fromleft":0,"toleft":0,"fromright":0,"toright":0,"fullname":"KAPAA BYP","onewaydir":" ","roadclass":"Local","munileft":"KAP","muniright":"KAP","zipleft":"96746","zipright":"96746","ownedby":"State","featuretyp":"2","externalro":"KAPAA BYP"}},{"type":"Feature","id":2605,"geometry":{"type":"LineString","coordinates":[[-159.36484103637164,21.980602474247821],[-159.36494966528326,21.980594353783932],[-159.36509476461077,21.980589551789325],[-159.36524807359794,21.98058754020898],[-159.36544303651308,21.980588187637959],[-159.36564594824051,21.980595291217629]]},"properties":{"st_length(shape)":83.158278866019884,"objectid":2605,"centerline":"RD-3512","fromleft":4407,"toleft":4431,"fromright":4406,"toright":4430,"fullname":"AHUKINI RD","onewaydir":" ","roadclass":"Local","munileft":"LIH","muniright":"LIH","zipleft":"96766","zipright":"96766","ownedby":"State","featuretyp":"2","externalro":"AHUKINI RD"}},{"type":"Feature","id":2629,"geometry":{"type":"LineString","coordinates":[[-159.49965637328069,21.923039159049356],[-159.49961552338084,21.923036803206575],[-159.49948315303806,21.923032872374439],[-159.49928539328417,21.923031792461195],[-159.49915076103426,21.923035057806334],[-159.49901094833774,21.923041845915261],[-159.49886514975066,21.923052199872895],[-159.49875050679401,21.923064313985364],[-159.49865196074015,21.923076923987875],[-159.49851069492431,21.923096867460259],[-159.49836946501196,21.9231179580724],[-159.49813104969414,21.923156784771869]]},"properties":{"st_length(shape)":158.51311733755784,"objectid":2629,"centerline":"RD-1996","fromleft":203731,"toleft":203789,"fromright":203730,"toright":203788,"fullname":"KAUMUALII HWY","onewaydir":" ","roadclass":"Local","munileft":"LAW","muniright":"LAW","zipleft":"96765","zipright":"96765","ownedby":"State","featuretyp":"2","externalro":"KAUMUALII HWY"}},{"type":"Feature","id":2639,"geometry":{"type":"LineString","coordinates":[[-159.48623690762656,21.929313681588475],[-159.48607303812366,21.92949314858792],[-159.48599986902272,21.929582977179482],[-159.48591227962751,21.929692380747689],[-159.48581401010887,21.929820989552812]]},"properties":{"st_length(shape)":71.183062124844938,"objectid":2639,"centerline":"RD-1932","fromleft":204301,"toleft":204319,"fromright":204300,"toright":204318,"fullname":"KAUMUALII HWY","onewaydir":" ","roadclass":"Local","munileft":"OMA","muniright":"OMA","zipleft":"96756","zipright":"96756","ownedby":"State","featuretyp":"2","externalro":"KAUMUALII HWY"}},{"type":"Feature","id":2663,"geometry":{"type":"LineString","coordinates":[[-159.71361519765725,21.96656524634707],[-159.7135156168946,21.966502615680227],[-159.71344854472861,21.96645963831449],[-159.71338603438161,21.966418615954666],[-159.713234966513,21.966316380168884],[-159.71314640580687,21.96625452079369],[-159.71285077918961,21.966044189751791],[-159.71273031548577,21.965953677870466],[-159.71254668860723,21.965809768417007],[-159.71237152595023,21.965667811336004],[-159.71213971170695,21.965464646197315],[-159.71204724558982,21.96538715607625],[-159.71184668803971,21.965202876255503],[-159.71173273520654,21.965094128954817],[-159.71156473662245,21.964935895694378],[-159.71150939056042,21.964881847792629],[-159.71142864397345,21.96480045076709],[-159.71132510808982,21.964693660893559],[-159.71121832060288,21.964578404721379],[-159.71116883099967,21.964523704364844]]},"properties":{"st_length(shape)":339.9744109715262,"objectid":2663,"centerline":"RD-3769","fromleft":8301,"toleft":8399,"fromright":8300,"toright":8398,"fullname":"KAUMUALII HWY","onewaydir":" ","roadclass":"Local","munileft":"KEK","muniright":"KEK","zipleft":"96752","zipright":"96752","ownedby":"State","featuretyp":"2","externalro":"KAUMUALII HWY"}},{"type":"Feature","id":2665,"geometry":{"type":"LineString","coordinates":[[-159.62456096584532,21.920517338232603],[-159.62403236710907,21.920013835858185]]},"properties":{"st_length(shape)":78.018273843895486,"objectid":2665,"centerline":"RD-3882","fromleft":11401,"toleft":11449,"fromright":11400,"toright":11448,"fullname":"KAUMUALII HWY","onewaydir":" ","roadclass":"Local","munileft":"OLO","muniright":"OLO","zipleft":"96747","zipright":"96747","ownedby":"State","featuretyp":"2","externalro":"KAUMUALII HWY"}},{"type":"Feature","id":2699,"geometry":{"type":"LineString","coordinates":[[-159.69309840412026,21.961376113971223],[-159.69265852332339,21.961356211083363]]},"properties":{"st_length(shape)":45.473427893712625,"objectid":2699,"centerline":"RD-3760","fromleft":8945,"toleft":8953,"fromright":8944,"toright":8952,"fullname":"KAUMUALII HWY","onewaydir":" ","roadclass":"Local","munileft":"KEK","muniright":"KEK","zipleft":"96752","zipright":"96752","ownedby":"State","featuretyp":"2","externalro":"KAUMUALII HWY"}},{"type":"Feature","id":2711,"geometry":{"type":"LineString","coordinates":[[-159.51942300139308,21.925237942934462],[-159.51939304027712,21.925241619697033],[-159.51934152550825,21.925248455184651],[-159.51930372876828,21.925252541540736],[-159.51927214050227,21.925255289264669],[-159.51921715171503,21.925259753316922],[-159.519138100649,21.925264746838621],[-159.51908251955444,21.925266349720523],[-159.51902455831353,21.925267374667836],[-159.51893519656994,21.925266320495279],[-159.51888052873011,21.925263166535832],[-159.51881955273296,21.925258960982152],[-159.51875805397782,21.925253179651925],[-159.5187069891191,21.92524737351938],[-159.51866035483059,21.925240711393023],[-159.51861514215878,21.925233571368562],[-159.51857326246196,21.925225956454295],[-159.51851615759904,21.925214533661364],[-159.51843239896812,21.925195496680502],[-159.5183800510826,21.925182171561058],[-159.51832865306255,21.925168844334348],[-159.51828820178216,21.925156470049579],[-159.51824584615864,21.925143621126921],[-159.51816589746943,21.92511649255459],[-159.51810926754564,21.925095553111422],[-159.51803930953176,21.925066048578127],[-159.51795756066849,21.925028677873936],[-159.51788274090097,21.924993233120485],[-159.51783467413091,21.924968484821644],[-159.51777614157905,21.92493707498279],[-159.51770332757539,21.924894245450385],[-159.51764812395251,21.924858550015195],[-159.51760243596516,21.92482809075312],[-159.5175025007903,21.92475622867277],[-159.51733851896262,21.924636827628873],[-159.51716271139023,21.924496859789134],[-159.51700424011324,21.924373602359811],[-159.51691667339156,21.924303169113291],[-159.51687765045602,21.924272235166594],[-159.51683148958858,21.92423701604816],[-159.51679294337609,21.924207508015037],[-159.51675201432008,21.924178003846102],[-159.51666825609351,21.924119943732357],[-159.51659639552932,21.924070923951383],[-159.51653690916922,21.924034753726051],[-159.51645219989408,21.923983831842722],[-159.51634988041977,21.923923869387391],[-159.51630324481576,21.923898168427048],[-159.51626422232852,21.92387722726135],[-159.51616808959588,21.92382678377226],[-159.51605578052892,21.923769673017031],[-159.51599438946155,21.923740641214042],[-159.51595441469738,21.923723033938742],[-159.51591605632558,21.923706873408641],[-159.51586304265751,21.923685914601904],[-159.51579641746386,21.923660690873149],[-159.51571170662686,21.923630707599511]]},"properties":{"st_length(shape)":435.96733025279207,"objectid":2711,"centerline":"RD-3132","fromleft":202751,"toleft":202999,"fromright":202750,"toright":202998,"fullname":"KAUMUALII HWY","onewaydir":" ","roadclass":"Local","munileft":"KAL","muniright":"KAL","zipleft":"96741","zipright":"96741","ownedby":"State","featuretyp":"2","externalro":"KAUMUALII HWY"}},{"type":"Feature","id":2712,"geometry":{"type":"LineString","coordinates":[[-159.67524058375491,21.959566452344326],[-159.67494514391916,21.959374253514742],[-159.67399319811508,21.958750451221505],[-159.6737160819464,21.958568696081393],[-159.6735382736199,21.958465381601926]]},"properties":{"st_length(shape)":213.92528068502091,"objectid":2712,"centerline":"RD-3756","fromleft":9433,"toleft":9495,"fromright":9432,"toright":9494,"fullname":"KAUMUALII HWY","onewaydir":" ","roadclass":"Local","munileft":"WAM","muniright":"WAM","zipleft":"96796","zipright":"96796","ownedby":"State","featuretyp":"2","externalro":"KAUMUALII HWY"}},{"type":"Feature","id":2729,"geometry":{"type":"LineString","coordinates":[[-159.53529124128428,21.924929955105451],[-159.53479095680188,21.925005497426184]]},"properties":{"st_length(shape)":52.34108450821541,"objectid":2729,"centerline":"RD-1708","fromleft":202141,"toleft":202149,"fromright":202140,"toright":202148,"fullname":"KAUMUALII HWY","onewaydir":" ","roadclass":"Local","munileft":"KAL","muniright":"KAL","zipleft":"96741","zipright":"96741","ownedby":"State","featuretyp":"2","externalro":"KAUMUALII HWY"}},{"type":"Feature","id":2736,"geometry":{"type":"LineString","coordinates":[[-159.67449058412922,21.956402891147832],[-159.67437494043574,21.956604909980388],[-159.67430355752356,21.956734830600858],[-159.67428410412441,21.956767666521078],[-159.67426863961964,21.956798004380886],[-159.67425939734613,21.956824217898959],[-159.67425317244209,21.956844406796275],[-159.67424900867942,21.956864037052362],[-159.6742457379469,21.95688759259945],[-159.67424359486432,21.956914716528559],[-159.67424502112394,21.956954693162327],[-159.67424743747651,21.956982831883778],[-159.67425147261076,21.957005941869962],[-159.67428115805257,21.957149100907195]]},"properties":{"st_length(shape)":88.900860792147768,"objectid":2736,"centerline":"RD-4179","fromleft":0,"toleft":0,"fromright":0,"toright":0,"fullname":"KAUMUALII HWY","onewaydir":" ","roadclass":"Local","munileft":"WAM","muniright":"WAM","zipleft":"96796","zipright":"96796","ownedby":" ","featuretyp":"2","externalro":" "}},{"type":"Feature","id":2737,"geometry":{"type":"LineString","coordinates":[[-159.64406911230631,21.935049244775211],[-159.64401633465403,21.934997649300961]]},"properties":{"st_length(shape)":7.894660109335403,"objectid":2737,"centerline":"RD-5288","fromleft":0,"toleft":0,"fromright":101100,"toright":101100,"fullname":"KAUMUALII HWY","onewaydir":" ","roadclass":"Local","munileft":"PAK","muniright":"PAK","zipleft":"96747","zipright":"96747","ownedby":" ","featuretyp":"2","externalro":"KAUMUALII HWY"}},{"type":"Feature","id":2755,"geometry":{"type":"LineString","coordinates":[[-159.39534875640155,21.967023479267542],[-159.39400439171283,21.967635599886354],[-159.39279128413864,21.968175561847747]]},"properties":{"st_length(shape)":293.23318854249521,"objectid":2755,"centerline":"RD-1692","fromleft":301909,"toleft":301999,"fromright":301908,"toright":301998,"fullname":"KAUMUALII HWY","onewaydir":" ","roadclass":"Local","munileft":"PUH","muniright":"PUH","zipleft":"96766","zipright":"96766","ownedby":"State","featuretyp":"2","externalro":"KAUMUALII HWY"}},{"type":"Feature","id":2765,"geometry":{"type":"LineString","coordinates":[[-159.36601357371887,21.991203536675535],[-159.36597356901106,21.99155353715442]]},"properties":{"st_length(shape)":38.960270608191188,"objectid":2765,"centerline":"RD-4177","fromleft":4501,"toleft":4509,"fromright":4500,"toright":4508,"fullname":"MAALO RD","onewaydir":" ","roadclass":"Local","munileft":"KAA","muniright":"KAA","zipleft":"96766","zipright":"96766","ownedby":"State","featuretyp":"2","externalro":"MAALO RD"}},{"type":"Feature","id":2823,"geometry":{"type":"LineString","coordinates":[[-159.32253392623574,22.077007325439567],[-159.32250182586699,22.077036478537437],[-159.32246722900635,22.07706241940863],[-159.32242717418501,22.077086756588685],[-159.32238422816749,22.077107368259156]]},"properties":{"st_length(shape)":19.121038746079201,"objectid":2823,"centerline":"RD-4374","fromleft":0,"toleft":0,"fromright":0,"toright":0,"fullname":"KAPAA BYP","onewaydir":" ","roadclass":"Local","munileft":"KAP","muniright":"KAP","zipleft":"96746","zipright":"96746","ownedby":"State","featuretyp":"2","externalro":"KAPAA BYP"}},{"type":"Feature","id":2838,"geometry":{"type":"LineString","coordinates":[[-159.34999406362931,21.981480803523105],[-159.35086547694723,21.981503316943176],[-159.35123327109844,21.981493318689751]]},"properties":{"st_length(shape)":127.98133442817814,"objectid":2838,"centerline":"RD-4317","fromleft":3911,"toleft":3949,"fromright":3910,"toright":3948,"fullname":"AHUKINI RD","onewaydir":" ","roadclass":"Local","munileft":"LIH","muniright":"LIH","zipleft":"96766","zipright":"96766","ownedby":"State","featuretyp":"2","externalro":"AHUKINI RD"}},{"type":"Feature","id":2853,"geometry":{"type":"LineString","coordinates":[[-159.67339997281042,21.956325290421116],[-159.67339997361591,21.956371098142341],[-159.67339461979697,21.956439507802155],[-159.67338635357254,21.956478053423488],[-159.67328855392054,21.956872098100273]]},"properties":{"st_length(shape)":61.785723791240173,"objectid":2853,"centerline":"RD-4298","fromleft":0,"toleft":0,"fromright":0,"toright":0,"fullname":"KAUMUALII HWY","onewaydir":" ","roadclass":"Local","munileft":"WAM","muniright":"WAM","zipleft":"96796","zipright":"96796","ownedby":" ","featuretyp":"2","externalro":" "}},{"type":"Feature","id":2873,"geometry":{"type":"LineString","coordinates":[[-159.66552780906204,21.953875475705335],[-159.66466794753038,21.953455454597762],[-159.66429416011931,21.953279524393814],[-159.66426320321898,21.953264520030981]]},"properties":{"st_length(shape)":147.06000242797376,"objectid":2873,"centerline":"RD-4838","fromleft":9951,"toleft":10099,"fromright":9950,"toright":10098,"fullname":"KAUMUALII HWY","onewaydir":" ","roadclass":"Local","munileft":"WAM","muniright":"WAM","zipleft":"96716","zipright":"96716","ownedby":"State","featuretyp":"2","externalro":"KAUMUALII HWY"}},{"type":"Feature","id":2888,"geometry":{"type":"LineString","coordinates":[[-159.7769654205033,22.020132508006828],[-159.77537560445546,22.018442562469414],[-159.77535755781199,22.018423382048525]]},"properties":{"st_length(shape)":251.6640520532801,"objectid":2888,"centerline":"RD-4836","fromleft":5301,"toleft":5379,"fromright":5300,"toright":5378,"fullname":"KAUMUALII HWY","onewaydir":" ","roadclass":"Local","munileft":"KEK","muniright":"MAN","zipleft":"96752","zipright":"96752","ownedby":"State","featuretyp":"2","externalro":"KAUMUALII HWY"}},{"type":"Feature","id":2894,"geometry":{"type":"LineString","coordinates":[[-159.6780317515387,21.958104519109799],[-159.67803906437703,21.957967733495646],[-159.6780361762525,21.957880320994192],[-159.67803036814547,21.957819023833856],[-159.67802301964207,21.957766593731026],[-159.67801260483927,21.957711067631713],[-159.678003222749,21.957669289060021],[-159.67799151797436,21.9576254006619],[-159.67798022586621,21.957595620103575],[-159.67796372363009,21.95756322307578],[-159.67794616823457,21.957535426971312],[-159.67792847314303,21.957517176026972]]},"properties":{"st_length(shape)":67.237727837761469,"objectid":2894,"centerline":"RD-4436","fromleft":0,"toleft":0,"fromright":0,"toright":0,"fullname":"KAUMUALII HWY","onewaydir":" ","roadclass":"Local","munileft":"WAM","muniright":"WAM","zipleft":"96796","zipright":"96796","ownedby":" ","featuretyp":"2","externalro":" "}},{"type":"Feature","id":2906,"geometry":{"type":"LineString","coordinates":[[-159.3480157367006,21.98104041533491],[-159.34798841401224,21.981072671210015],[-159.34795839310746,21.981100350519096],[-159.34792566721578,21.981123456888842],[-159.34789024020697,21.98114198759912],[-159.34785450789806,21.981154487538149],[-159.34780163575206,21.981166808772546],[-159.34772054027584,21.981179296395744],[-159.34762823029013,21.981188053911765]]},"properties":{"st_length(shape)":44.968840875650557,"objectid":2906,"centerline":"RD-4641","fromleft":0,"toleft":0,"fromright":0,"toright":0,"fullname":"AHUKINI RD","onewaydir":" ","roadclass":"Local","munileft":"LIH","muniright":"LIH","zipleft":"96766","zipright":"96766","ownedby":" ","featuretyp":"2","externalro":"AHUKINI RD"}},{"type":"Feature","id":2909,"geometry":{"type":"LineString","coordinates":[[-159.32996195757045,22.054694560133107],[-159.33027195782793,22.055214573782642],[-159.33037196007865,22.055394578404734],[-159.33043575799644,22.055644436837596],[-159.33044195226449,22.056004592340109],[-159.33045128864302,22.056238364721768],[-159.33050377121461,22.056482442245123],[-159.33063194747027,22.056814609418691],[-159.33073194746697,22.056964613254522],[-159.33125194980323,22.057774631743715],[-159.33165195078058,22.058244641923583],[-159.33278196988354,22.059244669774859],[-159.33522199824162,22.061384729713922],[-159.3359520051967,22.062044744112676],[-159.33618200709574,22.062384750703771],[-159.33626200121375,22.062794760134484],[-159.33624199229072,22.063654777194934],[-159.3362619910092,22.063924782902781],[-159.33635196776794,22.065854825690533],[-159.33631557519374,22.066237960124024],[-159.33626195813392,22.066424834494864],[-159.33610180296526,22.066660766697265],[-159.3359484111572,22.066797674353218],[-159.3356153966395,22.06706433451161],[-159.33425272299453,22.068089334580687]]},"properties":{"st_length(shape)":1823.3181482948676,"objectid":2909,"centerline":"RD-3119","fromleft":4001,"toleft":4109,"fromright":4000,"toright":4108,"fullname":"KAPAA BYP","onewaydir":" ","roadclass":"Local","munileft":"WAI","muniright":"WAI","zipleft":"96746","zipright":"96746","ownedby":"State","featuretyp":"2","externalro":"KAPAA BYP"}},{"type":"Feature","id":2919,"geometry":{"type":"LineString","coordinates":[[-159.32221837007597,22.077228165839934],[-159.32222279976813,22.077251219173316],[-159.3222294569097,22.077272977105249],[-159.32223834830097,22.077293445946108],[-159.3222494700552,22.077312621186014],[-159.32226356459481,22.077331326200479],[-159.32228041162571,22.077349018456616],[-159.32229923873101,22.077364898126287],[-159.32231920971736,22.077378253140754],[-159.32234738140781,22.077392175611038],[-159.32237824534101,22.077402454625247]]},"properties":{"st_length(shape)":26.928455409730248,"objectid":2919,"centerline":"RD-4379","fromleft":0,"toleft":0,"fromright":0,"toright":0,"fullname":"KAPAA BYP","onewaydir":" ","roadclass":"Local","munileft":"KAP","muniright":"KAP","zipleft":"96746","zipright":"96746","ownedby":"State","featuretyp":"2","externalro":"KAPAA BYP"}},{"type":"Feature","id":2947,"geometry":{"type":"LineString","coordinates":[[-159.38791954892787,21.969732098238186],[-159.38769030873789,21.969806411408996],[-159.38752908419283,21.969860571402137],[-159.38711468807082,21.970012974511743],[-159.38633123902164,21.970273698446238],[-159.38594979664225,21.970398259126334],[-159.38508966585911,21.970675273975697],[-159.3837575296142,21.971096995444476],[-159.38282277329878,21.971359942745501],[-159.38242444326784,21.971487004687159]]},"properties":{"st_length(shape)":599.79756595432173,"objectid":2947,"centerline":"RD-2253","fromleft":302181,"toleft":302519,"fromright":302180,"toright":302518,"fullname":"KAUMUALII HWY","onewaydir":" ","roadclass":"Local","munileft":"LIH","muniright":"LIH","zipleft":"96766","zipright":"96766","ownedby":"State","featuretyp":"2","externalro":"KAUMUALII HWY"}},{"type":"Feature","id":2948,"geometry":{"type":"LineString","coordinates":[[-159.67663365587126,21.957843723580602],[-159.67650706060323,21.958174396504781],[-159.67647262782955,21.95829491575283],[-159.67642147910277,21.958509118477998],[-159.67639717201331,21.958679267608076]]},"properties":{"st_length(shape)":95.965516345307961,"objectid":2948,"centerline":"RD-4181","fromleft":0,"toleft":0,"fromright":0,"toright":0,"fullname":"KAUMUALII HWY","onewaydir":" ","roadclass":"Local","munileft":"WAM","muniright":"WAM","zipleft":"96796","zipright":"96796","ownedby":" ","featuretyp":"2","externalro":" "}},{"type":"Feature","id":2939,"geometry":{"type":"LineString","coordinates":[[-159.67328855392054,21.956872098100273],[-159.67289552336504,21.956788097296783],[-159.67266233718883,21.956731579749174],[-159.67245056384837,21.95667982555344]]},"properties":{"st_length(shape)":89.118342419398545,"objectid":2939,"centerline":"RD-4526","fromleft":0,"toleft":0,"fromright":0,"toright":0,"fullname":"KAUMUALII HWY","onewaydir":" ","roadclass":"Local","munileft":"WAM","muniright":"WAM","zipleft":"96796","zipright":"96796","ownedby":" ","featuretyp":"2","externalro":" "}},{"type":"Feature","id":2942,"geometry":{"type":"LineString","coordinates":[[-159.67913228510815,21.957910526204035],[-159.6788264386465,21.957839878630271],[-159.67865829415231,21.957808415477352],[-159.67862796020697,21.957804784406353],[-159.67860034339569,21.957805359247484],[-159.67856571703888,21.957808011084943],[-159.67852988408237,21.95781374493269],[-159.6784864354415,21.957826069930999],[-159.67843810986355,21.957839874077997],[-159.67838978421321,21.957857133775448],[-159.67832068523589,21.957883615489422]]},"properties":{"st_length(shape)":86.559455317461669,"objectid":2942,"centerline":"RD-3946","fromleft":0,"toleft":0,"fromright":0,"toright":0,"fullname":"KAUMUALII HWY","onewaydir":" ","roadclass":"Local","munileft":"WAM","muniright":"WAM","zipleft":"96796","zipright":"96796","ownedby":" ","featuretyp":"2","externalro":" "}},{"type":"Feature","id":2950,"geometry":{"type":"LineString","coordinates":[[-159.67116360764035,21.956857118565029],[-159.67098514592226,21.956732194160256],[-159.67091887831504,21.956686984141111],[-159.67078883912345,21.956601557851052],[-159.6706533311544,21.956517560401906],[-159.67049796585985,21.956425441773202]]},"properties":{"st_length(shape)":83.748386706846134,"objectid":2950,"centerline":"RD-3751","fromleft":9651,"toleft":9699,"fromright":9650,"toright":9698,"fullname":"KAUMUALII HWY","onewaydir":" ","roadclass":"Local","munileft":"WAM","muniright":"WAM","zipleft":"96796","zipright":"96796","ownedby":"State","featuretyp":"2","externalro":"KAUMUALII HWY"}},{"type":"Feature","id":3003,"geometry":{"type":"LineString","coordinates":[[-159.34762823029013,21.981188053911765],[-159.34773216596523,21.981240095415711],[-159.34786191802789,21.981276101968668],[-159.34800677897482,21.981306029612099],[-159.34810189034647,21.981317922347454],[-159.34854497904931,21.981349230476091]]},"properties":{"st_length(shape)":97.25169752567237,"objectid":3003,"centerline":"RD-1433","fromleft":3831,"toleft":3859,"fromright":3830,"toright":3858,"fullname":"AHUKINI RD","onewaydir":" ","roadclass":"Local","munileft":"LIH","muniright":"LIH","zipleft":"96766","zipright":"96766","ownedby":" ","featuretyp":"2","externalro":"AHUKINI RD"}},{"type":"Feature","id":3006,"geometry":{"type":"LineString","coordinates":[[-159.46472641523599,21.951843501576295],[-159.46440635260001,21.952184093924025],[-159.46406636347072,21.952536007847211],[-159.46361261458367,21.953002426180973],[-159.46239223852993,21.954249571593575],[-159.46088987280029,21.955777641904625],[-159.45915133204457,21.957538956965642],[-159.45768315982286,21.959019249887572],[-159.45713104915038,21.959572754267928],[-159.45671436575807,21.959987710830358],[-159.45644144665107,21.960255828233528],[-159.45636011406782,21.960333629955588],[-159.45631590245753,21.960373570122034],[-159.45620618158347,21.960461600790431],[-159.45609830470505,21.960544501952036],[-159.45599191047745,21.960622543838895],[-159.45588676413635,21.960695905083185],[-159.45578258735094,21.960764769858073],[-159.45567932601443,21.96082917535653],[-159.45557684383832,21.960889203267893],[-159.45547506544244,21.960944901684982],[-159.45532734199836,21.961019195550406],[-159.45517147224842,21.961090445584833],[-159.45500758676224,21.961158596293579],[-159.45483586834391,21.961223571257474],[-159.45474147335054,21.961256442327951],[-159.45464386377827,21.961288081819699],[-159.4545428228837,21.961318553567647],[-159.45443806719987,21.961347954114515],[-159.45432944770062,21.961376322713416],[-159.45421625508396,21.96140385375114],[-159.4539731407047,21.961457122432201],[-159.45386137184551,21.961474646398674],[-159.45360238150081,21.961511491396568],[-159.45264768316096,21.961642441972351],[-159.45110096231983,21.961850979100625],[-159.44917958087814,21.962107784939722]]},"properties":{"st_length(shape)":2056.3795961993678,"objectid":3006,"centerline":"RD-1951","fromleft":240617,"toleft":241299,"fromright":240616,"toright":241298,"fullname":"KAUMUALII HWY","onewaydir":" ","roadclass":"Local","munileft":"KOL","muniright":"KOL","zipleft":"96766","zipright":"96766","ownedby":"State","featuretyp":"2","externalro":"KAUMUALII HWY"}},{"type":"Feature","id":3010,"geometry":{"type":"LineString","coordinates":[[-159.34854497904931,21.981349230476091],[-159.34999406362931,21.981480803523105]]},"properties":{"st_length(shape)":150.30483411754821,"objectid":3010,"centerline":"RD-2212","fromleft":3861,"toleft":3909,"fromright":3860,"toright":3908,"fullname":"AHUKINI RD","onewaydir":" ","roadclass":"Local","munileft":"LIH","muniright":"LIH","zipleft":"96766","zipright":"96766","ownedby":" ","featuretyp":"2","externalro":"AHUKINI RD"}},{"type":"Feature","id":3048,"geometry":{"type":"LineString","coordinates":[[-159.77535755781199,22.018423382048525],[-159.77460854247431,22.017627190701976],[-159.77257548570637,22.015463668854096],[-159.76837853452238,22.010997088565556]]},"properties":{"st_length(shape)":1093.0201576747331,"objectid":3048,"centerline":"RD-3886","fromleft":5381,"toleft":5759,"fromright":5380,"toright":5758,"fullname":"KAUMUALII HWY","onewaydir":" ","roadclass":"Local","munileft":"KEK","muniright":"MAN","zipleft":"96752","zipright":"96752","ownedby":"State","featuretyp":"2","externalro":"KAUMUALII HWY"}},{"type":"Feature","id":3052,"geometry":{"type":"LineString","coordinates":[[-159.587967214987,21.909273576295305],[-159.58782120498714,21.909289812269201],[-159.58766206732045,21.909297888221211],[-159.58750117213938,21.909306124781725],[-159.58734928260665,21.909314829540733],[-159.58719177306892,21.90932355873267],[-159.58702964415511,21.909331261693517],[-159.58688111481328,21.909338504927966],[-159.58671734160794,21.909346834104412],[-159.58660544909853,21.909351313847836],[-159.58653230907726,21.909353321817036],[-159.58644979129355,21.909354783173701],[-159.58641792283069,21.90935454351084],[-159.58639178659632,21.909354027742356],[-159.58635167867726,21.909352474025848],[-159.58632192216515,21.909350918648364],[-159.58629630060977,21.909349364793783],[-159.58627379146753,21.909347294826919],[-159.58625153598371,21.90934522576007],[-159.58623187213635,21.909342898109475],[-159.58620235220363,21.909339298303347],[-159.58616350808623,21.909334047710228],[-159.58613200638712,21.909328797152693],[-159.58605747184151,21.909314613141959]]},"properties":{"st_length(shape)":197.88806019290453,"objectid":3052,"centerline":"RD-4041","fromleft":103801,"toleft":103919,"fromright":103800,"toright":103918,"fullname":"KAUMUALII HWY","onewaydir":" ","roadclass":"Local","munileft":"HAP","muniright":"HAP","zipleft":"96716","zipright":"96716","ownedby":"State","featuretyp":"2","externalro":"KAUMUALII HWY"}},{"type":"Feature","id":3076,"geometry":{"type":"LineString","coordinates":[[-159.67548635094542,21.958088123887041],[-159.67548111391201,21.957981447494475],[-159.6754664301171,21.957893336298305],[-159.67544769384679,21.957734836757115],[-159.67544870615089,21.957712554358302],[-159.67545174360296,21.957679635846926],[-159.67545680712504,21.957619882068364],[-159.67546896427802,21.957557598462884],[-159.67548668598081,21.95747252408465],[-159.67549985206995,21.957430490912156],[-159.67552567568674,21.957366690274547],[-159.67556008773897,21.9572836648525],[-159.67559543304534,21.95720672280131],[-159.67563303241951,21.95714894195719],[-159.67566290991999,21.957110962319213],[-159.67568670933085,21.957082602859423],[-159.67571154963724,21.957057891624959],[-159.67573076516945,21.957041585419368],[-159.67574899410727,21.957029432659798],[-159.67577228932336,21.957020823031009],[-159.67579811383396,21.957018292919599],[-159.67582419390482,21.95702106480412],[-159.67584824833554,21.957028420820706],[-159.67586997855278,21.957039275389427],[-159.67589191761635,21.957054563061103],[-159.67590243001607,21.957066400626637],[-159.67591357137513,21.957080581774402],[-159.67592066162251,21.957095774252657],[-159.67592623138552,21.957110964856671],[-159.67592876452818,21.957126662124832],[-159.67592825772735,21.957150969711577],[-159.6759262309443,21.957174767702583],[-159.67592218159282,21.957198065393325],[-159.67591407982184,21.957228448085523],[-159.67589787539609,21.957268957984724],[-159.67587255452864,21.957325167012193],[-159.67585090185983,21.957388275687688],[-159.67582948281895,21.957466798384033],[-159.67583376748979,21.957553890822794],[-159.67582996057817,21.957596720267489],[-159.67579045976143,21.95768761555496],[-159.67576000645269,21.957769948075249],[-159.67573525746099,21.957830385424845],[-159.67571300849622,21.957880060030593],[-159.67569043849031,21.957922466166774],[-159.67567255524199,21.95795122679932],[-159.67564824428743,21.957983467629081],[-159.67563252672466,21.958000186753289],[-159.67561885279173,21.958012845649911],[-159.67560486284083,21.958023597831033],[-159.67556774339852,21.958046914993101],[-159.67551444375715,21.958074520354021],[-159.67548635094542,21.958088123887041]]},"properties":{"st_length(shape)":271.69716352862679,"objectid":3076,"centerline":"RD-4548","fromleft":0,"toleft":0,"fromright":0,"toright":0,"fullname":"KAUMUALII HWY","onewaydir":" ","roadclass":"Local","munileft":"WAM","muniright":"WAM","zipleft":"96796","zipright":"96796","ownedby":" ","featuretyp":"2","externalro":" "}},{"type":"Feature","id":3138,"geometry":{"type":"LineString","coordinates":[[-159.76013041916451,22.002242991760788],[-159.75663491813683,21.998527776804018],[-159.75652141824847,21.998404280737216],[-159.75574618705309,21.997588350748259],[-159.75531217066066,21.997123633602254],[-159.754852459132,21.996637504536057],[-159.75462739636583,21.996395646506034],[-159.75381524654679,21.995533174320716],[-159.75356968815595,21.995269049745616],[-159.75325203035109,21.994938540635449],[-159.75266596753886,21.994316776673326],[-159.75194427498525,21.993543675640392],[-159.7516851486846,21.993270982728991],[-159.75102698934012,21.992568553777506],[-159.75095203870228,21.992489316269214],[-159.75081569377446,21.992352257465907],[-159.75037882195502,21.991887542895928],[-159.74961358615437,21.99106780303266],[-159.74905916756396,21.990496720395409],[-159.74817162437017,21.989554435017283],[-159.7475624766854,21.988886684931686],[-159.74735848808146,21.988676724931672]]},"properties":{"st_length(shape)":1998.4146116438251,"objectid":3138,"centerline":"RD-3884","fromleft":6201,"toleft":6799,"fromright":6200,"toright":6798,"fullname":"KAUMUALII HWY","onewaydir":" ","roadclass":"Local","munileft":"KEK","muniright":"MAN","zipleft":"96752","zipright":"96752","ownedby":"State","featuretyp":"2","externalro":"KAUMUALII HWY"}},{"type":"Feature","id":3157,"geometry":{"type":"LineString","coordinates":[[-159.39835257150173,21.965628947795008],[-159.39781330127167,21.965881123636485],[-159.39732638737254,21.966114978380816],[-159.39685605631442,21.966329634975221],[-159.396701901396,21.966402431210778]]},"properties":{"st_length(shape)":190.72965252798127,"objectid":3157,"centerline":"RD-2304","fromleft":301799,"toleft":301859,"fromright":301798,"toright":301858,"fullname":"KAUMUALII HWY","onewaydir":" ","roadclass":"Local","munileft":"PUH","muniright":"PUH","zipleft":"96766","zipright":"96766","ownedby":"State","featuretyp":"2","externalro":"KAUMUALII HWY"}},{"type":"Feature","id":3185,"geometry":{"type":"LineString","coordinates":[[-159.65609060308844,21.949180732402379],[-159.6559860724843,21.949123756441431],[-159.6556130640854,21.948906222940678],[-159.65371591163372,21.947802502447164],[-159.65339426331627,21.947617653812603],[-159.65311150843641,21.947453575857008],[-159.65284945419117,21.947303201342688],[-159.65260711033866,21.947163046200384],[-159.65241586165936,21.947053549559811],[-159.65220855280663,21.946934564574388],[-159.65204916773757,21.946849717314802],[-159.65188080218431,21.946752799692302],[-159.65176984774263,21.946687100433614],[-159.65150998839982,21.946529428920307],[-159.65136983323617,21.946439640719873],[-159.65123114121076,21.946347666643391],[-159.65100850631407,21.946190723997557],[-159.65090631310426,21.946115534225971],[-159.65080192841805,21.946036698731653],[-159.65061578913989,21.945888514193189],[-159.65047636754286,21.945770258225178],[-159.65039240380469,21.945670804162031],[-159.65030915696164,21.94558416675277],[-159.65023767502527,21.945514767890863],[-159.65016175588244,21.945439583881409],[-159.65008969474979,21.945366508513885],[-159.65002160559231,21.945295050785436],[-159.64994496247687,21.945213292630687],[-159.64977488083187,21.945022040750004],[-159.64961520070332,21.94483349847776],[-159.64953049994887,21.944730999614695],[-159.6493953068728,21.944584060416915],[-159.64933121927962,21.944493298534105],[-159.64927121398176,21.944410329664215],[-159.64923325599739,21.94435558145717],[-159.64920312342753,21.944306797426812],[-159.64906682642211,21.944097173923854],[-159.64901499643869,21.944012496814409],[-159.64895003360442,21.943903732141202],[-159.64886243949263,21.94375044316142],[-159.64875659399024,21.943554079698583],[-159.64867046167012,21.94338180756943],[-159.64859965359514,21.943226325516957],[-159.64856315613034,21.943148219744671],[-159.64849964718815,21.942989819693771],[-159.64843687271812,21.942828496857572],[-159.64837336470347,21.942655496553858],[-159.64830986054628,21.942466433375841],[-159.64828358183823,21.942381759094644],[-159.64825803345542,21.942295621998394],[-159.64822226557715,21.942170071898854],[-159.64804999589825,21.941585367747642],[-159.64800473876761,21.941423317932216],[-159.64797261944614,21.941324771991621],[-159.64791203267555,21.941131331772809],[-159.64785071864128,21.94094811027928],[-159.6477720355112,21.940726189594447],[-159.64771064684359,21.940542016120467],[-159.64765353634618,21.940389251273192],[-159.64759357288358,21.940229351578019],[-159.64752863370506,21.940075974286074],[-159.64745360180837,21.939897605620505],[-159.64741572098922,21.939812620909116],[-159.64735121256641,21.939671320581176],[-159.6472627534086,21.939483597365275],[-159.64716588751207,21.939278140503902],[-159.64709319071761,21.939149125403986],[-159.64699285077364,21.938950491188965],[-159.64694677380567,21.938859360110204],[-159.64688739018783,21.938748778318704],[-159.64680752605503,21.938602358855196],[-159.64672356322976,21.938450820424254],[-159.64662936616114,21.938295187244144],[-159.64653619067741,21.938140578078691],[-159.64643277689893,21.937973679216771],[-159.64629045777198,21.937747395042503],[-159.64615252554259,21.937509084296902],[-159.64607157093326,21.937386325718943],[-159.64598879932325,21.937264729713885],[-159.64590421944203,21.937144298954994],[-159.64581782644629,21.937025032555077],[-159.64573332539703,21.936912350040323],[-159.64563990820869,21.93679195294381],[-159.64540519742758,21.936501107254276],[-159.64519329999172,21.936244564040479],[-159.64511633478594,21.936155378522393],[-159.64504483530257,21.936075955580755],[-159.64496122266667,21.935988678801021],[-159.64478918199916,21.935817934753135],[-159.6447178167102,21.935745006739054],[-159.64456023369237,21.935576868117202],[-159.64440578848362,21.935406171188632],[-159.64425448974328,21.935232904183685],[-159.64406911230631,21.935049244775211]]},"properties":{"st_length(shape)":2068.5488326803002,"objectid":3185,"centerline":"RD-4034","fromleft":10587,"toleft":11101,"fromright":10586,"toright":11100,"fullname":"KAUMUALII HWY","onewaydir":" ","roadclass":"Local","munileft":"PAK","muniright":"PAK","zipleft":"96769","zipright":"96769","ownedby":"State","featuretyp":"2","externalro":"KAUMUALII HWY"}},{"type":"Feature","id":3238,"geometry":{"type":"LineString","coordinates":[[-159.50814688194987,21.926473537689116],[-159.50808879080964,21.926446872398195],[-159.50802811351849,21.926448059971886],[-159.50796633956287,21.926448810935955],[-159.50794061378176,21.926448593169624],[-159.50790795195263,21.926447464473327],[-159.50787186912203,21.926445488068968],[-159.50784817159362,21.926444374136512],[-159.50782448190455,21.926443286376173],[-159.50780339524508,21.926441742468413],[-159.50778128125279,21.926440199019932],[-159.50775736064051,21.926437885092636],[-159.50772856107244,21.926434796620239],[-159.50770976999155,21.926433471472478],[-159.50768885434258,21.926430183384539],[-159.50766478377369,21.926427084818084],[-159.50764145086345,21.926423666863815],[-159.50761411963296,21.926419881804069],[-159.5075943200948,21.926417052819577],[-159.50757631868692,21.926413965319558],[-159.50755317207597,21.926410110416544],[-159.50753648407493,21.926407144436347],[-159.50752247493926,21.92640462913376],[-159.50750508394347,21.926401107898077],[-159.50748759481371,21.92639776403745],[-159.50745941835621,21.926391538660855],[-159.50740707252737,21.926380833621391],[-159.50736209741567,21.926371015587488],[-159.50734126908165,21.926366131712062],[-159.50731602228933,21.926359539510134],[-159.50729642446203,21.926354061887036],[-159.50726192596377,21.926343947701326],[-159.50721562868063,21.926329068122023],[-159.50719957207892,21.926324209261637],[-159.50718619835112,21.926319839920023],[-159.50717153788807,21.926314950551088],[-159.50715425106645,21.926308851444656],[-159.50713784855759,21.926303378402864],[-159.50711676233357,21.926295663012159],[-159.50709618827085,21.926288205326394],[-159.50707201743768,21.926279205716916],[-159.50704681459342,21.92626943142475],[-159.50702263994654,21.926260173436024],[-159.50699229606869,21.926248344303698],[-159.50697223429381,21.926240630252899],[-159.50695474792556,21.926233682507505],[-159.5069418904742,21.926228541823896],[-159.50692851800417,21.926222882345936],[-159.50691285752376,21.926216131337743],[-159.50689483134263,21.926208223990528],[-159.50687418647337,21.926198810548847],[-159.50684931206692,21.926186622127346],[-159.50681767837827,21.926170933831507],[-159.50679504764858,21.926159619339849],[-159.50677138896702,21.926146761324876],[-159.50675030261922,21.92613544297102],[-159.50673924348527,21.926129272229492],[-159.50673315426945,21.926125779325002],[-159.50672527013165,21.92612126203047],[-159.50671507192169,21.926115128385721],[-159.50670606836096,21.92610921330531],[-159.50669552542297,21.926102525106383],[-159.50668703880584,21.926097125199313],[-159.50664737019704,21.926071784888908],[-159.50662684746874,21.926058296528062],[-159.50660654669062,21.926045689237537],[-159.50659186659061,21.926036878950033],[-159.50657774383092,21.926027686596367],[-159.5065690142373,21.92602175349889],[-159.50655177020346,21.926009942653014],[-159.50651686084873,21.925984650890559],[-159.50650239194735,21.925973680724407],[-159.50648593415539,21.92596159551448],[-159.50646767687113,21.925947192199143],[-159.50644981462972,21.925933058696831],[-159.50642910935019,21.9259150338005],[-159.50638628073017,21.925875548069456],[-159.50630776071191,21.925799879254626],[-159.50624342756109,21.925733998857702],[-159.50620856214636,21.925695632317527],[-159.50618915423487,21.925674272414923],[-159.50615713870133,21.925639262402441],[-159.50613491592739,21.92561047043035],[-159.50611002277378,21.925580607063409],[-159.50608670477891,21.925552051542308],[-159.50605815133417,21.925516358695791],[-159.50602959744603,21.9254797145236],[-159.50601197897313,21.925457541417501],[-159.505945117805,21.925372158901169],[-159.50585387066857,21.925249955806478],[-159.50572656652602,21.925072089709666],[-159.50553977728998,21.924819263700535],[-159.50541961602732,21.924663403953033],[-159.50534525636502,21.924563463607047],[-159.50528993882332,21.924487468204575],[-159.50524948438263,21.924433781828252],[-159.50521777070799,21.924395267153411],[-159.50518221118165,21.924351826085058],[-159.50515396744075,21.924318156725711],[-159.50513169778793,21.9242916043777],[-159.50508291988658,21.924234496900645],[-159.50505793498138,21.924205940921063],[-159.50502464089578,21.924168982265659],[-159.50499844549122,21.924142290175915],[-159.50497584333826,21.924120278610573],[-159.50490148491252,21.924051271818051],[-159.50485341482482,21.924009497983786],[-159.50481165870875,21.923975127414288],[-159.50475990331898,21.923934675754595],[-159.50465045126057,21.923853176276634],[-159.5046062824479,21.923821854937778],[-159.50455987134015,21.923789754473468],[-159.5045082750166,21.923756210847074],[-159.50443153664563,21.923707429211301],[-159.50438870578554,21.923681255121657],[-159.50434766103044,21.923657459720626],[-159.50428520085893,21.923624145384263],[-159.50418407111633,21.923570605016533],[-159.50415847509456,21.92355814645002],[-159.50413576165738,21.923547090216157],[-159.50411309222005,21.92353697974567],[-159.50407758925579,21.923521824951951],[-159.50402947147501,21.923503791604912],[-159.50398949485492,21.923489361509493],[-159.50396284854469,21.923479994991222],[-159.5039318468516,21.923469472763021],[-159.50384559043061,21.923444488609373],[-159.50377361294954,21.923423667087587],[-159.50372126251315,21.923408793295291],[-159.50366950965864,21.923394515733193],[-159.50363322472811,21.923384400817401],[-159.50360288645922,21.92337666812389],[-159.50355707865148,21.92336596078453],[-159.50348867030124,21.923352872494963],[-159.50340181827067,21.923337998518171],[-159.50336196116001,21.923330266005713],[-159.50328668455697,21.923323373664456]]},"properties":{"st_length(shape)":641.05187185364218,"objectid":3238,"centerline":"RD-3614","fromleft":203401,"toleft":203599,"fromright":203400,"toright":203598,"fullname":"KAUMUALII HWY","onewaydir":" ","roadclass":"Local","munileft":"LAW","muniright":"LAW","zipleft":"96741","zipright":"96741","ownedby":"State","featuretyp":"2","externalro":"KAUMUALII HWY"}},{"type":"Feature","id":3294,"geometry":{"type":"LineString","coordinates":[[-159.67832068523589,21.957883615489422],[-159.67829999858756,21.957730496104215],[-159.67829318126934,21.957694510500833],[-159.67828191394833,21.957663437074984],[-159.67827128265898,21.95764516784018],[-159.67825925899297,21.957628383245407],[-159.67824510811198,21.957612109732469],[-159.67822931888298,21.95759691624086],[-159.67821226959049,21.957583538395191],[-159.67819234663929,21.957570925861351],[-159.67816952572016,21.957559057960069],[-159.67814439531088,21.957547861794133],[-159.67812245342071,21.957543475054798],[-159.67792847314303,21.957517176026972]]},"properties":{"st_length(shape)":66.874366849430714,"objectid":3294,"centerline":"RD-4438","fromleft":0,"toleft":0,"fromright":0,"toright":0,"fullname":"KAUMUALII HWY","onewaydir":" ","roadclass":"Local","munileft":"WAM","muniright":"WAM","zipleft":"96796","zipright":"96796","ownedby":" ","featuretyp":"2","externalro":" "}},{"type":"Feature","id":3300,"geometry":{"type":"LineString","coordinates":[[-159.49784711128086,21.923202647608633],[-159.49755764852128,21.92324870555219],[-159.49732729136909,21.92328582450736],[-159.49709222169022,21.923318223357086],[-159.49661090418834,21.923382091642988],[-159.49636285875494,21.923419551765715],[-159.49615783873776,21.923454313238167],[-159.49574543424879,21.923520295639928],[-159.49541728290748,21.923575671609015],[-159.49525349637133,21.923604540179035],[-159.49501784237273,21.923651670244762],[-159.494666122485,21.923737685385401],[-159.4944563846316,21.923786581524727],[-159.49425901879698,21.923834301881225],[-159.49408934606328,21.923877306864799],[-159.49391731766318,21.923921493222458],[-159.49376352887427,21.923967005098135],[-159.49373322538241,21.923976548778359],[-159.49370207652905,21.923986914411614],[-159.49366162606947,21.924001616469472],[-159.49358562574039,21.92403166174563],[-159.49345306971685,21.92408703842106],[-159.49339238637316,21.924112374088377],[-159.49334584653869,21.924132993806595],[-159.4933034274888,21.924153022045626],[-159.49327396964512,21.924167749759178],[-159.49324215621488,21.924183656295163],[-159.49320739463252,21.924200744332808],[-159.49317027975712,21.924221364646254],[-159.49310791635463,21.924256251907057],[-159.49298590233724,21.924327380615377],[-159.49292755201702,21.924362756284999],[-159.49289048037295,21.924386395705813],[-159.49284860435313,21.924414012007897],[-159.49278439048948,21.924458195678675],[-159.49272811004596,21.924500559515071],[-159.49268659030216,21.924531839968505],[-159.49260410950831,21.924597233264773],[-159.49248970278165,21.924694602751703],[-159.49237728679424,21.924799899313903],[-159.49233722887556,21.924838194135557],[-159.49226947694711,21.924910066013723],[-159.49218287345735,21.925004918193036],[-159.49211044362244,21.925085501431749],[-159.49203970694424,21.925165165290984],[-159.49185176882324,21.925373129503434],[-159.4917362956275,21.925498617645953],[-159.49163967954382,21.925599950953806],[-159.49159431244036,21.925646493622416],[-159.49156662406065,21.925674181024444],[-159.4915395214876,21.925701872994981],[-159.49151292391107,21.925728594059791],[-159.49147177345515,21.925766088780527],[-159.49141874960392,21.925815575108565],[-159.49126498044041,21.92594636491814],[-159.49118132241802,21.92601647247303],[-159.49109825491121,21.926079509701658],[-159.49102844616104,21.926128521132075],[-159.49096392680468,21.926174362829617],[-159.49091553671383,21.926207737655044],[-159.49088203560271,21.926230917864665],[-159.4908443308577,21.926256252673046],[-159.49080428079213,21.926281824850221],[-159.49066823034227,21.926363292080971],[-159.49053291430704,21.926442114445603]]},"properties":{"st_length(shape)":867.41970435645271,"objectid":3300,"centerline":"RD-1159","fromleft":203801,"toleft":204099,"fromright":203800,"toright":204098,"fullname":"KAUMUALII HWY","onewaydir":" ","roadclass":"Local","munileft":"LAW","muniright":"LAW","zipleft":"96756","zipright":"96756","ownedby":"State","featuretyp":"2","externalro":"KAUMUALII HWY"}},{"type":"Feature","id":3334,"geometry":{"type":"LineString","coordinates":[[-159.62339123657307,21.919441037157405],[-159.62329586502648,21.919370284443641],[-159.62317113567352,21.919280198445303],[-159.62308298195902,21.919220932431891],[-159.62299562115524,21.919165421621994],[-159.62288568949938,21.919098316735923],[-159.62278765283347,21.919039780912065],[-159.62271341177961,21.918998375164264],[-159.62253780976778,21.918909858980655],[-159.62244643831116,21.918864646757577],[-159.62235316077684,21.918820385775433],[-159.6222184817629,21.918758042972573],[-159.62212854139992,21.918719492446169],[-159.62202526800871,21.918677612569546],[-159.62192009808834,21.91863620686917],[-159.62176019431237,21.918579097747354],[-159.62166025988211,21.91854578395937],[-159.62156936303577,21.918517231349782],[-159.62140279995606,21.918466307508066],[-159.6212505116336,21.918420617341237],[-159.62100256941875,21.918347804122334],[-159.62055728210112,21.918217401754216],[-159.62010578419864,21.918084454938445],[-159.6196705419641,21.917956597873893],[-159.61948256202569,21.917899488371681],[-159.61922795973612,21.917820486455316]]},"properties":{"st_length(shape)":469.19937976360848,"objectid":3334,"centerline":"RD-4032","fromleft":102051,"toleft":102399,"fromright":102050,"toright":102398,"fullname":"KAUMUALII HWY","onewaydir":" ","roadclass":"Local","munileft":"KAU","muniright":"KAU","zipleft":"96747","zipright":"96747","ownedby":"State","featuretyp":"2","externalro":"KAUMUALII HWY"}},{"type":"Feature","id":3374,"geometry":{"type":"LineString","coordinates":[[-159.38242444326784,21.971487004687159],[-159.38199826850226,21.971622394273723]]},"properties":{"st_length(shape)":46.481778367117087,"objectid":3374,"centerline":"RD-2250","fromleft":302521,"toleft":302549,"fromright":302520,"toright":302548,"fullname":"KAUMUALII HWY","onewaydir":" ","roadclass":"Local","munileft":"LIH","muniright":"LIH","zipleft":"96766","zipright":"96766","ownedby":"State","featuretyp":"2","externalro":"KAUMUALII HWY"}},{"type":"Feature","id":3405,"geometry":{"type":"LineString","coordinates":[[-159.32238422816749,22.077107368259156],[-159.32232496002919,22.077119910957922]]},"properties":{"st_length(shape)":6.2701122739515203,"objectid":3405,"centerline":"RD-3906","fromleft":0,"toleft":0,"fromright":0,"toright":0,"fullname":"KAPAA BYP","onewaydir":" ","roadclass":"Local","munileft":"KAP","muniright":"KAP","zipleft":"96746","zipright":"96746","ownedby":"State","featuretyp":"2","externalro":"KAPAA BYP"}},{"type":"Feature","id":3422,"geometry":{"type":"LineString","coordinates":[[-159.53582959928588,21.924849058131869],[-159.53529124128428,21.924929955105451]]},"properties":{"st_length(shape)":56.317513085195756,"objectid":3422,"centerline":"RD-1706","fromleft":202131,"toleft":202139,"fromright":202130,"toright":202138,"fullname":"KAUMUALII HWY","onewaydir":" ","roadclass":"Local","munileft":"KAL","muniright":"KAL","zipleft":"96741","zipright":"96741","ownedby":"State","featuretyp":"2","externalro":"KAUMUALII HWY"}},{"type":"Feature","id":3444,"geometry":{"type":"LineString","coordinates":[[-159.39568103805408,21.9668741832979],[-159.39534875640155,21.967023479267542]]},"properties":{"st_length(shape)":38.079611864226187,"objectid":3444,"centerline":"RD-1438","fromleft":301901,"toleft":301907,"fromright":301900,"toright":301906,"fullname":"KAUMUALII HWY","onewaydir":" ","roadclass":"Local","munileft":"PUH","muniright":"PUH","zipleft":"96766","zipright":"96766","ownedby":"State","featuretyp":"2","externalro":"KAUMUALII HWY"}},{"type":"Feature","id":3461,"geometry":{"type":"LineString","coordinates":[[-159.34683282670281,21.980525170256595],[-159.34691564367549,21.980606167219047],[-159.34698174512289,21.980669002250508],[-159.34702969282202,21.980712592469974],[-159.34733868309129,21.981000346174504],[-159.34739808231993,21.98104786372269],[-159.34743912102428,21.981079184275572],[-159.34762823029013,21.981188053911765]]},"properties":{"st_length(shape)":110.61819970499236,"objectid":3461,"centerline":"RD-4679","fromleft":3801,"toleft":3829,"fromright":3800,"toright":3828,"fullname":"AHUKINI RD","onewaydir":" ","roadclass":"Local","munileft":"LIH","muniright":"LIH","zipleft":"96766","zipright":"96766","ownedby":" ","featuretyp":"2","externalro":"AHUKINI RD"}},{"type":"Feature","id":3493,"geometry":{"type":"LineString","coordinates":[[-159.51374738299114,21.923343393351988],[-159.51344310672812,21.923369797059369],[-159.51329081590265,21.923378230828767],[-159.51320871733714,21.923381539761273],[-159.51295845324597,21.923384845642307],[-159.51285781657293,21.92338815620629],[-159.51278167949863,21.923391465307589],[-159.51267951948836,21.923398756547051],[-159.51251087602955,21.923418342028899],[-159.51238641698086,21.923440453927274],[-159.51227373101779,21.923465321590708],[-159.51220765701217,21.923480840679822],[-159.51215601661306,21.923496066349021],[-159.51205868935017,21.923529168764812],[-159.51191899013114,21.923584122598012],[-159.51181107319985,21.923632451868304],[-159.51171919206632,21.923677444462651],[-159.51163098774268,21.923725805333234],[-159.51151115233478,21.923797968974135],[-159.51146281968346,21.92383173535687],[-159.51142044748258,21.923860868423894],[-159.51134496984437,21.92391714344356],[-159.51127942623634,21.923970111675864],[-159.51123440455132,21.924007848251485],[-159.51119666499525,21.924040951026729],[-159.51115230640946,21.92408001267102],[-159.5111198657624,21.924111130365613],[-159.51109338044154,21.924135628117362],[-159.51105696686793,21.924174027217003],[-159.5110225399485,21.924209118969333],[-159.51097222262996,21.92426473291907],[-159.51091142067759,21.924334637500984],[-159.51077095004658,21.924503740483118],[-159.51066435605495,21.924634170345151],[-159.51038429683115,21.924977127837984],[-159.5102505564904,21.925138674813446],[-159.51012410065792,21.925288968435375],[-159.51001419470225,21.925417409749262],[-159.50990098211284,21.925549165120085],[-159.50977783426816,21.925687536379947],[-159.50967123837566,21.925799979951066],[-159.50959900159089,21.925866274118963],[-159.50953060348456,21.925924829248071],[-159.5094986505114,21.925950083605194],[-159.50946623363944,21.925975041258521],[-159.50943284373975,21.925998120056494],[-159.50940191117547,21.92601953342519],[-159.50936621781659,21.926041543349413],[-159.5093430176087,21.926055821787969],[-159.50931862641744,21.926070097587928],[-159.50927796454673,21.926092566470164],[-159.50923691759428,21.926114575781089],[-159.50918726036599,21.926139733124693],[-159.50912596043509,21.926169455439769],[-159.50909639907803,21.926213530887619]]},"properties":{"st_length(shape)":609.05355165124251,"objectid":3493,"centerline":"RD-2148","fromleft":203105,"toleft":203349,"fromright":203104,"toright":203348,"fullname":"KAUMUALII HWY","onewaydir":" ","roadclass":"Local","munileft":"KAL","muniright":"KAL","zipleft":"96741","zipright":"96741","ownedby":"State","featuretyp":"2","externalro":"KAUMUALII HWY"}},{"type":"Feature","id":3570,"geometry":{"type":"LineString","coordinates":[[-159.32285153712655,22.077694999216732],[-159.32247614342717,22.077871989702558],[-159.3224093494201,22.077892739647165],[-159.32236335536734,22.077896575059526],[-159.32231935572204,22.077892952262619],[-159.32225281229489,22.07786607240519],[-159.32221008912578,22.077820081247783],[-159.32217928336544,22.077764533526381],[-159.32216985546833,22.077680600131814]]},"properties":{"st_length(shape)":90.463614448540739,"objectid":3570,"centerline":"RD-1622","fromleft":0,"toleft":0,"fromright":0,"toright":0,"fullname":"KAPAA BYP","onewaydir":" ","roadclass":"Local","munileft":"KAP","muniright":"KAP","zipleft":"96746","zipright":"96746","ownedby":" ","featuretyp":"2","externalro":"KAPAA BYP"}},{"type":"Feature","id":3579,"geometry":{"type":"LineString","coordinates":[[-159.66813761693535,21.955205201695509],[-159.66794785708274,21.955117978764168],[-159.66776320744941,21.955024224810131],[-159.66760854045083,21.954942368759752],[-159.66700986641732,21.954633978185523],[-159.66674822493704,21.954494936566554]]},"properties":{"st_length(shape)":163.62519647993278,"objectid":3579,"centerline":"RD-3747","fromleft":9851,"toleft":9899,"fromright":9850,"toright":9898,"fullname":"KAUMUALII HWY","onewaydir":" ","roadclass":"Local","munileft":"WAM","muniright":"WAM","zipleft":"96796","zipright":"96796","ownedby":"State","featuretyp":"2","externalro":"KAUMUALII HWY"}},{"type":"Feature","id":3580,"geometry":{"type":"LineString","coordinates":[[-159.37975402227812,21.97239558812128],[-159.3791540058763,21.972625590923474]]},"properties":{"st_length(shape)":66.974643471161244,"objectid":3580,"centerline":"RD-2329","fromleft":302653,"toleft":302675,"fromright":302652,"toright":302674,"fullname":"KAUMUALII HWY","onewaydir":" ","roadclass":"Local","munileft":"LIH","muniright":"LIH","zipleft":"96766","zipright":"96766","ownedby":"State","featuretyp":"2","externalro":"KAUMUALII HWY"}},{"type":"Feature","id":3636,"geometry":{"type":"LineString","coordinates":[[-159.33271167790943,22.071578734822051],[-159.33270826266025,22.071590112437335],[-159.33266181791495,22.071744923338272],[-159.33250933972261,22.07205111391109],[-159.33230470415197,22.072350706790321],[-159.33215402706389,22.07251159978631],[-159.33193607371021,22.072661212430255],[-159.33174393255672,22.072758817538251],[-159.33153867336543,22.072792227228749],[-159.33133334518848,22.072794844026941],[-159.33092717643157,22.072698870985413],[-159.33058933803659,22.072554360778049],[-159.33035785798003,22.072475634860506],[-159.33003438733849,22.072421289205035],[-159.32997201195442,22.072419858414619],[-159.32844591061533,22.072384878686339],[-159.32779682718498,22.072368578963559],[-159.3254506374102,22.072287459528276],[-159.32523165011463,22.072294901223799],[-159.32499055120229,22.0723521678146],[-159.32473837070788,22.072508855947223],[-159.32448646204162,22.072786536128209],[-159.32414311800812,22.073332776118264],[-159.32397391005082,22.073652090079914],[-159.32360769549462,22.07452395075709],[-159.32338708185168,22.07507434781046],[-159.32284723392772,22.076399718944533],[-159.32265693526622,22.076791666168365],[-159.32253392623574,22.077007325439567]]},"properties":{"st_length(shape)":1456.1963549778595,"objectid":3636,"centerline":"RD-4458","fromleft":4141,"toleft":4259,"fromright":4140,"toright":4258,"fullname":"KAPAA BYP","onewaydir":" ","roadclass":"Local","munileft":"KAP","muniright":"KAP","zipleft":"96746","zipright":"96746","ownedby":"State","featuretyp":"2","externalro":"KAPAA BYP"}},{"type":"Feature","id":3651,"geometry":{"type":"LineString","coordinates":[[-159.64066676582013,21.932448153597463],[-159.64061946372854,21.932416371194424],[-159.64050956128384,21.932341933622734],[-159.6394732394279,21.931634963616307],[-159.63913342095549,21.931396619384785],[-159.63719965554682,21.930083056808144],[-159.63581621898388,21.929134018024687],[-159.63519164561257,21.928709287586685],[-159.6343814021416,21.928153728896486],[-159.63312351319806,21.92728826201564],[-159.6325342911876,21.926891533863049],[-159.6312894791983,21.926037672516983],[-159.63100779005262,21.92584012751853],[-159.63042486811457,21.925432079930943],[-159.62986248973365,21.925046673558928],[-159.62956306665527,21.924837992333437],[-159.62930025904367,21.924654972261436],[-159.62907038990215,21.924494019309634],[-159.62881663114439,21.924321661280295],[-159.62862540126844,21.924195900134691],[-159.62840623735894,21.92402388440517],[-159.62822951912489,21.923882653078689],[-159.62804359149365,21.923728648856049],[-159.62784850363178,21.923570416117165],[-159.62768322857099,21.923431269861901],[-159.62751102387585,21.923276148393672],[-159.62734455557495,21.923125272637087],[-159.62707128486687,21.922869174494096],[-159.62681290602123,21.922620483219529],[-159.62654080113271,21.922369716236119],[-159.62626522771382,21.922109354949967],[-159.62600457037979,21.921861741563713],[-159.62574049773923,21.921616271012077],[-159.625466091086,21.921361241309302],[-159.62520194828858,21.921117684468825],[-159.62456096584532,21.920517338232603]]},"properties":{"st_length(shape)":2128.1483004591773,"objectid":3651,"centerline":"RD-4033","fromleft":11159,"toleft":11399,"fromright":11158,"toright":11398,"fullname":"KAUMUALII HWY","onewaydir":" ","roadclass":"Local","munileft":"OLO","muniright":"OLO","zipleft":"96747","zipright":"96747","ownedby":"State","featuretyp":"2","externalro":"KAUMUALII HWY"}},{"type":"Feature","id":3656,"geometry":{"type":"LineString","coordinates":[[-159.67530894484312,21.959611017740961],[-159.67524058375491,21.959566452344326]]},"properties":{"st_length(shape)":8.6116345957780336,"objectid":3656,"centerline":"RD-3757","fromleft":9429,"toleft":9431,"fromright":9428,"toright":9430,"fullname":"KAUMUALII HWY","onewaydir":" ","roadclass":"Local","munileft":"WAM","muniright":"WAM","zipleft":"96796","zipright":"96796","ownedby":"State","featuretyp":"2","externalro":"KAUMUALII HWY"}},{"type":"Feature","id":3669,"geometry":{"type":"LineString","coordinates":[[-159.71726910527255,21.968085909845591],[-159.71692100291506,21.967984407204185],[-159.71673754884773,21.967930150767575],[-159.7165890671275,21.967885893103347],[-159.71649269943032,21.967856623115182],[-159.71634207985306,21.967808794342378],[-159.7160743889074,21.967719558756794],[-159.71581383547999,21.967625328279624],[-159.71567748999249,21.967573931427889],[-159.71552829948007,21.967514681992267],[-159.71531557157095,21.96742687782616],[-159.71493509383797,21.967259831365208],[-159.71461743545009,21.967117058050658],[-159.71441827025228,21.967019260676391],[-159.7142555134273,21.966931455391588],[-159.71420054967714,21.966902901004211],[-159.71400352970869,21.966792966410132],[-159.71389788158965,21.966733000323458],[-159.71375297167097,21.966648763992833],[-159.71361519765725,21.96656524634707]]},"properties":{"st_length(shape)":414.71005985483384,"objectid":3669,"centerline":"RD-3770","fromleft":8201,"toleft":8299,"fromright":8200,"toright":8298,"fullname":"KAUMUALII HWY","onewaydir":" ","roadclass":"Local","munileft":"KEK","muniright":"KEK","zipleft":"96752","zipright":"96752","ownedby":"State","featuretyp":"2","externalro":"KAUMUALII HWY"}},{"type":"Feature","id":3685,"geometry":{"type":"LineString","coordinates":[[-159.66954647482632,21.955938621196282],[-159.66926003159398,21.955792997701131],[-159.66917373575188,21.955748667171488],[-159.66912229612129,21.955721252934261],[-159.66908405628814,21.955699595693766],[-159.66905427203187,21.955684362532736],[-159.66893819666899,21.955627847722031],[-159.66884841466981,21.955575871140052]]},"properties":{"st_length(shape)":82.532773022435336,"objectid":3685,"centerline":"RD-3749","fromleft":9761,"toleft":9799,"fromright":9760,"toright":9798,"fullname":"KAUMUALII HWY","onewaydir":" ","roadclass":"Local","munileft":"WAM","muniright":"WAM","zipleft":"96796","zipright":"96796","ownedby":"State","featuretyp":"2","externalro":"KAUMUALII HWY"}},{"type":"Feature","id":3712,"geometry":{"type":"LineString","coordinates":[[-159.37827796322662,21.973006523183869],[-159.37763231727169,21.973295278185805],[-159.37694727570104,21.973628831747234],[-159.37620208455292,21.974055832697598]]},"properties":{"st_length(shape)":243.99925524568624,"objectid":3712,"centerline":"RD-2362","fromleft":302709,"toleft":302779,"fromright":302708,"toright":302778,"fullname":"KAUMUALII HWY","onewaydir":" ","roadclass":"Local","munileft":"LIH","muniright":"LIH","zipleft":"96766","zipright":"96766","ownedby":"State","featuretyp":"2","externalro":"KAUMUALII HWY"}},{"type":"Feature","id":3787,"geometry":{"type":"LineString","coordinates":[[-159.67792847314303,21.957517176026972],[-159.67778071145523,21.957465915306301],[-159.67773585372333,21.957452092941498],[-159.6776978049206,21.957442085601613],[-159.67765695817215,21.957432062693616],[-159.67763962728358,21.957428522337857],[-159.67761928360741,21.957426021592791],[-159.6775741975182,21.957424084557982],[-159.67755254035185,21.957424593079946],[-159.67753719100185,21.957424949101853],[-159.67751898567133,21.957426736168653],[-159.67750363992684,21.957430304718635],[-159.67748425569428,21.957434891812241],[-159.67746116612358,21.957443153922895],[-159.67743903504757,21.957452787979296],[-159.67741797724162,21.95746635107815],[-159.67738871046117,21.95748740933837],[-159.67733981313469,21.957520961476568]]},"properties":{"st_length(shape)":65.423774486135926,"objectid":3787,"centerline":"RD-3039","fromleft":0,"toleft":0,"fromright":0,"toright":0,"fullname":"KAUMUALII HWY","onewaydir":" ","roadclass":"Local","munileft":"WAM","muniright":"WAM","zipleft":"96796","zipright":"96796","ownedby":" ","featuretyp":"2","externalro":" "}},{"type":"Feature","id":3791,"geometry":{"type":"LineString","coordinates":[[-159.3425454661878,21.984522257851278],[-159.3430905297279,21.984013850974915],[-159.34349633503595,21.983631844178646]]},"properties":{"st_length(shape)":139.10240804589435,"objectid":3791,"centerline":"RD-5108","fromleft":3601,"toleft":3699,"fromright":3600,"toright":3698,"fullname":"AHUKINI RD","onewaydir":" ","roadclass":"Local","munileft":"LIH","muniright":"LIH","zipleft":"96766","zipright":"96766","ownedby":" ","featuretyp":"2","externalro":"AHUKINI RD"}},{"type":"Feature","id":3798,"geometry":{"type":"LineString","coordinates":[[-159.36202137077515,21.9810055927679],[-159.3621477185817,21.981001973076289],[-159.36223482439442,21.980998013477532],[-159.3622796997046,21.980995537460373],[-159.36232677675568,21.980991913711335],[-159.36241578310418,21.980985302724743],[-159.3624660026947,21.980980245455509],[-159.36249054612196,21.980977833255402],[-159.36251831209262,21.980974211447244],[-159.36257343720192,21.980966970522559],[-159.3626281621876,21.980959323009454],[-159.36272071023194,21.980944837730188],[-159.36281084432008,21.980929950281283],[-159.36287441954613,21.980919892604081],[-159.3629420307482,21.980907394804667],[-159.36304583387238,21.980888103417772],[-159.36312349385486,21.980875228260984],[-159.36335929271186,21.980838210787564],[-159.3635399590458,21.980810850976965],[-159.36372103191209,21.980781880126997],[-159.36378863146817,21.980769810239266],[-159.36386950980818,21.980754522624594],[-159.36419705198537,21.980696177062253],[-159.36438103519646,21.980663726183508],[-159.36454310166772,21.980636223167075],[-159.36467789744805,21.980618121312869],[-159.36474992421432,21.980610472594424],[-159.36484103637164,21.980602474247821]]},"properties":{"st_length(shape)":294.81036234162713,"objectid":3798,"centerline":"RD-3513","fromleft":4311,"toleft":4405,"fromright":4310,"toright":4404,"fullname":"AHUKINI RD","onewaydir":" ","roadclass":"Local","munileft":"LIH","muniright":"LIH","zipleft":"96766","zipright":"96766","ownedby":"State","featuretyp":"2","externalro":"AHUKINI RD"}},{"type":"Feature","id":3823,"geometry":{"type":"LineString","coordinates":[[-159.38199826850226,21.971622394273723],[-159.38157407338619,21.971785591629299]]},"properties":{"st_length(shape)":47.374406467941945,"objectid":3823,"centerline":"RD-2261","fromleft":302551,"toleft":302575,"fromright":302550,"toright":302574,"fullname":"KAUMUALII HWY","onewaydir":" ","roadclass":"Local","munileft":"LIH","muniright":"LIH","zipleft":"96766","zipright":"96766","ownedby":"State","featuretyp":"2","externalro":"KAUMUALII HWY"}},{"type":"Feature","id":3850,"geometry":{"type":"LineString","coordinates":[[-159.51382364818929,21.923342076390085],[-159.51374738299114,21.923343393351988]]},"properties":{"st_length(shape)":7.8780048716577893,"objectid":3850,"centerline":"RD-2147","fromleft":203101,"toleft":203103,"fromright":203100,"toright":203102,"fullname":"KAUMUALII HWY","onewaydir":" ","roadclass":"Local","munileft":"KAL","muniright":"KAL","zipleft":"96741","zipright":"96741","ownedby":" ","featuretyp":"2","externalro":"KAUMUALII HWY"}},{"type":"Feature","id":3861,"geometry":{"type":"LineString","coordinates":[[-159.36564594824051,21.980595291217629],[-159.36580168199944,21.980611523318569],[-159.36586813676581,21.980621164021951],[-159.36592900917412,21.980629280383937],[-159.36597517099059,21.9806363806265],[-159.3660471824071,21.980649217904912],[-159.36611163105781,21.98065920809972],[-159.36618974914177,21.980672905324749],[-159.36629628108136,21.980690155592061],[-159.36663869087457,21.980749507197093]]},"properties":{"st_length(shape)":103.93516369510871,"objectid":3861,"centerline":"RD-2208","fromleft":4433,"toleft":4465,"fromright":4432,"toright":4464,"fullname":"AHUKINI RD","onewaydir":" ","roadclass":"Local","munileft":"LIH","muniright":"LIH","zipleft":"96766","zipright":"96766","ownedby":"State","featuretyp":"2","externalro":"AHUKINI RD"}},{"type":"Feature","id":3922,"geometry":{"type":"LineString","coordinates":[[-159.52725773811812,21.925573033293915],[-159.52718011048142,21.925566430499689]]},"properties":{"st_length(shape)":8.0505022607864465,"objectid":3922,"centerline":"RD-3136","fromleft":202447,"toleft":202449,"fromright":202446,"toright":202448,"fullname":"KAUMUALII HWY","onewaydir":" ","roadclass":"Local","munileft":"KAL","muniright":"KAL","zipleft":"96741","zipright":"96741","ownedby":" ","featuretyp":"2","externalro":"KAUMUALII HWY"}},{"type":"Feature","id":3936,"geometry":{"type":"LineString","coordinates":[[-159.36663869087457,21.980749507197093],[-159.36676391962308,21.980769691340313],[-159.36762946403968,21.980919018692823]]},"properties":{"st_length(shape)":103.99146786951462,"objectid":3936,"centerline":"RD-1200","fromleft":4467,"toleft":4499,"fromright":4466,"toright":4500,"fullname":"AHUKINI RD","onewaydir":" ","roadclass":"Local","munileft":"LIH","muniright":"LIH","zipleft":"96766","zipright":"96766","ownedby":"State","featuretyp":"2","externalro":"AHUKINI RD"}},{"type":"Feature","id":3952,"geometry":{"type":"LineString","coordinates":[[-159.36581356565947,21.991423538725197],[-159.36597356901106,21.99155353715442]]},"properties":{"st_length(shape)":21.905711354323099,"objectid":3952,"centerline":"RD-4219","fromleft":0,"toleft":0,"fromright":0,"toright":0,"fullname":"MAALO RD","onewaydir":" ","roadclass":"Local","munileft":"KAA","muniright":"KAA","zipleft":"96766","zipright":"96766","ownedby":"State","featuretyp":"2","externalro":"MAALO RD"}},{"type":"Feature","id":4002,"geometry":{"type":"LineString","coordinates":[[-159.67245056384837,21.95667982555344],[-159.6724458053323,21.956795823825296],[-159.67244580286632,21.956879701530635],[-159.67244640164154,21.956921342057782],[-159.6724505656413,21.956966553648858],[-159.67247078776668,21.957102781033324],[-159.67248268689403,21.957185465380995],[-159.67249874936942,21.957279456101592],[-159.67251064473601,21.957334781400021],[-159.67251897505236,21.957374634930936],[-159.67252351961997,21.957396983105266],[-159.67252824515143,21.957413126778576],[-159.67253702777575,21.957433021086189],[-159.67254281283047,21.957444230477925],[-159.67255225991744,21.957458793714508],[-159.67256289138146,21.957473757734842],[-159.67258542140775,21.957501701199611],[-159.67261540237547,21.957538820865466],[-159.67263753287799,21.95756809036677],[-159.67266037315116,21.957600215367243],[-159.67268633972444,21.957633595957233],[-159.67271415224741,21.957669045033125],[-159.67275103168029,21.957717285478733]]},"properties":{"st_length(shape)":122.73384452916251,"objectid":4002,"centerline":"RD-1544","fromleft":0,"toleft":0,"fromright":0,"toright":0,"fullname":"KAUMUALII HWY","onewaydir":" ","roadclass":"Local","munileft":"WAM","muniright":"WAM","zipleft":"96796","zipright":"96796","ownedby":" ","featuretyp":"2","externalro":" "}},{"type":"Feature","id":4031,"geometry":{"type":"LineString","coordinates":[[-159.37988402665877,21.972345591527844],[-159.37975402227812,21.97239558812128]]},"properties":{"st_length(shape)":14.518117473488271,"objectid":4031,"centerline":"RD-2341","fromleft":302649,"toleft":302651,"fromright":302648,"toright":302650,"fullname":"KAUMUALII HWY","onewaydir":" ","roadclass":"Local","munileft":"LIH","muniright":"LIH","zipleft":"96766","zipright":"96766","ownedby":"State","featuretyp":"2","externalro":"KAUMUALII HWY"}},{"type":"Feature","id":4032,"geometry":{"type":"LineString","coordinates":[[-159.37620208455292,21.974055832697598],[-159.37357519321324,21.975532744079814],[-159.37327152426477,21.975697938765325],[-159.37315877997136,21.975761615171134]]},"properties":{"st_length(shape)":366.5637696314725,"objectid":4032,"centerline":"RD-1138","fromleft":302781,"toleft":302909,"fromright":302780,"toright":302908,"fullname":"KAUMUALII HWY","onewaydir":" ","roadclass":"Local","munileft":"LIH","muniright":"LIH","zipleft":"96766","zipright":"96766","ownedby":"State","featuretyp":"2","externalro":"KAUMUALII HWY"}},{"type":"Feature","id":4042,"geometry":{"type":"LineString","coordinates":[[-159.71116883099967,21.964523704364844],[-159.71105871264086,21.964403881312673],[-159.71092982565284,21.964258508783718],[-159.71073781225093,21.964045397031498],[-159.71064145573345,21.963937786039729],[-159.71060840442289,21.963904024977879],[-159.71054510081277,21.963836504272969],[-159.71047406408667,21.963761246765948],[-159.71038548478754,21.963671323262684]]},"properties":{"st_length(shape)":124.2939501067798,"objectid":4042,"centerline":"RD-3768","fromleft":8401,"toleft":8449,"fromright":8400,"toright":8448,"fullname":"KAUMUALII HWY","onewaydir":" ","roadclass":"Local","munileft":"KEK","muniright":"KEK","zipleft":"96752","zipright":"96752","ownedby":"State","featuretyp":"2","externalro":"KAUMUALII HWY"}},{"type":"Feature","id":4046,"geometry":{"type":"LineString","coordinates":[[-159.35123327109844,21.981493318689751],[-159.35162549557509,21.981433321136354],[-159.35227724848107,21.981294978139228],[-159.35292950738156,21.981158870217563],[-159.35358228195847,21.981024983792619],[-159.3542355654802,21.980893327003592],[-159.35459036591487,21.980819662647114],[-159.3554024609148,21.980643645748646],[-159.35578312747339,21.980566301798252],[-159.3560092821846,21.9805242935163],[-159.35622093714426,21.980488542947086],[-159.35642233618381,21.98045832811118],[-159.35661562604537,21.98043333449947],[-159.35687622504915,21.980400456299115],[-159.35699228424011,21.980387446332337],[-159.35710994887901,21.980377701458906],[-159.35721564283196,21.98037333818495],[-159.3572840737823,21.98037322807976],[-159.35735557387059,21.980375235265569],[-159.35743084930294,21.980379382593348],[-159.35751126216456,21.980385733945905],[-159.35766922887652,21.980402472133012],[-159.35799566173702,21.980443341537722],[-159.35816504709513,21.98046436016314],[-159.35833793881127,21.980487999082349],[-159.35851466926889,21.980514308151079],[-159.35869567743734,21.980543350542042],[-159.35888340861644,21.980577216888751],[-159.35929888473862,21.980642435588553],[-159.3594880626585,21.980670257632802],[-159.35964441840406,21.980696362561872],[-159.35981922644407,21.980723390864714],[-159.360526969181,21.980831249518271],[-159.36067219079885,21.980855125630804],[-159.36102046878977,21.980910242535515],[-159.36117640762166,21.980936367694422],[-159.36134222112071,21.980959494109779],[-159.36146657636405,21.980971932659006],[-159.36160128376534,21.980987485069527],[-159.36173970353906,21.980996339170421],[-159.36185599024364,21.981002774644541],[-159.36202137077515,21.9810055927679]]},"properties":{"st_length(shape)":1131.9421071649756,"objectid":4046,"centerline":"RD-3514","fromleft":3951,"toleft":4309,"fromright":3950,"toright":4308,"fullname":"AHUKINI RD","onewaydir":" ","roadclass":"Local","munileft":"LIH","muniright":"LIH","zipleft":"96766","zipright":"96766","ownedby":"State","featuretyp":"2","externalro":"AHUKINI RD"}},{"type":"Feature","id":4048,"geometry":{"type":"LineString","coordinates":[[-159.5886672951211,21.909233767781163],[-159.58856391774569,21.909246055663917],[-159.588483440902,21.909251521074012],[-159.587967214987,21.909273576295305]]},"properties":{"st_length(shape)":72.476165488990702,"objectid":4048,"centerline":"RD-4040","fromleft":103771,"toleft":103799,"fromright":103770,"toright":103798,"fullname":"KAUMUALII HWY","onewaydir":" ","roadclass":"Local","munileft":"HAP","muniright":"HAP","zipleft":"96716","zipright":"96716","ownedby":"State","featuretyp":"2","externalro":"KAUMUALII HWY"}},{"type":"Feature","id":4130,"geometry":{"type":"LineString","coordinates":[[-159.48460997587739,21.932240338199975],[-159.48449278347169,21.932587151319009],[-159.48441187735384,21.932822720676452],[-159.48437916143814,21.932917303417039],[-159.48434287281719,21.933022598834771],[-159.48430896579339,21.93311718506957],[-159.48427564907615,21.933209386281597],[-159.48425602016385,21.933261145301223],[-159.48419236892866,21.933414622268884],[-159.48408981527385,21.933650259731071]]},"properties":{"st_length(shape)":165.1283086942575,"objectid":4130,"centerline":"RD-2034","fromleft":204451,"toleft":204489,"fromright":204450,"toright":204488,"fullname":"KAUMUALII HWY","onewaydir":" ","roadclass":"Local","munileft":"OMA","muniright":"OMA","zipleft":"96756","zipright":"96756","ownedby":"State","featuretyp":"2","externalro":"KAUMUALII HWY"}},{"type":"Feature","id":4175,"geometry":{"type":"LineString","coordinates":[[-159.70836218865054,21.962104481490901],[-159.70819895476549,21.962012153137305],[-159.70803857847878,21.961924588629362],[-159.70788201283119,21.961840825349078],[-159.70780443818802,21.961797996534475],[-159.70773876549126,21.961764204706039],[-159.70767785006541,21.961733747619583],[-159.70760694292079,21.961699007125581],[-159.70755459548252,21.961673783575261],[-159.70739754901598,21.961600969424847],[-159.70730951062527,21.961561945436674],[-159.70717673437636,21.96150436013637],[-159.70703063633655,21.961442968188702],[-159.70692355693328,21.961399657967782],[-159.7068017302488,21.961351590541781],[-159.70666800240369,21.961300669765862],[-159.70648002367923,21.961233567277457],[-159.70614403890826,21.9611150654247]]},"properties":{"st_length(shape)":254.41113495688478,"objectid":4175,"centerline":"RD-3765","fromleft":8551,"toleft":8599,"fromright":8550,"toright":8598,"fullname":"KAUMUALII HWY","onewaydir":" ","roadclass":"Local","munileft":"KEK","muniright":"KEK","zipleft":"96752","zipright":"96752","ownedby":"State","featuretyp":"2","externalro":"KAUMUALII HWY"}},{"type":"Feature","id":4137,"geometry":{"type":"LineString","coordinates":[[-159.60739043489676,21.912763752823551],[-159.60672268529177,21.912724967897628],[-159.60632239034143,21.912702092561727],[-159.6061326249995,21.9126901898595],[-159.60594472205898,21.91267728269213],[-159.60577230645197,21.912659921293773],[-159.60558875618992,21.912635272980864],[-159.60547252274753,21.91261663570095],[-159.6053271748109,21.912590241104674],[-159.6051493080376,21.912553952376438],[-159.60503866075223,21.912528373968168],[-159.60495835513663,21.91250814515405],[-159.60486615124185,21.912484351745338],[-159.60479535943017,21.912464717563957],[-159.60468412099635,21.912431405017603],[-159.60459905548868,21.912404634619111],[-159.60445212190203,21.912355256391738],[-159.60438252171716,21.912330272960837],[-159.60430756860552,21.91230231158104],[-159.60415825560776,21.912244011421283],[-159.60407794853032,21.912211890328155],[-159.60398693311097,21.912173220694996],[-159.60388759028766,21.912129199843498],[-159.60376171901743,21.912070039936591],[-159.60362822888169,21.912002487915814],[-159.60346820666504,21.911913848570848],[-159.60332584627685,21.91183106447793],[-159.60325051489215,21.911784665888128],[-159.60319564133781,21.911749899812321],[-159.6031362707098,21.911710994424578],[-159.60305905891002,21.911658527069626],[-159.60275876611286,21.911450077746792],[-159.60250606615074,21.911272088898528],[-159.60229857939774,21.911127888666492],[-159.60214867052144,21.911022237323824],[-159.60206538711458,21.910965606111713],[-159.6019454613282,21.910881844290842],[-159.60178651528054,21.910769053333247],[-159.60152810054169,21.910589163130638],[-159.60149045961046,21.910563530384607],[-159.60132108820218,21.910444960785252],[-159.60107076568463,21.910274586811276],[-159.60055061285166,21.909906712002794],[-159.60031028572303,21.909739190418023],[-159.60002094347499,21.909535504906458],[-159.5999976179381,21.909519548647676],[-159.59957788483882,21.909221882246069],[-159.59941131894806,21.90910576042042],[-159.59917099083734,21.908940145154016],[-159.59907962032958,21.908877798708229],[-159.59896324799431,21.908800706174027],[-159.59884881327304,21.908725987946724],[-159.59870509221764,21.908640322719425],[-159.59864655773481,21.908606535060528],[-159.59852758566507,21.908540855674929],[-159.59844382437089,21.908497073795751],[-159.59836292382067,21.908460905524606],[-159.5982672690813,21.908417595028265],[-159.59810879618223,21.908350016286317],[-159.59802028120075,21.908311944887515],[-159.59792129463756,21.908271491198743],[-159.59782278184127,21.908233892377169],[-159.59771340010599,21.90819868099376],[-159.59761227524652,21.908165228343211],[-159.59751025797604,21.908133672461691],[-159.59739792760206,21.908104071038725]]},"properties":{"st_length(shape)":1180.3880238657548,"objectid":4137,"centerline":"RD-4068","fromleft":102903,"toleft":103349,"fromright":102902,"toright":103348,"fullname":"KAUMUALII HWY","onewaydir":" ","roadclass":"Local","munileft":"HAP","muniright":"HAP","zipleft":"96716","zipright":"96716","ownedby":"State","featuretyp":"2","externalro":"KAUMUALII HWY"}},{"type":"Feature","id":4147,"geometry":{"type":"LineString","coordinates":[[-159.44917958087814,21.962107784939722],[-159.44813089667218,21.962268045442485],[-159.44777456202772,21.962320280417217],[-159.44752884818342,21.962351989691733],[-159.44729357436012,21.962376110172258],[-159.44705567907906,21.962393551086077],[-159.44685460512389,21.962404548413698],[-159.44663566828757,21.962413549588888],[-159.44637985744987,21.962421161829937],[-159.44617565819891,21.962423545284103],[-159.44597408043526,21.9624211819139],[-159.44571564765229,21.96241354834844],[-159.44545618627978,21.962404037104893],[-159.44528563784093,21.962393543579271],[-159.44518158533708,21.962383744169212],[-159.44506578883593,21.962369986923623],[-159.44466562407851,21.962313538847013],[-159.4443369951332,21.962266962403909],[-159.44397245932603,21.962210973652745],[-159.44360295427234,21.962141240809622],[-159.44269695898211,21.961982013732754],[-159.4421974112413,21.961903490784795],[-159.44136502979231,21.961771475735929],[-159.44058276529751,21.961645000137075],[-159.43961539012233,21.961498763030832],[-159.43922549796306,21.961433499000666],[-159.43875100075709,21.96135407457589],[-159.43857263291412,21.961326128700829],[-159.43837941719758,21.961300503454094],[-159.4382054713401,21.961283488766423],[-159.43801462827739,21.961271030747831],[-159.43782546323814,21.961263487274898],[-159.4376329093036,21.9612609766546],[-159.4374254556314,21.96126348526472],[-159.43717725024175,21.961270883108426],[-159.43708709617542,21.961276266356926],[-159.43700544254918,21.961283486221664],[-159.43693089238957,21.961292419949999],[-159.43684910609409,21.961304403939824],[-159.4366254349207,21.961343482643397],[-159.43642415086396,21.961382256723471],[-159.43623542419164,21.961423483476871],[-159.43609731747841,21.961456987601132],[-159.43595948430161,21.961493189465326],[-159.43582211240644,21.96153204339987],[-159.43568541174804,21.961573481994328],[-159.43557944226256,21.961608010759278],[-159.43546297577021,21.961648520069026],[-159.43512539741243,21.961773482695506],[-159.43497061819588,21.961832496276656],[-159.43481376035629,21.961894993468604],[-159.43465448338691,21.961961114296759],[-159.43449233260228,21.962031034321463],[-159.43432703233,21.962104876228064],[-159.43415765885774,21.962183048998057],[-159.43398339294151,21.962265919774506],[-159.43380297249143,21.962354099892323],[-159.43349987457597,21.962506954055502],[-159.43316393342388,21.96268186691151],[-159.43284673607164,21.962850640486582],[-159.43211141654527,21.963245797396961],[-159.43175634666662,21.963433620945629],[-159.43143753921953,21.963597921312566],[-159.43114529943091,21.96374349162377],[-159.43063174801404,21.963997820080085],[-159.43049167507652,21.964065042055442],[-159.43036527742944,21.964123492691776],[-159.43017096568772,21.964209798098995],[-159.42997527049459,21.964295732875758]]},"properties":{"st_length(shape)":2073.1500312667645,"objectid":4147,"centerline":"RD-1710","fromleft":300101,"toleft":300699,"fromright":300100,"toright":300698,"fullname":"KAUMUALII HWY","onewaydir":" ","roadclass":"Local","munileft":"KOL","muniright":"KOL","zipleft":"96766","zipright":"96766","ownedby":"State","featuretyp":"2","externalro":"KAUMUALII HWY"}},{"type":"Feature","id":4209,"geometry":{"type":"LineString","coordinates":[[-159.5312760800046,21.925520545313866],[-159.53106902728027,21.925551956246856],[-159.53088624983158,21.925580515003592],[-159.53031721573706,21.925668327500013],[-159.53014943069317,21.925691170737423],[-159.53005242722864,21.925702680627701],[-159.52995594648988,21.925712588789722],[-159.52979173227874,21.925727581034245],[-159.52962466225864,21.925738287373758],[-159.52948794324962,21.925743981125343],[-159.52935121519982,21.925748280789314],[-159.52923780298707,21.925749193304412],[-159.52911803969661,21.925748994169869],[-159.52898716940192,21.925747208104269],[-159.52884082148896,21.925743606111826],[-159.52870995820342,21.925737686578543],[-159.5285570752128,21.925728763320734],[-159.5284767674982,21.925722216734062],[-159.52840181403113,21.925715076511018],[-159.5282763600089,21.925701160094622],[-159.527971786108,21.925665464111052],[-159.52750172132934,21.925608110978668],[-159.52725773811812,21.925573033293915]]},"properties":{"st_length(shape)":417.99272371558305,"objectid":4209,"centerline":"RD-2006","fromleft":202281,"toleft":202445,"fromright":202280,"toright":202444,"fullname":"KAUMUALII HWY","onewaydir":" ","roadclass":"Local","munileft":"KAL","muniright":"KAL","zipleft":"96741","zipright":"96741","ownedby":"State","featuretyp":"2","externalro":"KAUMUALII HWY"}},{"type":"Feature","id":4235,"geometry":{"type":"LineString","coordinates":[[-159.3415689805116,21.985442740905459],[-159.34198451117967,21.985054828013293],[-159.34213161732907,21.984918259015277],[-159.34233611038798,21.984718126531924],[-159.3425454661878,21.984522257851278]]},"properties":{"st_length(shape)":143.33370660190081,"objectid":4235,"centerline":"RD-5111","fromleft":3551,"toleft":3599,"fromright":3550,"toright":3598,"fullname":"AHUKINI RD","onewaydir":" ","roadclass":"Local","munileft":"LIH","muniright":"LIH","zipleft":"96766","zipright":"96766","ownedby":" ","featuretyp":"2","externalro":"AHUKINI RD"}},{"type":"Feature","id":4236,"geometry":{"type":"LineString","coordinates":[[-159.37315877997136,21.975761615171134],[-159.37312957226084,21.975776803436805],[-159.37311204726998,21.97578614876074],[-159.37309218459032,21.975796077601224],[-159.3730667157659,21.975807572203397],[-159.37303552063238,21.97582061205846],[-159.37299404591604,21.97583638650595],[-159.37294497225369,21.975855078267912],[-159.3728890280195,21.975874082856397],[-159.37284844852479,21.975888469348245],[-159.37280769526217,21.97590122731242],[-159.37273409020011,21.975922839549725],[-159.37269378299533,21.975933938650321],[-159.37264704664491,21.975945619700159],[-159.372615502511,21.975952632479377],[-159.37258162053351,21.975959057898624],[-159.37254890710048,21.975964891612321],[-159.37251151956312,21.975970155914602],[-159.37245717464518,21.975976993639499],[-159.3724040344743,21.975983008284707],[-159.37235145799229,21.975988263643288],[-159.37220367738161,21.975999265777418]]},"properties":{"st_length(shape)":102.98949394002001,"objectid":4236,"centerline":"RD-4250","fromleft":302911,"toleft":302941,"fromright":302910,"toright":302940,"fullname":"KAUMUALII HWY","onewaydir":" ","roadclass":"Local","munileft":"LIH","muniright":"LIH","zipleft":"96766","zipright":"96766","ownedby":"State","featuretyp":"2","externalro":"KAUMUALII HWY"}},{"type":"Feature","id":4256,"geometry":{"type":"LineString","coordinates":[[-159.37220367738161,21.975999265777418],[-159.37169718736448,21.976004034448195],[-159.3710224501952,21.976018902096701],[-159.37075912383423,21.976032520240857],[-159.37065269634093,21.976043165573596]]},"properties":{"st_length(shape)":160.2502500289259,"objectid":4256,"centerline":"RD-2355","fromleft":0,"toleft":0,"fromright":302942,"toright":302998,"fullname":"KAUMUALII HWY","onewaydir":" ","roadclass":"Local","munileft":"LIH","muniright":"LIH","zipleft":"96766","zipright":"96766","ownedby":"State","featuretyp":"2","externalro":"KAUMUALII HWY"}},{"type":"Feature","id":4281,"geometry":{"type":"LineString","coordinates":[[-159.6735382736199,21.958465381601926],[-159.6734678956318,21.958403818707449]]},"properties":{"st_length(shape)":9.962297022185183,"objectid":4281,"centerline":"RD-3755","fromleft":9497,"toleft":9499,"fromright":9496,"toright":9498,"fullname":"KAUMUALII HWY","onewaydir":" ","roadclass":"Local","munileft":"WAM","muniright":"WAM","zipleft":"96796","zipright":"96796","ownedby":"State","featuretyp":"2","externalro":"KAUMUALII HWY"}},{"type":"Feature","id":4292,"geometry":{"type":"LineString","coordinates":[[-159.69759060202537,21.961499897646881],[-159.69591598660679,21.961446582006328]]},"properties":{"st_length(shape)":173.01361371439938,"objectid":4292,"centerline":"RD-3762","fromleft":8851,"toleft":8885,"fromright":8850,"toright":8884,"fullname":"KAUMUALII HWY","onewaydir":" ","roadclass":"Local","munileft":"KEK","muniright":"KEK","zipleft":"96752","zipright":"96752","ownedby":"State","featuretyp":"2","externalro":"KAUMUALII HWY"}}]}