{"type": "FeatureCollection", "features": [{"type": "Feature", "geometry": {"type": "LineString", "coordinates": [[-159.77953778641358, 22.03728581864017], [-159.7798141164823, 22.037330614680787]]}, "properties": {"section_id": "S01+S02+S03+S04+S05", "route": 50, "mm_start": 32.9, "mm_end": 57.0, "description": "KAUMUALII HWY MISSLE RGE (N ENT) TO KEKAHA RD / KAUMUALII HWY KEKAHA RD TO LELE RD (HANAPEPE) / KAUMUALII HWY LELE TO KOLOA RD(NR LAWAI BR) / KAUMUALII HWY VIC KOLOA RD TO PUHI RD / KAUMUALII HWY PUHI RD TO RICE ST(LIHUE)", "charge_codes": ["58011", "58012", "58013", "58014", "58015", "58016", "58021", "58022", "58023", "58024", "58025", "58026", "58031", "58032", "58033", "58034", "58035", "58036", "58041", "58042", "58043", "58044", "58045", "58046", "58051", "58052", "58053", "58054", "58055", "58056"]}}, {"type": "Feature", "geometry": {"type": "LineString", "coordinates": [[-159.35403509588258, 21.957997789089983], [-159.3539376319224, 21.958090439118664], [-159.35385937017745, 21.958178746403377], [-159.35377706752442, 21.958300611928447], [-159.35370956997377, 21.958430209770746], [-159.3536699726798, 21.95853975328595], [-159.35364453941915, 21.95865349805015], [-159.35358853812255, 21.959233075327536], [-159.35356420157527, 21.959377968624633], [-159.35353282072512, 21.959494944249847], [-159.3534993973019, 21.959580227667956], [-159.353479411424, 21.959619106329058], [-159.35344447395462, 21.959687074784778], [-159.35312948788564, 21.960193678176243], [-159.35299669015203, 21.960423832613433], [-159.35292766888733, 21.960583822698446], [-159.35288756758104, 21.96075291339488], [-159.35287202176374, 21.96092779573255], [-159.35287541140278, 21.96110188119639], [-159.35295078630057, 21.962057110680664], [-159.35300367301213, 21.96283944934698], [-159.35303053137298, 21.963040575121948], [-159.3530741033123, 21.963268157675135], [-159.35311832860975, 21.96343594497802], [-159.35317655992387, 21.963598600371284], [-159.3532140672549, 21.963676490909553], [-159.35325148603755, 21.963754198228557], [-159.3533468789039, 21.963902909293807], [-159.3535993126887, 21.964232369403184], [-159.35375229626138, 21.964414161537377], [-159.3538571434455, 21.964520393466255], [-159.35397248211152, 21.964615314126142], [-159.35409977739607, 21.964696081702066], [-159.3542377970471, 21.964759471708202], [-159.35435417217718, 21.964796461666396], [-159.35447476992212, 21.964821619001075], [-159.35462783816803, 21.964837411455484], [-159.3547513270676, 21.964836028975526], [-159.35493487523027, 21.964810011477326], [-159.35532679130077, 21.964715152934126], [-159.35554121544317, 21.964675532491118], [-159.3557600351264, 21.96465825174451], [-159.3559484532973, 21.964667855460664], [-159.3561936264313, 21.964712522456384], [-159.35634304706386, 21.964755448152417], [-159.3564598794306, 21.964798085783677], [-159.3566818129876, 21.964906880438512], [-159.35678564782268, 21.964973227242332], [-159.35688283724943, 21.965047204487153], [-159.35701751523285, 21.96516998393257], [-159.357136216432, 21.96530754499003], [-159.3572350954444, 21.96545823552191], [-159.3573260331629, 21.96564479659643], [-159.3573790003406, 21.96578345994912], [-159.35742028289854, 21.96592556103666], [-159.35756301664833, 21.966651686422615], [-159.35757256027227, 21.966700234988664], [-159.35763773938987, 21.966954861671294], [-159.35769255617174, 21.967091904595627], [-159.35778285664594, 21.967276280406644], [-159.35789515874606, 21.967462403358088], [-159.35794937637553, 21.967552260422934], [-159.3579776383136, 21.96758560197769], [-159.35798861066465, 21.96759854523908], [-159.3579387232073, 21.96764235556103], [-159.35758071814172, 21.96795972709912], [-159.35626606778342, 21.969202974045924], [-159.35585506910854, 21.96960470691953], [-159.35558931186145, 21.969889480172704], [-159.35537039956975, 21.970170604676298], [-159.3550921296502, 21.970590790327396], [-159.35494750742362, 21.970848783423804], [-159.3547153522459, 21.971325873545652], [-159.35338941137934, 21.974256720776193], [-159.3531739990212, 21.97477349536021], [-159.3529600177536, 21.97535299199601], [-159.35279489320658, 21.975885547738752], [-159.35245803124164, 21.97707218466714], [-159.3522927791543, 21.97766568121516], [-159.3521444195648, 21.978234376948265], [-159.3518796948032, 21.979106343491946], [-159.3515864209431, 21.98012310557472], [-159.35138140999854, 21.98094985856582], [-159.35123223128073, 21.981649446409197], [-159.35116858644744, 21.981947912379255], [-159.35109613098112, 21.982217728794215]]}, "properties": {"section_id": "S06", "route": 51, "mm_start": 0.0, "mm_end": 2.0, "description": "KAPULE HWY RICE ST TO AHUKINI RD", "charge_codes": ["58111", "58112", "58113", "58114", "58115", "58116"]}}, {"type": "Feature", "geometry": {"type": "LineString", "coordinates": [[-159.35109613098112, 21.982217728794215], [-159.35106937037085, 21.982317382187066], [-159.35092674128123, 21.982736183494215], [-159.35076466844157, 21.9831495450164], [-159.35058035935847, 21.98355602715], [-159.35041453510917, 21.983875172291896], [-159.3502592632966, 21.984131320919122], [-159.35007467436552, 21.984403455182665], [-159.34989389365052, 21.98464360725085], [-159.34970225914265, 21.984874629436003], [-159.34909148458465, 21.98557926009176], [-159.3454902558948, 21.989671416439823], [-159.34514145544216, 21.990084133684807], [-159.3449986756652, 21.990275395362108], [-159.34486473131443, 21.990472318307873], [-159.34472233172153, 21.99069896421263], [-159.34458957423035, 21.99093077913439], [-159.34446705196356, 21.99116785851912], [-159.34436786629362, 21.99138222407973], [-159.34428862340084, 21.991572856666327], [-159.34418674243145, 21.991848769598434], [-159.34405583701613, 21.992298672920345], [-159.343971603195, 21.992699038104014], [-159.34391077181562, 21.99316176058965], [-159.34388608262879, 21.99359868526874], [-159.3438956090795, 21.994035908610527], [-159.34393814258834, 21.994471061594897], [-159.34401487533037, 21.99490146207359], [-159.34411713517864, 21.995297725555215], [-159.34420581196315, 21.995576840575854], [-159.34430846516793, 21.995851869729254], [-159.34442566938506, 21.996122431431797], [-159.34455601376632, 21.99638675334546], [-159.3453659541976, 21.997839885902753], [-159.34621862421133, 21.999341881510944], [-159.34637252098392, 21.999632464018298], [-159.34648636428977, 21.99987409290439], [-159.34652867712543, 21.999976255742]]}, "properties": {"section_id": "S07", "route": 51, "mm_start": 2.0, "mm_end": 3.4, "description": "KAPULE HWY AHUKINI RD TO KUHIO HWY 1.5 MI", "charge_codes": ["58131", "58132", "58133", "58134", "58135", "58136"]}}, {"type": "Feature", "geometry": {"type": "LineString", "coordinates": [[-159.37067496987626, 21.976132776844], [-159.37050927768422, 21.97615589426062], [-159.37030140805186, 21.976204868417916], [-159.37012806293777, 21.97625986634257], [-159.3699309334478, 21.976340387630465], [-159.36971302127563, 21.97645020454968], [-159.36947748358781, 21.976590300088485], [-159.36922439961623, 21.976755057271454], [-159.36915118101842, 21.976813395725213], [-159.36906261317296, 21.9768839642724], [-159.36895412288877, 21.976988779299006], [-159.36892940048818, 21.977016459526848], [-159.36887566252918, 21.977076626012657], [-159.36880601733156, 21.977170014494796], [-159.36874638508837, 21.97726991146277], [-159.36857907160126, 21.97764273725785], [-159.3683557515655, 21.97824974333574], [-159.36764223350932, 21.98102912640666], [-159.3674163644069, 21.98190893841454], [-159.3671831087597, 21.982717686216226], [-159.36715619034405, 21.982811017224066], [-159.36667027381642, 21.9846528342958], [-159.36648427055738, 21.985390563042298], [-159.3663067894187, 21.986131505939426], [-159.36623276257447, 21.986475544896535], [-159.36621015434918, 21.98661940390527], [-159.3661967366723, 21.98679332620895], [-159.366193643024, 21.986996965968963], [-159.36620267244743, 21.987405928962385], [-159.3661865119898, 21.987610682003304], [-159.36613805437295, 21.987811773173593], [-159.365988272389, 21.98819566841695], [-159.36594238306407, 21.98833432937627], [-159.36590752565274, 21.98850526115716], [-159.36589777080317, 21.98867944175052], [-159.3659138599861, 21.988882308700507], [-159.36595206443542, 21.989052913096796], [-159.36601104390385, 21.989218603376635], [-159.36618042317684, 21.989625014911535], [-159.36623404965232, 21.98979809998972], [-159.3662506397159, 21.98992563203352], [-159.3662646189487, 21.990033091751187], [-159.3662601699209, 21.990299288953494], [-159.36623784792587, 21.990474856360606], [-159.36619387782804, 21.99070587852246], [-159.36614333479636, 21.990906309350464], [-159.36610537504941, 21.991019790790972], [-159.36604471528938, 21.99115559548527], [-159.36598428243448, 21.99126018293614], [-159.36591378452758, 21.9913591327345], [-159.3658455811944, 21.9914383425467], [-159.36581382699572, 21.99147522148516], [-159.36572546309216, 21.99155997365894], [-159.36560687835794, 21.99165517009811], [-159.36548039512337, 21.991740787662323], [-159.3653740968378, 21.99180171331092], [-159.36523431707036, 21.991867084297297], [-159.3651174709822, 21.991909421405257], [-159.36499794242306, 21.991943050677552], [-159.3648441171378, 21.991973337505733], [-159.36465733821353, 21.99199249473113], [-159.3644383967458, 21.99199088976607], [-159.36428280332728, 21.99197411415632], [-159.36382383777243, 21.991893681697317], [-159.3636993611667, 21.991876586268006], [-159.36360968279303, 21.991864270539555], [-159.3633629162722, 21.991848777524975], [-159.3631150697371, 21.99185234469145], [-159.36271351700745, 21.9918836646033], [-159.3622837962758, 21.991942027112138], [-159.36182702456375, 21.99202680977256], [-159.36140518276187, 21.99212843573927], [-159.36065388306739, 21.99235309176192], [-159.3588391196747, 21.992895731240335], [-159.35809610519144, 21.99313083926212], [-159.35768430045547, 21.993261142568524], [-159.35742042690873, 21.993355805144752], [-159.35690214337532, 21.993559089251768], [-159.35512050853637, 21.994282906429895], [-159.35481098506617, 21.994422367008838], [-159.35456552970035, 21.994550409031934], [-159.35430076199586, 21.994704618221625], [-159.35401862021922, 21.994888511930213], [-159.3538229266634, 21.99503203619858], [-159.3532288325343, 21.995541159176657], [-159.35306103613448, 21.995684954935513], [-159.35113210429057, 21.997309199685176], [-159.3507021622285, 21.997692520589677], [-159.35040358893718, 21.99799144636096], [-159.35006791055537, 21.99837608199348], [-159.34979649166695, 21.998733271483918], [-159.34929399007123, 21.999474256393764], [-159.34917086826974, 21.999644607377622], [-159.34899278067525, 21.999851507547795], [-159.34880934539873, 22.00001187523698], [-159.3486614862032, 22.000121437775125], [-159.34853027620522, 22.000203993364284], [-159.3483897918617, 22.000273853470382], [-159.34824364338493, 22.000329236038695], [-159.3478198338141, 22.000446964335556], [-159.3468747608644, 22.000668760448917], [-159.3468488137814, 22.000675521595813], [-159.34679991613834, 22.000689868710136], [-159.34680026113497, 22.000691506829327], [-159.346811296045, 22.000743867929675], [-159.346896495351, 22.00117609895187], [-159.34692937819833, 22.00140714498958], [-159.34694580881177, 22.001522587619437], [-159.34696754299415, 22.001756050447863], [-159.34697796675795, 22.001989600437653], [-159.34697918233564, 22.002253100116597], [-159.3469649513195, 22.002545650202464], [-159.34693845411655, 22.00280788404526], [-159.34689624021962, 22.003096931023766], [-159.34684703076707, 22.003356251389018], [-159.3467482782237, 22.00378411015383], [-159.34601862923196, 22.006829250299738], [-159.34576138062994, 22.007942698715894], [-159.34550270912501, 22.00923299333885], [-159.34514011290577, 22.011277284540878], [-159.34504222385786, 22.011735500387164], [-159.344876487201, 22.012419899581833], [-159.344010854529, 22.015859631409104], [-159.3438874306638, 22.016312706078313], [-159.34378111306236, 22.01664977337494], [-159.34364805181795, 22.017009109623388], [-159.34351856071913, 22.0173075163933], [-159.34215726225733, 22.020101331573215], [-159.3420463235261, 22.020342204196265], [-159.34194887042955, 22.020588542440187], [-159.34186756620701, 22.020839777024058], [-159.34178519576534, 22.021150742198355], [-159.34172056865287, 22.021465607530256], [-159.3416765607844, 22.021812660159796], [-159.34165902405735, 22.022191248260587], [-159.34166801971622, 22.02251167611174], [-159.34170135266336, 22.022830246319188], [-159.34175162775213, 22.023117731659013], [-159.341833633292, 22.023488511429733], [-159.34224130986104, 22.025199930561705], [-159.34255150469986, 22.026451950242066], [-159.3425902679729, 22.026712557435502], [-159.34260757671026, 22.026945850534798], [-159.34260740394424, 22.027208787784264], [-159.34259016264167, 22.027471271049617], [-159.34256142078138, 22.027703635007057], [-159.3425058783973, 22.028050205783227], [-159.3416821604467, 22.03286309294227], [-159.34147638396072, 22.03422076214913], [-159.34122302615052, 22.035718588735087], [-159.34113167965907, 22.036207871369488], [-159.34107160019073, 22.036464899023336], [-159.34097826345575, 22.036804542402063], [-159.34069862083234, 22.03770119336088], [-159.3401967632097, 22.039389586081516], [-159.34010486692293, 22.03966939732605], [-159.34000544874343, 22.03991605520125], [-159.33985986928914, 22.040207405363958], [-159.33966899631542, 22.04051091660045], [-159.33848162313507, 22.042196459035235], [-159.3379930689259, 22.042877200657532], [-159.3377196421708, 22.043269244604424], [-159.3375381240369, 22.04354545826617], [-159.33738060732603, 22.04376235024638], [-159.33728708291102, 22.04380804379512], [-159.33717076236016, 22.043904313665536], [-159.33701832283694, 22.044005453258485], [-159.33689198252276, 22.044092283627176], [-159.33675405271046, 22.044211443867074], [-159.3366571224878, 22.044326803852023], [-159.33659803201954, 22.044430683676545], [-159.33653471288684, 22.04459584351171], [-159.33647717425762, 22.044793396952596], [-159.33647708294222, 22.044793713344454], [-159.33639673291202, 22.045076613774746], [-159.33631378204439, 22.04535850403409], [-159.3362297822936, 22.045640393688707], [-159.33616293273187, 22.045865843585307], [-159.33611263272354, 22.046035284115025], [-159.3360701528304, 22.04617624387805], [-159.33602589229181, 22.04631624421536], [-159.3359763824321, 22.04645394340663], [-159.33585815219774, 22.046724124027396], [-159.33585452313696, 22.04683261749835], [-159.33567883603735, 22.047236293443966], [-159.3354584563536, 22.047742654547676], [-159.334175743605, 22.050755712195812], [-159.33402411303072, 22.051138959171773], [-159.33383046721278, 22.05154058092136], [-159.33371406655888, 22.051748082743355], [-159.33360391121644, 22.05192563807687], [-159.33346744740302, 22.05212264739896], [-159.33332217968362, 22.05231434062351], [-159.33295431686054, 22.052752704718888], [-159.33269691376674, 22.053011068919226], [-159.33243957307306, 22.053228523023357], [-159.33209731389042, 22.05348501862665], [-159.3317084857354, 22.053734423739854], [-159.33088088003333, 22.05420909289743], [-159.3303275699361, 22.05453965521387], [-159.32821294581817, 22.0557382141539], [-159.32748139291002, 22.05613911191813], [-159.32587689508708, 22.057053606960192], [-159.32514774485676, 22.0574519364609], [-159.3248835982152, 22.057605688030073], [-159.32473296133355, 22.05770815609399], [-159.32452289307793, 22.05787978817224], [-159.32423863112822, 22.05814897497243], [-159.323843440576, 22.058561720588198], [-159.32347470405554, 22.058960169335222], [-159.32244275883383, 22.060023670778463], [-159.32201188946345, 22.060408149500475], [-159.32115343921242, 22.061136424245056], [-159.32088555004736, 22.061376970209157], [-159.32074374720793, 22.061530929629935], [-159.32072265614772, 22.06155576045043], [-159.32043253274512, 22.061897329422035], [-159.32025790498494, 22.062137890475864], [-159.32012851861123, 22.062336361027786], [-159.32002840191893, 22.062516254626196], [-159.319957971149, 22.062675981360265], [-159.31989359841256, 22.06287000976221], [-159.31943250374056, 22.064567917005366], [-159.31934680197733, 22.064996392306266], [-159.31930387546285, 22.065372523719233], [-159.3192906959557, 22.065662563429814], [-159.3192971359851, 22.066011872928474], [-159.31953207381292, 22.071119937614238], [-159.31953282500075, 22.071325149555033], [-159.31952411386848, 22.071500486088375], [-159.3194726707425, 22.07196704371902], [-159.31933394982067, 22.07287024550089], [-159.31925040236627, 22.073414218075133], [-159.3192120757896, 22.07361786016251], [-159.31916975000416, 22.07378921572712], [-159.31910269355228, 22.07398468803042], [-159.31850546320203, 22.075522515016488], [-159.31840058705689, 22.07582754292254], [-159.31832912656523, 22.07599425978402], [-159.31828434201992, 22.076073952504007], [-159.31823152966777, 22.076148027893016], [-159.3180848948752, 22.07630328803316], [-159.3179657340435, 22.076400192146206], [-159.3175371316384, 22.076694442599685], [-159.31737052388087, 22.07682453314218], [-159.31717166125182, 22.07700767995199], [-159.3167291825461, 22.077462367000127], [-159.3165496905251, 22.077629675311062], [-159.31635183994942, 22.077780321591423], [-159.31580791219372, 22.078125555669395], [-159.31555741986182, 22.078299566170838], [-159.3153216585803, 22.07848970768975], [-159.31519678419372, 22.078618265543305], [-159.31503583789328, 22.078832361660925], [-159.31271539604862, 22.082159738401785], [-159.31253350342186, 22.082399938991934], [-159.3125221781781, 22.082412110974282], [-159.31220415770886, 22.082753930723086], [-159.31152680791607, 22.08344062390015], [-159.31119036778074, 22.08374522892982], [-159.31055042566217, 22.084302887440405], [-159.31032922778633, 22.084508944321037], [-159.3100388838935, 22.084814147013738], [-159.30980958965918, 22.085091019163766], [-159.30956781513441, 22.085430706261235], [-159.3094425686323, 22.085632119073658], [-159.30934068808457, 22.08581288739424], [-159.3091709705249, 22.08615702249896], [-159.30873583417969, 22.087125813240043], [-159.30861035960606, 22.08736088520768], [-159.30848404560444, 22.087563151224714], [-159.308291377912, 22.087829285223822], [-159.30809621330894, 22.088058324936554], [-159.30792698592148, 22.08823056251788], [-159.30731750963605, 22.088816788168444], [-159.30719459842362, 22.088947112375557], [-159.30712015416748, 22.08903909299733], [-159.30703565577033, 22.089161792180317], [-159.30697717243277, 22.089263663407973], [-159.30691489987032, 22.089395686729198], [-159.3068376788573, 22.089614623478862], [-159.30678929839536, 22.089840839270824], [-159.30676937046914, 22.090070565715738], [-159.3067780998212, 22.090301588112972], [-159.3068017956603, 22.09044460477324], [-159.30684490421578, 22.090613806358597], [-159.30720670754528, 22.09179328073254], [-159.30737768116694, 22.092386314324706], [-159.30737989581934, 22.092395503537304], [-159.3074258410838, 22.092586126402384], [-159.30745518360257, 22.09278899946517], [-159.30746204620132, 22.093024040122785], [-159.30744317959622, 22.093286473498605], [-159.3074017222844, 22.09354838289531], [-159.3073615257358, 22.093687355580517]]}, "properties": {"section_id": "S08", "route": 56, "mm_start": 0.0, "mm_end": 9.9, "description": "KUHIO HWY RICE ST(LIHUE) TO MAILIHUNA RD", "charge_codes": ["58151", "58152", "58153", "58154", "58155", "58156"]}}, {"type": "Feature", "geometry": {"type": "LineString", "coordinates": [[-159.3073615257358, 22.093687355580517], [-159.3073445095633, 22.09374618600001], [-159.30712262932414, 22.09437835668856], [-159.30619412081572, 22.09702375113048], [-159.30591338097798, 22.097765704791566], [-159.30558917483646, 22.098680684990235], [-159.30512133874976, 22.100067970164726], [-159.3039726864178, 22.103348734713855], [-159.30326043226356, 22.105382988216427], [-159.30299674483788, 22.1061630929989], [-159.3028358934602, 22.106697243255898], [-159.30265942725006, 22.107408828148632], [-159.30245227697696, 22.108383330570952], [-159.30172425933225, 22.111931629907406], [-159.30139372910082, 22.11350698749333], [-159.30099852163923, 22.115457965325398], [-159.3006371798121, 22.117178353641016], [-159.30056803078494, 22.117551994314397], [-159.3004966843473, 22.1180148640159], [-159.30045228065154, 22.11839221646128], [-159.30042533896136, 22.118741560094495], [-159.30040787514346, 22.119150015171662], [-159.30040575815727, 22.119558956051737], [-159.30041805656515, 22.119879715052786], [-159.3004466428083, 22.12025781939579], [-159.3004844198359, 22.120634864240017], [-159.3005305009215, 22.120952490247348], [-159.30068044077632, 22.12172514574304], [-159.30198880381508, 22.12756889507335], [-159.30356297512836, 22.134515806125613], [-159.30365769229516, 22.134884241348598], [-159.30377997411867, 22.13527627344792], [-159.30389652097548, 22.13560827216816], [-159.30401876107967, 22.135908861381296], [-159.30411720219374, 22.136123725656095], [-159.30423831720233, 22.136361018675846], [-159.30452382310617, 22.13684730623765], [-159.30480172964403, 22.137270197331432], [-159.30517845603487, 22.137771965229714], [-159.3053513081542, 22.137979068163457], [-159.3055325572186, 22.138180120256283], [-159.30595946225998, 22.13860766026444], [-159.3063863436361, 22.138993926760115], [-159.30674184798644, 22.139279479770106], [-159.30706683911203, 22.13950827075318], [-159.30742847826363, 22.139739984202844], [-159.30777680659975, 22.139935831297766], [-159.3081077357939, 22.140103140356658], [-159.30903961147902, 22.140523705522337], [-159.31176030953515, 22.14170521120825], [-159.3124827702119, 22.142018940767194], [-159.3129629357154, 22.14223624167726], [-159.3132098072683, 22.142364602728644], [-159.3134208491403, 22.14249187041284], [-159.31362258886168, 22.14263244065473], [-159.31378823391267, 22.142767046039893], [-159.3139435626181, 22.142911993706075], [-159.31413010868434, 22.143109150941633], [-159.31428365615628, 22.14329494491988], [-159.3144212030476, 22.143491280097066], [-159.31454245416745, 22.143695817195773], [-159.3146612812834, 22.143934859096436], [-159.31486961303355, 22.144392987294435], [-159.31557173928877, 22.14598627214349], [-159.31563398805, 22.146151335915683], [-159.31567731554242, 22.146291623545483], [-159.3157095966965, 22.146434261581035], [-159.3157308911042, 22.146578589505868], [-159.31574423503744, 22.146752830043923], [-159.31574567259216, 22.146928229232618], [-159.31573295614461, 22.147102788516694], [-159.31570736047732, 22.14727587573534], [-159.31510216482974, 22.150251483203753], [-159.31499295914884, 22.150852882723715], [-159.3149459576713, 22.15122889532996], [-159.3149143253641, 22.151605207085844], [-159.31489873197958, 22.15201253694555], [-159.31490100913436, 22.15230330877091], [-159.31492295110132, 22.15262223957709], [-159.31497268639535, 22.152997322697246], [-159.31506629013475, 22.153485131451568], [-159.3151831725928, 22.153999087375546], [-159.31577919105348, 22.156449956741703], [-159.3159381718367, 22.15701447843848], [-159.31616825942444, 22.157711892983734], [-159.31632369624992, 22.15812447778646], [-159.31649660068368, 22.158531144476573], [-159.31673593496018, 22.159038110756295], [-159.31692410941574, 22.159406210588784], [-159.31715406633148, 22.15982112141265], [-159.31740013629542, 22.160227408905275], [-159.31767588100323, 22.16064958190058], [-159.31794993215163, 22.161039017427605], [-159.31835197493922, 22.161559878294693], [-159.31858391883242, 22.161843591717204]]}, "properties": {"section_id": "S09", "route": 56, "mm_start": 9.9, "mm_end": 15.1, "description": "KUHIO HWY MAILIHUNA RD TO ANAHOLA RD", "charge_codes": ["58161", "58162", "58163", "58164", "58165", "58166"]}}, {"type": "Feature", "geometry": {"type": "LineString", "coordinates": [[-159.31858391883242, 22.161843591717204], [-159.31881059178116, 22.16212085628617], [-159.32476161128974, 22.16939959667174], [-159.32494508931282, 22.169636419633836], [-159.32513583390067, 22.16990492373505], [-159.32529508844908, 22.17015635422659], [-159.32541136237484, 22.170363581630575], [-159.32554290088166, 22.17062859510481], [-159.32564864010686, 22.170872533352288], [-159.3257413343985, 22.171120928900176], [-159.3258288286915, 22.171401564548994], [-159.32590044672773, 22.171685834748835], [-159.32595038077318, 22.171944067225343], [-159.32599385233527, 22.172262120387476], [-159.32601300678863, 22.172494625145966], [-159.3260190440203, 22.172727770462483], [-159.32601337695073, 22.173019081043368], [-159.32600074258835, 22.17322330704452], [-159.32597298277508, 22.173484874898545], [-159.32592271112807, 22.173803391918163], [-159.32573006552377, 22.17469030544905], [-159.32569061898747, 22.17494907426631], [-159.32567566969468, 22.175268277646797], [-159.32568316767714, 22.17544219402539], [-159.32569920513757, 22.175586092334974], [-159.32573096795323, 22.17575774500856], [-159.32578351096626, 22.175954698160623], [-159.3258487308681, 22.176148691614113], [-159.32593013174693, 22.176336971025016], [-159.32602674446608, 22.176519462419815], [-159.32611936335886, 22.17667014666694], [-159.3262405458957, 22.17683851969098], [-159.32637501646516, 22.176997982613287], [-159.3265898829147, 22.177207618742305], [-159.32682611052084, 22.177396794297675], [-159.32705642799624, 22.177545474423617], [-159.32732825253547, 22.177686348362762], [-159.33080483776268, 22.17913278040209], [-159.33350085133515, 22.18025438405133], [-159.33387564157638, 22.180402452361147], [-159.33416758173766, 22.18050837325826], [-159.33449366783123, 22.18061261363294], [-159.3348232967972, 22.180704932594125], [-159.33515682371896, 22.180785795558794], [-159.3354935676306, 22.180855637550472], [-159.33586374103209, 22.180917050544764], [-159.33617423489986, 22.180957119532607], [-159.33654817829137, 22.18099121534291], [-159.33692347368185, 22.181011316146133], [-159.33726806287842, 22.1810154402253], [-159.33758165922305, 22.18100870627578], [-159.33792521634763, 22.18098931222776], [-159.33829908162252, 22.18095248256799], [-159.338640175541, 22.180907956122716], [-159.3389786014161, 22.180849970766637], [-159.33931465324937, 22.180779813286073], [-159.3397989307207, 22.180660203361388], [-159.34590168305627, 22.179075300470753], [-159.34698691966813, 22.17879998005317], [-159.3475061452988, 22.17869254143053], [-159.34800019609384, 22.178615234459713], [-159.34856063309252, 22.17855397068238], [-159.34906044635574, 22.178522942388838], [-159.34946803093857, 22.178515590386606], [-159.3498441406062, 22.178521864442843], [-159.3502815153488, 22.178546417754955], [-159.35065643608593, 22.178580535141897], [-159.35106006136328, 22.178630294064135], [-159.3514309187908, 22.17868884973483], [-159.3519206202226, 22.178788634122107], [-159.35228453228694, 22.178878363765048], [-159.35273489188236, 22.179006664218218], [-159.3530905961678, 22.179121765329004], [-159.35346979093472, 22.179262945357653], [-159.35392644034218, 22.179454375509227], [-159.35429137655197, 22.179623744310906], [-159.35464910465612, 22.17980747615704], [-159.3550523211672, 22.180033969261782], [-159.35539095642642, 22.180246193494273], [-159.35584488835687, 22.18056038592079], [-159.35620969919586, 22.18083925015571], [-159.35901275453173, 22.18312563155797], [-159.35928982825288, 22.18336114326436], [-159.35948967114138, 22.18354655479154], [-159.3596788853678, 22.183742065411252], [-159.35989670751573, 22.183992039648196], [-159.3600825744608, 22.18422795827229], [-159.36023531877416, 22.18444934154957], [-159.36039323555573, 22.184702183085665], [-159.36053734148356, 22.1849626627463], [-159.36066595722258, 22.185229589056327], [-159.36077814853076, 22.18550295599061], [-159.3608654993787, 22.185752839160912], [-159.3609402134786, 22.186006827419426], [-159.3609953719603, 22.186235154765868], [-159.36104439745338, 22.186493667303896], [-159.3610813185315, 22.18675437215095], [-159.36110832514845, 22.187045210955073], [-159.36111708710536, 22.187279551253567], [-159.3611124589874, 22.187542230893847], [-159.36108897834475, 22.187863261952035], [-159.36086233151954, 22.190014216288613], [-159.36020869694525, 22.1960892051104], [-159.36017830043778, 22.19649675190889], [-159.36017343137786, 22.196875255927907], [-159.3601937982718, 22.197195549928676], [-159.36024438310452, 22.19757143510047], [-159.36030720457072, 22.197886495568618], [-159.36039696818682, 22.198226721723987], [-159.36049948908922, 22.1985329337387], [-159.3606221915847, 22.19883279148247], [-159.36076307764154, 22.19912567326416], [-159.3609369060046, 22.19943542828089], [-159.36111622174266, 22.199708929253923], [-159.36131428223962, 22.19997212013002], [-159.36156843314163, 22.200268054501723], [-159.36181850291197, 22.200528477692906], [-159.3620261937399, 22.20071941407752], [-159.36206386435765, 22.200754045199968], [-159.36232346999387, 22.20096508251816], [-159.36259596544366, 22.201161204125395], [-159.3629067325844, 22.201357379096994], [-159.36323155428178, 22.201533930511815], [-159.36356421401126, 22.20169513812422], [-159.36376310805454, 22.20178005639079], [-159.36399545421352, 22.201866378533822], [-159.36476585716937, 22.202112584016486], [-159.36854846654327, 22.203282570678432], [-159.36884670321038, 22.203371441503247], [-159.3691178263519, 22.203442311154394], [-159.36936073402904, 22.2034964145352], [-159.36960581315884, 22.203541262496568], [-159.3698528621671, 22.20357621676874], [-159.37010123790307, 22.203600214575843], [-159.37047584273714, 22.203618587419037], [-159.3715388634531, 22.203636715246347], [-159.37178853742847, 22.203633738600487], [-159.372068233689, 22.203615412512182], [-159.3723462559173, 22.203580746894577], [-159.37259159275794, 22.203535368762854], [-159.37298544243225, 22.203440427247568], [-159.3747624489323, 22.202964347532426], [-159.3752203320728, 22.202859437579338], [-159.3756825622213, 22.20277108052831], [-159.37709788565544, 22.202530785607816], [-159.3778405449286, 22.20241834976297], [-159.3784634228285, 22.202350111488048], [-159.37912075124333, 22.202306685272767], [-159.37965316344133, 22.202294104099444], [-159.38021688001115, 22.202319438712177], [-159.38071685956805, 22.202365868918232], [-159.38130527654855, 22.202450334079902], [-159.3817664993665, 22.202537155181485], [-159.38216317941783, 22.20262786030553], [-159.38412246887071, 22.20315096442322], [-159.3846061077615, 22.203271718415674], [-159.38497371925402, 22.203342410412436], [-159.3854388889002, 22.203400442310546], [-159.38572003604588, 22.20341873657528], [-159.38600142025743, 22.203421874025103], [-159.38763408687132, 22.20336208255729], [-159.38860816792558, 22.203357291527418], [-159.39136428961226, 22.2034110176178], [-159.39155118815216, 22.203404424110243], [-159.3917684732159, 22.20338554124263], [-159.39198502487258, 22.203357610302216], [-159.3921994845463, 22.203319476381633], [-159.3938731022188, 22.202928288787852], [-159.3950929807443, 22.20265302653279], [-159.39610071405795, 22.202432143180985], [-159.39802819818254, 22.202026966282443], [-159.39891309247545, 22.201825685459035], [-159.40014324807703, 22.201587627310598], [-159.4006082729457, 22.201524250973687], [-159.40088981218906, 22.201503717178408], [-159.40123486107908, 22.201495280381994], [-159.40157871757785, 22.201505939546745], [-159.4018903504394, 22.20153195613562], [-159.4028497498144, 22.201664687049742], [-159.40421283564663, 22.201864560911392], [-159.40473850940793, 22.201951311269283], [-159.40529185976305, 22.202059774252586], [-159.40586944002303, 22.20219804104784], [-159.40810792367768, 22.202770904339026], [-159.40834838011529, 22.202837755158086], [-159.40855590867682, 22.2029046999903], [-159.4087308087953, 22.202969288141354], [-159.40893053009015, 22.203053740450464], [-159.40929067190135, 22.203232344644036], [-159.40960850940675, 22.203420630685645], [-159.4099310639415, 22.20365342192685], [-159.41009588223284, 22.203788683937262], [-159.4102765990126, 22.203950975717277], [-159.41044804805932, 22.204121914676065], [-159.4105893633811, 22.2042786626716], [-159.41074029046894, 22.204465729372554], [-159.4108808085882, 22.204660011589507], [-159.41101094278886, 22.204860123443666], [-159.4111146168993, 22.205040986938137], [-159.41124589231814, 22.205307234889577], [-159.41136969487786, 22.205607760993857], [-159.41167198118706, 22.206500175717395], [-159.4119858477966, 22.2073872763413], [-159.41209242711042, 22.207659926163156], [-159.4121078878352, 22.207694037092203], [-159.41222586921964, 22.207954329917516], [-159.41236171300102, 22.208215475393807], [-159.41251279454295, 22.20846905847354], [-159.4126773161658, 22.208716092788226], [-159.4129284466877, 22.209048667703414], [-159.41318547723122, 22.20934013260576], [-159.4158203720531, 22.211968260639694], [-159.41606100939313, 22.212197559716053], [-159.4163124106183, 22.212416779481085], [-159.41654936056608, 22.21260823138879], [-159.41681942023678, 22.21280753375839], [-159.4170742491966, 22.212978352946823], [-159.41741459207003, 22.213188111908796], [-159.41765695537927, 22.213323034179048], [-159.41798859764864, 22.213487839482806], [-159.4182709033999, 22.213614772319854], [-159.41858760678124, 22.213740473375935], [-159.41893962440395, 22.21386351901681], [-159.41926685474388, 22.213962336699012], [-159.41959890975042, 22.214046858275484], [-159.4199033998983, 22.214112561672305], [-159.42024239511844, 22.214170479207148], [-159.42058394027123, 22.214214681014106], [-159.42108316738566, 22.21425172028412], [-159.42139565251358, 22.214261237554407], [-159.42164555608153, 22.21426035995483], [-159.42195880939238, 22.21424706833243], [-159.422239102324, 22.21422591788891], [-159.42251835784074, 22.214195325351824], [-159.42276597092638, 22.214158961304552], [-159.42331762455999, 22.21404988999201], [-159.423528854115, 22.21399638676803], [-159.42376671690448, 22.213924252357103], [-159.42380694887876, 22.213910247354335]]}, "properties": {"section_id": "S10", "route": 56, "mm_start": 15.1, "mm_end": 24.3, "description": "KUHIO HWY ANAHOLA RD TO KOLO RD(KILAUEA)", "charge_codes": ["58171", "58172", "58173", "58174", "58175", "58176"]}}, {"type": "Feature", "geometry": {"type": "LineString", "coordinates": [[-159.42380694887876, 22.213910247354335], [-159.42400015974516, 22.213842989262382], [-159.42422977091408, 22.213752068375246], [-159.4244538816566, 22.213648617589552], [-159.42464459644663, 22.213549334360188], [-159.42490986714304, 22.21339602718742], [-159.42516820339128, 22.213232225560734], [-159.4254179416953, 22.213057125304243], [-159.42563265037865, 22.212888223364576], [-159.42966571170055, 22.20929450323292], [-159.43026410168284, 22.208778353558316], [-159.43053843712966, 22.20858361344911], [-159.43069732152998, 22.208489255121343], [-159.43083505024896, 22.20841833934608], [-159.43100656254677, 22.208345320299298], [-159.4311524785165, 22.208293154648988], [-159.43133203976024, 22.20824029805022], [-159.4315149395169, 22.208198295071426], [-159.43167023779313, 22.20817304845261], [-159.43182678425197, 22.20815781725123], [-159.4321409616339, 22.208152670636448], [-159.43245318257345, 22.20818124768438], [-159.43273041814416, 22.208237324945767], [-159.43302667579934, 22.208332343436677], [-159.43333675992918, 22.208473419528737], [-159.43347097691057, 22.208549664568732], [-159.43359949186558, 22.208633394119634], [-159.43381701206494, 22.20880161227706], [-159.43399256051043, 22.208968800120797], [-159.43415081058194, 22.209149857959066], [-159.43428957719, 22.209343786170354], [-159.43439526171744, 22.209521854554836], [-159.43448997321207, 22.209705204606855], [-159.43460184733956, 22.209945689517312], [-159.43546400953906, 22.211876872617697], [-159.4356375805193, 22.21224987974149], [-159.4357464379186, 22.21245785521277], [-159.4358680599474, 22.21265985014538], [-159.43598383938834, 22.212830059535758], [-159.43609400629109, 22.212968864024187], [-159.43629879064056, 22.213183026998724], [-159.43650405136552, 22.21335746439183], [-159.43651767068658, 22.213366292167276], [-159.4367816237321, 22.21353737549635], [-159.43705160790694, 22.21367665826924], [-159.43736502971777, 22.213797961557674], [-159.43769106406066, 22.213888570245178], [-159.43796264884094, 22.21393347833946], [-159.43808498756349, 22.213941113590174], [-159.43823907714605, 22.213939937182058], [-159.43854821446945, 22.213918717156478], [-159.43888782631782, 22.213881724778034], [-159.43928761780586, 22.21381913726782], [-159.4395313475742, 22.213769720186562], [-159.44131935328616, 22.21335428559723], [-159.4414964446628, 22.213299525502986], [-159.4416700897362, 22.21323549921891], [-159.44181106323714, 22.213174945629408], [-159.4419470790866, 22.21310521224074], [-159.44210431962264, 22.213011334267687], [-159.44222879774117, 22.212924751696768], [-159.44234573514746, 22.212830453592428], [-159.44247869743734, 22.21270884861695], [-159.4440225445615, 22.211099135128293], [-159.44440225308645, 22.210712475750746], [-159.44464605772063, 22.21048495366631], [-159.4448855332186, 22.210296754208027], [-159.44516837362832, 22.21011194467254], [-159.4454415557945, 22.209966474042584], [-159.44575690673162, 22.20983365092178], [-159.44608367081537, 22.20972729576018], [-159.44635775279343, 22.209660422669415], [-159.44666763519572, 22.209612567126285], [-159.44698086940076, 22.209589205989378], [-159.44742010772268, 22.209592323031977], [-159.44998334732446, 22.209707453261153], [-159.4513257278735, 22.209751101974117], [-159.45160484731898, 22.209743905480675], [-159.4518830055523, 22.209719530061356], [-159.45216087014637, 22.209679240453546], [-159.4524344078982, 22.20962274703318], [-159.45282271195703, 22.209514179198138], [-159.45314066565524, 22.209395897657412], [-159.45358623328295, 22.209182382593987], [-159.45374765823595, 22.209094403709685], [-159.45392933304637, 22.208983192036506], [-159.45415265082698, 22.208825021106783], [-159.45434134029756, 22.208673361664598], [-159.4554394491785, 22.207673334131076], [-159.45556072811206, 22.207579812222658], [-159.45571683315828, 22.20748005856179], [-159.45593968312295, 22.207369144975438], [-159.45614571052963, 22.20729753966243], [-159.4563915548468, 22.20724619714952], [-159.45664185168766, 22.20722530125919], [-159.45679915056652, 22.207228594668017], [-159.45698687733713, 22.207247711619072], [-159.45763120624892, 22.207365095245866], [-159.46520928066872, 22.20881028620928], [-159.4655768710098, 22.208888189006718], [-159.4658477533144, 22.208967056149714], [-159.4661371964248, 22.20908251660335], [-159.46630369080555, 22.20916560357348], [-159.46643800070038, 22.209242780323986], [-159.46824165196196, 22.21041224901931], [-159.46864868687285, 22.210686702244978], [-159.4688429379005, 22.21083531239526], [-159.46905174859492, 22.211013470696688], [-159.4706478613876, 22.212458008618448], [-159.4707896571224, 22.212571222395567], [-159.47091274040207, 22.212658582154724], [-159.4711730137178, 22.2128124287869], [-159.4714218863116, 22.212928189478546], [-159.47171200341006, 22.21303282309064], [-159.47201135135055, 22.21311298852232], [-159.47231549698617, 22.213166938745097], [-159.47253140759807, 22.213183624116386], [-159.4727487526716, 22.213183636195634], [-159.47340742266155, 22.21313418402919]]}, "properties": {"section_id": "S11", "route": 56, "mm_start": 24.3, "mm_end": 28.1, "description": "KUHIO HWY KOLO RD TO KA HAKU RD", "charge_codes": ["58181", "58182", "58183", "58184", "58185", "58186"]}}, {"type": "Feature", "geometry": {"type": "LineString", "coordinates": [[-159.35403509588258, 21.957997789089983], [-159.3541633183725, 21.957910277456133], [-159.35424338307897, 21.957860639172523], [-159.35432944459174, 21.957819176775075], [-159.35451296705094, 21.95776178761935], [-159.3547026807078, 21.95773786218867], [-159.35482936175816, 21.957735044471722], [-159.35573426682927, 21.95775458297933], [-159.3572272873991, 21.95780190428033], [-159.3574758401079, 21.957793639961338], [-159.35772141357378, 21.957762884979797], [-159.35796059013197, 21.957705880320667], [-159.35822043566705, 21.95761236615074], [-159.3584700174082, 21.957494784417534], [-159.35899052326732, 21.957229917479488], [-159.35913232829446, 21.957170278036653], [-159.3592479109183, 21.957121667303582], [-159.35948548405418, 21.957049326098304], [-159.35976317815644, 21.957003738142937], [-159.35995085498743, 21.95699170954837], [-159.36010759122522, 21.95699421730109], [-159.36026280608837, 21.957009838182866], [-159.36041641109892, 21.95703688203938], [-159.36059768879193, 21.957082706424508], [-159.3607447989755, 21.957131905042285], [-159.36088756963346, 21.95719153524272], [-159.36102537909485, 21.95726124334775], [-159.3611569253287, 21.95734048835606], [-159.36128178919728, 21.957428584583337], [-159.3613983806496, 21.957526762425726], [-159.36152658091257, 21.957654530574274], [-159.36170413408135, 21.957858096776633], [-159.36272126173844, 21.95907777029422], [-159.36296204562532, 21.959345883202275], [-159.36325523589323, 21.95964846835194], [-159.36331582016626, 21.95970759331481], [-159.36353593435112, 21.959922404259355], [-159.3638934259503, 21.96024870955878], [-159.3642110227625, 21.960529257961543], [-159.3644910792965, 21.960761621437616], [-159.36482623358796, 21.96102426305755], [-159.36527028504, 21.961346562207318], [-159.36960711082747, 21.964363591334077], [-159.37047519093568, 21.96498774479344], [-159.37209632469978, 21.9662722689564], [-159.37220768418774, 21.96635485089208], [-159.37300232941308, 21.96694413851591], [-159.3743723293703, 21.96801854949004], [-159.3771120087597, 21.970199408154034], [-159.37723087373305, 21.970294025818507], [-159.37853950919882, 21.971335692527653], [-159.37876838331215, 21.971532197115007], [-159.37888576358537, 21.971632976656988], [-159.37945706337817, 21.972090921035196], [-159.37966707879414, 21.97227804316674]]}, "properties": {"section_id": "S12", "route": 58, "mm_start": 0.0, "mm_end": 2.1, "description": "WAAPA RD/RICE ST NAWILIWILI RD TO KAPULE HWY", "charge_codes": ["58101", "58102", "58103", "58104", "58105", "58106"]}}, {"type": "Feature", "geometry": {"type": "LineString", "coordinates": [[-159.35403509588258, 21.957997789089983], [-159.3541633183725, 21.957910277456133], [-159.35424338307897, 21.957860639172523], [-159.35432944459174, 21.957819176775075], [-159.35451296705094, 21.95776178761935], [-159.3547026807078, 21.95773786218867], [-159.35482936175816, 21.957735044471722], [-159.35573426682927, 21.95775458297933], [-159.3572272873991, 21.95780190428033], [-159.3574758401079, 21.957793639961338], [-159.35772141357378, 21.957762884979797], [-159.35796059013197, 21.957705880320667], [-159.35822043566705, 21.95761236615074], [-159.3584700174082, 21.957494784417534], [-159.35899052326732, 21.957229917479488], [-159.35913232829446, 21.957170278036653], [-159.3592479109183, 21.957121667303582], [-159.35948548405418, 21.957049326098304], [-159.35976317815644, 21.957003738142937], [-159.35995085498743, 21.95699170954837], [-159.36010759122522, 21.95699421730109], [-159.36026280608837, 21.957009838182866], [-159.36041641109892, 21.95703688203938], [-159.36059768879193, 21.957082706424508], [-159.3607447989755, 21.957131905042285], [-159.36088756963346, 21.95719153524272], [-159.36102537909485, 21.95726124334775], [-159.3611569253287, 21.95734048835606], [-159.36128178919728, 21.957428584583337], [-159.3613983806496, 21.957526762425726], [-159.36152658091257, 21.957654530574274], [-159.36170413408135, 21.957858096776633], [-159.36272126173844, 21.95907777029422], [-159.36296204562532, 21.959345883202275], [-159.36325523589323, 21.95964846835194], [-159.36331582016626, 21.95970759331481], [-159.36353593435112, 21.959922404259355], [-159.3638934259503, 21.96024870955878], [-159.3642110227625, 21.960529257961543], [-159.3644910792965, 21.960761621437616], [-159.36482623358796, 21.96102426305755], [-159.36527028504, 21.961346562207318], [-159.36960711082747, 21.964363591334077], [-159.37047519093568, 21.96498774479344], [-159.37209632469978, 21.9662722689564], [-159.37220768418774, 21.96635485089208], [-159.37300232941308, 21.96694413851591], [-159.3743723293703, 21.96801854949004], [-159.3771120087597, 21.970199408154034], [-159.37723087373305, 21.970294025818507], [-159.37853950919882, 21.971335692527653], [-159.37876838331215, 21.971532197115007], [-159.37888576358537, 21.971632976656988], [-159.37945706337817, 21.972090921035196], [-159.37966707879414, 21.97227804316674]]}, "properties": {"section_id": "S13", "route": 58, "mm_start": 2.1, "mm_end": 0.0, "description": "NAWILIWILI RD, KAUMUALII HWY TO WAAPA RD", "charge_codes": ["58201", "58202", "58203", "58204", "58205", "58206"]}}, {"type": "Feature", "geometry": {"type": "LineString", "coordinates": [[-159.53531908005286, 21.924948191598574], [-159.53529696270348, 21.92472407042641], [-159.53531104181485, 21.92454401037149], [-159.53533004819238, 21.92445687800877], [-159.53535838690684, 21.92437216538325], [-159.53544308323143, 21.924213019441183], [-159.53713783617454, 21.92180335369729], [-159.53789596367628, 21.9207253863238], [-159.53820268027678, 21.920318930573234], [-159.53847488927204, 21.919997611459607], [-159.53915709240857, 21.919272573204328], [-159.54205138718748, 21.91623649707544], [-159.557018233961, 21.9005701692056], [-159.5572552441155, 21.900336198990612], [-159.55746680397135, 21.9001616053809], [-159.55772523268945, 21.899995840994066], [-159.55797601558115, 21.89987527576666], [-159.55821044434563, 21.89979179116865], [-159.55845290835543, 21.899731775558767], [-159.5587011880025, 21.899696248283], [-159.55895190397476, 21.89968499854316], [-159.55920259994207, 21.89969816476576], [-159.55948202980468, 21.899737913228233], [-159.55972441444814, 21.89979807295147], [-159.55995881503284, 21.899882154465082], [-159.56018351836013, 21.899986247234356], [-159.56042594000883, 21.90012007650135], [-159.56235866613954, 21.901250473383058], [-159.5639842999199, 21.90218595600378], [-159.5646897953522, 21.902563976447592], [-159.56529695634828, 21.902867878542267], [-159.5659119556812, 21.903158034527863], [-159.5666472635245, 21.903485465301735], [-159.57035381563685, 21.905054493958456], [-159.5709012679931, 21.9052687704656], [-159.5711664938165, 21.905355896184787], [-159.57140499288752, 21.905423074286844], [-159.57173919226932, 21.90549810018355], [-159.57204620637935, 21.90555062590289], [-159.5723560096523, 21.905588312372075], [-159.57269828081257, 21.905611903718153], [-159.57357419478836, 21.90564281145426], [-159.57624879505835, 21.90571663877685], [-159.5804008360888, 21.905831161018988]]}, "properties": {"section_id": "S14", "route": 540, "mm_start": 0.0, "mm_end": 3.8, "description": "HALEWILI RD, ELEELE(JCT) TO KALAHEO(JCT)", "charge_codes": ["58351", "58352", "58353", "58354", "58355", "58356"]}}, {"type": "Feature", "geometry": {"type": "LineString", "coordinates": [[-159.58444828461455, 21.904917158657128], [-159.58467579883674, 21.90442812624568], [-159.58470318598074, 21.904378582245066], [-159.58473381558355, 21.904323172472907], [-159.5848170470963, 21.9041995725648], [-159.585862200683, 21.902800437866816], [-159.58766648458624, 21.900384985689858]]}, "properties": {"section_id": "S15", "route": 541, "mm_start": 0.0, "mm_end": 0.37, "description": "WAIALO RD, KAUMUALII HWY(ELEELE) TO PT ALLEN", "charge_codes": ["58402", "58403", "58404", "58405", "58406"]}}, {"type": "Feature", "geometry": {"type": "LineString", "coordinates": [[-159.67201529210624, 21.957423662315026], [-159.6711366331677, 21.95887505913128], [-159.67103957376318, 21.959025970286522], [-159.67093477998162, 21.959171113047834], [-159.67080171238973, 21.95933461661827], [-159.67059739566741, 21.95955546626604], [-159.67011539772906, 21.960053039636033], [-159.66993549777416, 21.960215752489418], [-159.66981190417485, 21.960305590913073], [-159.66965369025, 21.960400200417425], [-159.66951576655754, 21.960468514433888], [-159.66937235321424, 21.960526454194714], [-159.66872505978282, 21.960745108778685], [-159.6673665699502, 21.961180537117166], [-159.66716454479035, 21.961253757735978], [-159.66705718856971, 21.961308424108523], [-159.66696083225995, 21.961377184211468], [-159.6668781600274, 21.96146118263466], [-159.66679347731926, 21.96158113251455], [-159.6667425515382, 21.96168538757119], [-159.66671556146056, 21.961768372971402], [-159.66669260026097, 21.96188145650132], [-159.6666848731562, 21.961996565077627], [-159.66669426253887, 21.962111123549903], [-159.66671363510332, 21.962196400606892], [-159.66675419418243, 21.962305906198644], [-159.66679449273894, 21.962384057957276], [-159.66686228814442, 21.962480325383662], [-159.66694280430647, 21.96256859647384], [-159.66756452798285, 21.96319327715257], [-159.6679206917431, 21.963551132064932], [-159.66799552086908, 21.963643899448893], [-159.6680608376773, 21.963743135106615], [-159.668101555278, 21.963822218935032], [-159.6681323020975, 21.96390501389897], [-159.66815613715295, 21.96401979351894], [-159.66816535739747, 21.964165203298794], [-159.66815440518593, 21.964281319673933], [-159.66811787400616, 21.9644231817797], [-159.6680582799892, 21.964557655610612], [-159.66799386656413, 21.96465774151773], [-159.66791468993046, 21.96474806279809], [-159.66779712956625, 21.964844886638932], [-159.66761098691063, 21.964950845426756], [-159.66746263466945, 21.96499903232963], [-159.66736940324617, 21.965011349903307], [-159.6673069271172, 21.96501148093649], [-159.66721409567054, 21.964999119079863], [-159.66712398425705, 21.96497336833253], [-159.6669873419645, 21.964903892378913], [-159.6668696088078, 21.964808436767143], [-159.666769673311, 21.96469745225221], [-159.6665333430343, 21.964393209630646], [-159.66644879559814, 21.964310644452272], [-159.66637448369164, 21.964259699727446], [-159.666291876049, 21.964223386932986], [-159.66620370370754, 21.964202508955708], [-159.66611233378427, 21.96419625937218], [-159.6659257638338, 21.964197751436735], [-159.6658327152588, 21.964183552115564], [-159.66574414541637, 21.964153420902576], [-159.66566410616915, 21.964107273623494], [-159.66559435704613, 21.964049419682684], [-159.66553531741462, 21.96398152238999], [-159.66548714972774, 21.96390643860503], [-159.66544908574886, 21.96382620413774], [-159.66540332666884, 21.963687861465626], [-159.66524340672362, 21.963098770731364], [-159.665201718017, 21.962991489931152], [-159.66515671923977, 21.962917123154313], [-159.6650988525922, 21.96285118766853], [-159.66502978671318, 21.96279512126633], [-159.66497840060188, 21.962764404489356], [-159.66489399398378, 21.96272960152937], [-159.66477452527647, 21.962705696539047], [-159.66465298231566, 21.962706202047027], [-159.66456331690824, 21.96272326006132], [-159.66445027334973, 21.962766649647964], [-159.66437525905488, 21.96281448460818], [-159.66431319822098, 21.962877496937182], [-159.664267414838, 21.96295154278248], [-159.66423923841623, 21.96303135889363], [-159.6642302869684, 21.963143741304492], [-159.6643453704773, 21.96382920850687], [-159.66435219421774, 21.963974739401387], [-159.6643447260006, 21.96412095237323], [-159.66432018881562, 21.964236754019417], [-159.66427806952842, 21.964346769934686], [-159.66410466213281, 21.96465557975855], [-159.66406860372936, 21.96473876312334], [-159.6640239345555, 21.964841808585128], [-159.66397508925357, 21.96503804750628], [-159.66395023690563, 21.965266194742252], [-159.66395505229886, 21.96549397899543], [-159.66401544933785, 21.966205100319815], [-159.6640337105842, 21.967034819005544], [-159.66405583852725, 21.967263821460193], [-159.66410444787246, 21.96754924446434], [-159.6641101040741, 21.96763695596173], [-159.66409514397046, 21.96772337945713], [-159.66406134523558, 21.9678050711604], [-159.6640093629864, 21.967878995642746], [-159.66391156316843, 21.967990402017424], [-159.66384880036608, 21.968088365682043], [-159.66381972681776, 21.968169001110226], [-159.66381204988974, 21.968253970445836], [-159.66385830715188, 21.968684575671105], [-159.66417285068349, 21.97102728799696], [-159.6642017262077, 21.971313067090005], [-159.6642039910043, 21.971543494030847], [-159.6641795362427, 21.97177351050508], [-159.66413154395332, 21.97200008712532], [-159.66408934947484, 21.972138788504914], [-159.6639189379667, 21.9726048733378], [-159.66387445175386, 21.972801557927806], [-159.66381614895045, 21.97331647598939], [-159.66375562800326, 21.973600123130264], [-159.66373692877926, 21.973742464129003], [-159.6637344260112, 21.974087588985178], [-159.66375647888324, 21.974432984939263], [-159.6637826729737, 21.97463322679625], [-159.66381697067104, 21.974802506536324], [-159.66387205444633, 21.974996639181057], [-159.6639577977504, 21.975243041374213], [-159.66400888566267, 21.975439910301887], [-159.66405937430622, 21.975696379045647], [-159.66410535655848, 21.97601204964264], [-159.66414126467717, 21.976388308774407], [-159.66414549359803, 21.976679668414896], [-159.6641240290231, 21.9769708925999], [-159.66406318846165, 21.97737549841262], [-159.66405628404107, 21.97749040734353], [-159.66406513027266, 21.97757559794324], [-159.66407917903115, 21.977631252916076], [-159.66411202791625, 21.97771140200501], [-159.66415740453425, 21.97778610248794], [-159.66423474706417, 21.97787478674949], [-159.66434661301236, 21.977973776524948], [-159.66449180276175, 21.97808148929754], [-159.66464611515227, 21.978178202955206], [-159.66594400793528, 21.978937295230022], [-159.66635103500104, 21.979152178203083], [-159.66693905673534, 21.97942867933132], [-159.66717725744186, 21.97957031520677], [-159.66734650675392, 21.979700488520756], [-159.66748059675365, 21.979823623404585], [-159.66793890931422, 21.98033858508344], [-159.66821623557863, 21.98061177073331], [-159.6684234290478, 21.98078543955134], [-159.66878017603605, 21.981022608614143], [-159.66889980903818, 21.98111868068383], [-159.6689841426188, 21.981205632044784], [-159.66907937487363, 21.9813214409535], [-159.66922932669655, 21.981543658452026], [-159.66998715795606, 21.982981700457056], [-159.67034737982024, 21.983560242731894], [-159.67051448589254, 21.983806403372395], [-159.67063106328288, 21.983942848373022], [-159.67076468442713, 21.984064310063903], [-159.67088624817842, 21.98415465677781], [-159.6711920294504, 21.984358337593566], [-159.67133515018756, 21.98447201858866], [-159.67150156041095, 21.984646679420038], [-159.67157458827106, 21.98474134919404], [-159.67163985829632, 21.98484156602497], [-159.67174861216395, 21.985052157330568], [-159.67189633407384, 21.98537385790422], [-159.67210420797275, 21.98585930043273], [-159.67216505611492, 21.986024737180745], [-159.67221388081674, 21.986192710253988], [-159.6722826383725, 21.98647619968339], [-159.67243354429587, 21.987154847728196], [-159.6724681596041, 21.987353893092315], [-159.67249403805107, 21.98761242876841], [-159.67250444595768, 21.98790219197678], [-159.6725068058954, 21.988191884268446], [-159.67249248757955, 21.9884522406262], [-159.67243688309892, 21.98894070630685], [-159.67240623633762, 21.989140969488616], [-159.6723697600743, 21.989311641774343], [-159.67227686572443, 21.989649205942143], [-159.6722606617083, 21.989735367584803], [-159.67225484797373, 21.989821170456732], [-159.67226648885793, 21.989964954211352], [-159.67232945031205, 21.99033670533566], [-159.67239821446535, 21.990825614293897], [-159.6724163568376, 21.99091109763595], [-159.67244408584554, 21.990993806147042], [-159.67251521228175, 21.991120744008224], [-159.67261605606183, 21.991229551369614], [-159.67273592363455, 21.99131997661178], [-159.67302088028902, 21.99149685691278], [-159.6731410926336, 21.99158839524241], [-159.67416166942036, 21.992525104786107], [-159.67437890544625, 21.992687806307142], [-159.67474739427163, 21.992907159992498], [-159.6748753047901, 21.9929926657625], [-159.67509476764928, 21.993157458469174], [-159.67520319995893, 21.99326343775437], [-159.675257150263, 21.993335359462332], [-159.6753185749971, 21.993437336711875], [-159.6760621122465, 21.99478908471342], [-159.67612207787423, 21.99492427795251], [-159.6761596326607, 21.995036017926093], [-159.6761997272857, 21.99520780351991], [-159.6762391574532, 21.995438645150344], [-159.67627375355255, 21.9955496745544], [-159.67634612741224, 21.995676768035267], [-159.67646593203824, 21.99581187246879], [-159.67652006684264, 21.99588374867717], [-159.67658336608554, 21.996017982992875], [-159.67662395083195, 21.99618876815449], [-159.67665941173337, 21.996566150325624], [-159.67668768171643, 21.996737423509117], [-159.6767453631092, 21.996963588576442], [-159.67687578878872, 21.99741255358669], [-159.67691964151842, 21.997612254183064], [-159.67697235482842, 21.99801758971561], [-159.67703115709813, 21.998393151640737], [-159.67727854768071, 21.999767691183738], [-159.6773269324415, 21.999965721435956], [-159.67737839521337, 22.00013277996054], [-159.67757281810617, 22.000654582907956], [-159.6776175545743, 22.000854298518203], [-159.67762785304888, 22.001027128161358], [-159.67761518025208, 22.001259051770994], [-159.67755848560074, 22.001719041744412], [-159.6775233589878, 22.002096208213054], [-159.67747582871772, 22.00244290326773], [-159.6774848841113, 22.002615904251172], [-159.6775388546813, 22.002989593937045], [-159.67757929509293, 22.0031890327253], [-159.67763642357764, 22.003383967693306], [-159.67770704561346, 22.003575303691242], [-159.6778623845274, 22.003952991007857], [-159.67791849315813, 22.00411767122859], [-159.67794988813975, 22.00425967139595], [-159.6779750432996, 22.004520260041243], [-159.6779959989126, 22.004633947104686], [-159.67803278286846, 22.004743843952784], [-159.6781863190115, 22.005094205637157], [-159.6782076596367, 22.005180221414964], [-159.67821356924873, 22.0052682189546], [-159.6782000987984, 22.005357329249758], [-159.67816859208705, 22.005440043915655], [-159.67773492761194, 22.006275339603608], [-159.67769519959, 22.006385227510506], [-159.67762967160567, 22.006610283985204], [-159.67757155382125, 22.00674647747628], [-159.6774968579653, 22.006875340518537], [-159.67741228966528, 22.006998229410552], [-159.67715913157474, 22.00729719908452], [-159.67712766425095, 22.007346805210325], [-159.6770916928244, 22.00742596150934], [-159.6770634914815, 22.00753742599542], [-159.67705231037405, 22.007681209257836], [-159.67705887861382, 22.00788394262714], [-159.67708390907498, 22.008145164218867], [-159.6770749403035, 22.00829008657087], [-159.6770371410202, 22.00843075998886], [-159.6768350299434, 22.00891419348118], [-159.67676951482386, 22.009044101484367], [-159.67670506881768, 22.00914189514223], [-159.67641652933492, 22.009476792009888], [-159.67631238336213, 22.009619612656568], [-159.67623409093937, 22.00974384463679], [-159.6760576418218, 22.010048231991544], [-159.67596271235712, 22.010230474467132], [-159.67592537014522, 22.0103389454987], [-159.67591582519566, 22.01045006635313], [-159.67593343716894, 22.010531960138366], [-159.67596898884406, 22.010609981111966], [-159.67601863476122, 22.010681218973627], [-159.6760993969004, 22.01076687249426], [-159.67625716398675, 22.010902358437548], [-159.67683671922157, 22.011336613632306], [-159.67709905005137, 22.011490451584475], [-159.67717402274172, 22.011544111611663], [-159.67723978487206, 22.011608378644937], [-159.6773138134514, 22.011703509014595], [-159.6774854402888, 22.01198340070131], [-159.6775185197079, 22.012066708332735], [-159.67753184693643, 22.01212418870624], [-159.67753520753203, 22.012241532254578], [-159.6775157943636, 22.012356749344697], [-159.6774149307903, 22.0126938281214], [-159.67737987224808, 22.01286439399875], [-159.67737436081805, 22.012979838196337], [-159.67738818905195, 22.01321265295424], [-159.6773817295878, 22.013329416429322], [-159.67735473952428, 22.013444564522462], [-159.67730539123417, 22.013552315727438], [-159.6772365686131, 22.013649752745426], [-159.6771473059387, 22.013733255062803], [-159.6770678900777, 22.01378424812078], [-159.67698255039625, 22.013822130934024], [-159.67689280757867, 22.01384804002674], [-159.6766496563588, 22.013899661952212], [-159.67656475561068, 22.013931062581925], [-159.67649098054895, 22.013980328253414], [-159.67643879763176, 22.01404767597269], [-159.676416467396, 22.01409945670318], [-159.67640006338655, 22.014182638984522], [-159.67640749836477, 22.01438577609606], [-159.67640263712332, 22.014473851490997], [-159.67638526210413, 22.014560466214487], [-159.67635310021578, 22.014643546379837], [-159.67627435552282, 22.014769793024975], [-159.67605320317858, 22.015051410017048], [-159.67594351792897, 22.01522692508222], [-159.67589309201108, 22.015333130971143], [-159.67576457196236, 22.015663549013603], [-159.67550428062498, 22.016162714085564], [-159.67509955271862, 22.016980949981264], [-159.67465696631402, 22.017845790439573], [-159.6745236962604, 22.018077252239863], [-159.67424208723978, 22.018497237032673], [-159.67417309635675, 22.018627416666053], [-159.67413083000278, 22.018736536283175], [-159.67410352496972, 22.01884893245049], [-159.6740893268744, 22.018992461300897], [-159.67410717248507, 22.019309867648836], [-159.6741068949377, 22.01942650616954], [-159.67404034862633, 22.019975250537975], [-159.6740464355481, 22.020120337432047], [-159.67407020564548, 22.02023409543643], [-159.674139010742, 22.02039641795904], [-159.6742498111656, 22.020603719162636], [-159.6743411796347, 22.020753855715874], [-159.67519454104854, 22.021998703355777], [-159.6752324129513, 22.02208039977462], [-159.6752491467594, 22.022138041488798], [-159.67525716962106, 22.02219760902694], [-159.67525369807947, 22.02225750940591], [-159.6752272069764, 22.022343483064287], [-159.6751729584464, 22.022417936082196], [-159.67509968011836, 22.02247469291085], [-159.6749398817512, 22.022568052658098], [-159.67484358175247, 22.02263924852111], [-159.6747574296885, 22.02272266541635], [-159.67463829230337, 22.022857870475974], [-159.67457013852194, 22.022919225106342], [-159.67446181999009, 22.022976746540188], [-159.6741728816035, 22.02306631693122], [-159.67406469572208, 22.023116915641896], [-159.6739453247713, 22.023204596439626], [-159.67374144605245, 22.023418970898405], [-159.67362558857715, 22.023516218579434], [-159.67349331439033, 22.02359351591882], [-159.67327072825435, 22.023693818256245], [-159.67312417015796, 22.023794107030323], [-159.67299236280962, 22.023910243224645], [-159.67291309444812, 22.02399642695538], [-159.67284704838923, 22.0240919743952], [-159.67278556923696, 22.02422435220944], [-159.67273354480946, 22.024419138429757], [-159.67265929637023, 22.024839661235212], [-159.672623137118, 22.025152126284368], [-159.6726251066299, 22.025353357962697], [-159.67264369825497, 22.02546784744524], [-159.67267719545342, 22.025580414708525], [-159.6728406803595, 22.02592597400028], [-159.67289992886833, 22.026092054577877], [-159.6729215085922, 22.026206458564193], [-159.67295541527076, 22.026519635926544], [-159.67302205173803, 22.026825045022875], [-159.67302480112107, 22.0269403990222], [-159.6730019792219, 22.027027001377533], [-159.67297341792369, 22.027079480261627], [-159.6727603787445, 22.027322968286228], [-159.67266366415012, 22.027470180139154], [-159.67232171133233, 22.028123503300815], [-159.6722753382242, 22.028261108374036], [-159.6722604643127, 22.0284921077606], [-159.67223646215098, 22.028604497230162], [-159.67218221319857, 22.02873962943769], [-159.67207498395842, 22.02894472934473], [-159.67204846620785, 22.0290250879116], [-159.6720357051372, 22.029135959585098], [-159.67204750209837, 22.02927662250243], [-159.6720715977589, 22.029416834753974], [-159.67216777055486, 22.029836627252035], [-159.67218847500456, 22.030008841274135], [-159.67218862327323, 22.030124831087516], [-159.672170527592, 22.03024030673269], [-159.6721379077742, 22.030352402689275], [-159.671977888229, 22.03072950312101], [-159.67193983544044, 22.030839389000313], [-159.67191630342953, 22.030951743050366], [-159.67187936259236, 22.031299585740804], [-159.67185371534617, 22.03138424001519], [-159.67182801469497, 22.03143745318255], [-159.67175874339088, 22.0315343603951], [-159.67164625304272, 22.031636139796127], [-159.67104203630038, 22.032045905015696], [-159.6696072091667, 22.03315735233603], [-159.66910918164072, 22.03359346436029], [-159.66858947090608, 22.034022931216317], [-159.66833919671788, 22.034255541347648], [-159.66828181876247, 22.03430886877073], [-159.66810801509303, 22.03444902972271], [-159.6680710284617, 22.034478857550795], [-159.66795221406176, 22.034609686792837], [-159.66773951483813, 22.034928608938806], [-159.6676460967001, 22.035044306231196], [-159.6675195884501, 22.035172199735495], [-159.66720774260835, 22.035455419609576], [-159.66702460830479, 22.03565210668593], [-159.66693396716695, 22.03577854916081], [-159.66679202491017, 22.036038740487445], [-159.66671155897106, 22.036129641980057], [-159.66660859566474, 22.036197757983214], [-159.66654910401775, 22.03622317033902]]}, "properties": {"section_id": "S16", "route": 550, "mm_start": 0.0, "mm_end": 6.9, "description": "WAIMEA CANYON DR, KAUMUALII HWY TO KOKEE RD", "charge_codes": ["58501", "58502", "58503", "58504", "58505", "58506"]}}, {"type": "Feature", "geometry": {"type": "LineString", "coordinates": [[-159.66654910401775, 22.03622317033902], [-159.66632392552722, 22.036319356943526], [-159.66618835147312, 22.036389170055074], [-159.6660864406931, 22.036454937110626], [-159.66589044874016, 22.036598777055456], [-159.66578483957784, 22.03666259495339], [-159.6655578412562, 22.036762137233087], [-159.6652039416338, 22.03687935490101], [-159.66512651497402, 22.0369229787578], [-159.66506851993685, 22.036983882673265], [-159.66504430831262, 22.03703591072328], [-159.66503646845305, 22.03708929064562], [-159.6650444846647, 22.03714377158181], [-159.66506757708953, 22.037194204556258], [-159.66510313330232, 22.037239758194275], [-159.665273160845, 22.03740803848335], [-159.66532713109555, 22.037480946562965], [-159.6654167786918, 22.03763335507839], [-159.66545343028247, 22.03767977597222], [-159.6654972360642, 22.037718941422366], [-159.6655760035377, 22.037762651668842], [-159.6656648529603, 22.037786752167907], [-159.66575761738386, 22.037795145401635], [-159.66600737613766, 22.037796868186458], [-159.66610059135496, 22.03780467940394], [-159.66622257713504, 22.037829216684987], [-159.6663675418044, 22.037881663332534], [-159.66666653763886, 22.038038524031673], [-159.66679085485706, 22.038125476907688], [-159.66683292811942, 22.038169307918153], [-159.66686494195102, 22.038221168716642], [-159.6668814596845, 22.03827950048209], [-159.66687844009593, 22.03834234843785], [-159.6668563173789, 22.03839856456398], [-159.66679712581342, 22.038468783572302], [-159.66674448659845, 22.038504029342043], [-159.666656560764, 22.038540091773978], [-159.66647555633625, 22.038587918619083], [-159.66501799653534, 22.038895395024714], [-159.6648434484047, 22.03895314400914], [-159.66476355823087, 22.03899448034216], [-159.6646882579802, 22.039044063292767], [-159.66457474565814, 22.039141204023196], [-159.6644959171705, 22.039229832066066], [-159.6644077936644, 22.039349784625024], [-159.66433439114877, 22.039476965219293], [-159.66430329356754, 22.039558389094854], [-159.66429120867113, 22.03961480990146], [-159.66428769390868, 22.039846715564337], [-159.66427964197499, 22.03993385125555], [-159.66425330070004, 22.04001869871668], [-159.6642033491393, 22.04009544079154], [-159.6641371308087, 22.040159571289774], [-159.66397200207058, 22.040292620022143], [-159.6639086280755, 22.040354976348453], [-159.66383752859707, 22.040447797088092], [-159.66369952797714, 22.040675171581054], [-159.66362274624043, 22.04076704048134], [-159.6635333592066, 22.04084953606437], [-159.66342897687665, 22.040915718070867], [-159.66331601958746, 22.040966528017307], [-159.6629872108208, 22.041062212415284], [-159.66293607815123, 22.041093020574728], [-159.66288278603517, 22.04115432298006], [-159.6628639670092, 22.041205407407563], [-159.66285910799934, 22.041261524226908], [-159.66287204291731, 22.041346065233952], [-159.66292086858513, 22.041543316544537], [-159.6629235371449, 22.041631288691654], [-159.6629112643952, 22.041718473925734], [-159.66285347458123, 22.041885854680423], [-159.66268616074473, 22.042233344025394], [-159.66260606682658, 22.042423771463476], [-159.66257375019387, 22.042535511107157], [-159.66257036783833, 22.04264949066552], [-159.66259824372804, 22.042760744636812], [-159.6626548979595, 22.042894829620653], [-159.663225633405, 22.043993814278434], [-159.66327672743046, 22.04410025916852], [-159.66331842275113, 22.044211077569557], [-159.66333730808, 22.044297665004763], [-159.66334221040353, 22.044385789770217], [-159.66330642615833, 22.04464648395115], [-159.66330346569308, 22.044732970164564], [-159.66333881656251, 22.04499154043544], [-159.66333351571274, 22.04510959758973], [-159.6633093277221, 22.04519538563618], [-159.66328366406563, 22.045249207143648], [-159.66324818066215, 22.04529902115651], [-159.66320218690967, 22.04534157458344], [-159.663118126547, 22.045388487533803], [-159.66291439565438, 22.04546130599414], [-159.66280641766264, 22.045514852681556], [-159.66273556362214, 22.045568678158354], [-159.66258117939304, 22.04571281295944], [-159.66248013364583, 22.045783823170602], [-159.66239380142474, 22.045821186891665], [-159.66229975203942, 22.045839708685964], [-159.66217408023596, 22.0458428260229], [-159.66189541964437, 22.04582675096011], [-159.6618034809605, 22.045836555987005], [-159.6617451675879, 22.04585133112829], [-159.66166409869507, 22.045887989316636], [-159.6615943849071, 22.045941252299183], [-159.6615187742608, 22.046030981659587], [-159.6614389819254, 22.046154674344294], [-159.66140590121378, 22.046234571693216], [-159.66139403721266, 22.046291126895134], [-159.66139686889377, 22.046375580504353], [-159.66141498428337, 22.04642825822948], [-159.66144641401758, 22.046474753443462], [-159.6614896352631, 22.046513095634054], [-159.66154175416003, 22.046542818581703], [-159.6617119766967, 22.04661704944198], [-159.66178820241072, 22.046669114631644], [-159.66183052783026, 22.046713587262502], [-159.66186213003297, 22.046765034176648], [-159.66188353815434, 22.046820128699647], [-159.66192978226482, 22.04701848191836], [-159.66195982480804, 22.04709897697179], [-159.66200525492772, 22.047172735422752], [-159.66216616552697, 22.047387075933283], [-159.66220270728024, 22.047468280022542], [-159.66221910628389, 22.047554767398474], [-159.66221347324336, 22.047644132706868], [-159.6621980558998, 22.047702152295244], [-159.66217341928225, 22.047757367048504], [-159.66211902885377, 22.047830638390852], [-159.6620693899943, 22.047872515144984], [-159.66194576147743, 22.047956318280853], [-159.66188901706036, 22.048021484656875], [-159.66185132588248, 22.048098583894994], [-159.66172775626586, 22.048426824414747], [-159.66167208838397, 22.048531203302293], [-159.6615857578591, 22.048653739007772], [-159.66152676318848, 22.048722532503795], [-159.66145812054532, 22.048784503577295], [-159.6613245017815, 22.048864388792037], [-159.66120748183408, 22.048909144698385], [-159.66108647890164, 22.04894222560424], [-159.66099268092736, 22.048957982146888], [-159.66089717897347, 22.048961154718764], [-159.66083361441005, 22.048953750410078], [-159.66077156224637, 22.048936047445697], [-159.66068846089212, 22.04889084926344], [-159.66062164144873, 22.04882714226413], [-159.660480812385, 22.048637358794654], [-159.6604125929826, 22.048583287681065], [-159.6603326520308, 22.048545170120946], [-159.66024532494575, 22.04852358305615], [-159.6600920249975, 22.048512678248738], [-159.6598750938945, 22.048517982160245], [-159.65968876502134, 22.048531366326774], [-159.65947442151804, 22.04856117777892], [-159.65938784115053, 22.048588610690484], [-159.65933636919914, 22.048615543515332], [-159.6592909414631, 22.04865211303117], [-159.65925410612917, 22.048696748796054], [-159.659160415736, 22.048879024567924], [-159.65911120373838, 22.048953904743826], [-159.6590403802586, 22.049017719331143], [-159.65898007125605, 22.04904282208309], [-159.65891448611205, 22.049047117069748], [-159.6588485420433, 22.049031035296238], [-159.65879299414053, 22.049000474295163], [-159.65867723425106, 22.048903985403232], [-159.65860455476096, 22.04885453343218], [-159.65852171329945, 22.048819060988777], [-159.65840377633452, 22.04879903428683], [-159.65831281524189, 22.04880089160068], [-159.65822137428748, 22.04881234950642], [-159.65797903908748, 22.04886773863391], [-159.65792223777424, 22.04888880402421], [-159.65787287199362, 22.04891778499253], [-159.65785251428056, 22.048939961454288], [-159.65783596547143, 22.04898800706406], [-159.65784846588508, 22.04903772379203], [-159.65786839537327, 22.049060418632223], [-159.65791805488047, 22.049084886636685], [-159.65797770237864, 22.049091251738087], [-159.65825776721204, 22.049068728673372], [-159.65835180717988, 22.049084446557153], [-159.65843673974587, 22.049125299503014], [-159.65850514573384, 22.04918754021669], [-159.65863017786322, 22.049354137050276], [-159.65874090596378, 22.049449651557886], [-159.65884965374653, 22.049501295423138], [-159.6590901142765, 22.049563847953728], [-159.65914658058355, 22.049590101312162], [-159.65922250381712, 22.049641985490446], [-159.659305058439, 22.049730226781687], [-159.6594430304619, 22.049924247092306], [-159.65964258765723, 22.050104269265958], [-159.65970466965808, 22.05016991277439], [-159.65977171554604, 22.050268812379972], [-159.6598233721876, 22.050374993115184], [-159.65990405551818, 22.050594270095132], [-159.65996130499877, 22.05079131648342], [-159.66000008460884, 22.051051442777855], [-159.66002769075968, 22.051606312040345], [-159.6600500738403, 22.051688969423445], [-159.66007681932078, 22.051740185077325], [-159.66013412189812, 22.051807130501917], [-159.66030350074107, 22.05193367156493], [-159.6603900858476, 22.05201687936263], [-159.66046414996717, 22.052111928906974], [-159.6606440243217, 22.052384629317064], [-159.66086236940117, 22.052632363915386], [-159.66105123430728, 22.05286599220039], [-159.6611425327637, 22.052943683300988], [-159.66132461554895, 22.053059079895515], [-159.66137159975437, 22.053098217199764], [-159.66141157043032, 22.053144211685638], [-159.66144186232248, 22.05319931367494], [-159.6614611593469, 22.053287067673946], [-159.6614395495255, 22.05349056620073], [-159.6614493765392, 22.053603774023003], [-159.66148519768075, 22.053713963309573], [-159.66151345514632, 22.053765643262597], [-159.6615665108004, 22.053836168340176], [-159.6616508020835, 22.053920231176075], [-159.6617726016348, 22.054010217739084], [-159.66188024456915, 22.054068153455503], [-159.66208131058352, 22.05414961991292], [-159.6622119930756, 22.054230971576455], [-159.66258182311458, 22.054547990091802], [-159.6626455436149, 22.05461265006898], [-159.66269929029167, 22.054684242493728], [-159.6627530392457, 22.054789797574443], [-159.6628482747707, 22.055037442328565], [-159.66308429190528, 22.055481374535805], [-159.66314660470056, 22.055616035063903], [-159.66319718031392, 22.05575418961951], [-159.6632429310729, 22.05595455604154], [-159.6632747708138, 22.05627415353543], [-159.6633076294186, 22.05644499914478], [-159.66353510521748, 22.057080169386115], [-159.663714069205, 22.057791629898567], [-159.66388393135233, 22.05838236327199], [-159.66390889386992, 22.058527720392604], [-159.6639071706758, 22.058674268044562], [-159.6638715400247, 22.05884659733862], [-159.66377842118277, 22.059095746987527], [-159.66375584656973, 22.0591795951657], [-159.66374902365408, 22.059266367923804], [-159.6637686977403, 22.059469902382823], [-159.6637630403256, 22.059586904713093], [-159.66374868548525, 22.059644063639134], [-159.6637117052123, 22.059725413594702], [-159.66353428929423, 22.05996731543972], [-159.66348070930883, 22.06007010905045], [-159.663451275011, 22.06015153676343], [-159.663418765155, 22.06032116656471], [-159.6633802631122, 22.06069774677212], [-159.6633724704487, 22.060842827472428], [-159.66337912160094, 22.06095807334712], [-159.66340024782693, 22.061041453411004], [-159.66342457161176, 22.061093315117382], [-159.6634748799835, 22.061164550715134], [-159.6635164514631, 22.06120672932994], [-159.663641322747, 22.061289592910477], [-159.6639186911427, 22.061420708419124], [-159.66399267592445, 22.061475185363257], [-159.66403336837672, 22.061520426340007], [-159.6640777035348, 22.06159898549929], [-159.6641487535432, 22.0618214653538], [-159.66419679563757, 22.061926723147323], [-159.66426853863337, 22.062019892902494], [-159.66446490679107, 22.06220601216355], [-159.66452530533738, 22.062273341666188], [-159.66455625876407, 22.062325174453765], [-159.66457502164852, 22.062382127562515], [-159.6645737685355, 22.062471085617645], [-159.66454132598963, 22.0625547724886], [-159.66447249634666, 22.06265249065786], [-159.66432614298523, 22.06280368718604], [-159.66416641483966, 22.06294226670228], [-159.66404406635942, 22.063032644924398], [-159.66388863275358, 22.06313275598302], [-159.66348514317957, 22.063352910191124], [-159.66332926944582, 22.063447132307218], [-159.66313618760287, 22.063591008112468], [-159.66295763267937, 22.06375093527846], [-159.66283790343928, 22.0638839364495], [-159.6627348910383, 22.064028491243338], [-159.66235478228094, 22.064696655494014], [-159.66230430310227, 22.06483252792547], [-159.6622913131953, 22.064917858418998], [-159.6622910319847, 22.064975662183425], [-159.66230477569061, 22.065060661322768], [-159.66237606064706, 22.06531253594785], [-159.66238652869183, 22.06539943464759], [-159.66238385020816, 22.065516205287516], [-159.66233985980952, 22.06577402931888], [-159.6621470464703, 22.066628117251813], [-159.66210921708733, 22.066857541194814], [-159.66208851723823, 22.067059891200326], [-159.6620751480904, 22.067321474049614], [-159.6620803624434, 22.06749585091346], [-159.66210247223526, 22.067669426736746], [-159.66215772841852, 22.06795665776924], [-159.6622507750841, 22.068355721058463], [-159.66230749212076, 22.068521609684723], [-159.66237349491394, 22.068653500770232], [-159.66245982831293, 22.068773574262483], [-159.66258340395632, 22.068904431694907], [-159.66324641513506, 22.069478045479276], [-159.6634429137754, 22.069663553479206], [-159.66362734808692, 22.069861323305062], [-159.66379215428714, 22.070072405632704], [-159.6638876373239, 22.070222356542004], [-159.66403166531802, 22.07048038074439], [-159.66420035988284, 22.07072494148222], [-159.66425365018776, 22.070831749698492], [-159.66426970848048, 22.070888996511062], [-159.66427909608913, 22.07097808291613], [-159.6642530650274, 22.071211913966742], [-159.66425343285403, 22.071268422266257], [-159.66427571298163, 22.071349156732456], [-159.66430596403848, 22.071397939718107], [-159.66434703255027, 22.071439007050067], [-159.6644220377353, 22.07148646273163], [-159.66479344521198, 22.071629039625304], [-159.66503180507394, 22.071693719386154], [-159.66561019604853, 22.07180868850771], [-159.66572880803218, 22.07184479824213], [-159.66581404405957, 22.071882708716725], [-159.66589261817575, 22.071932329095393], [-159.66596370141016, 22.0719904963285], [-159.66602910601853, 22.072053646342336], [-159.66610564762934, 22.072145826155207], [-159.66618088909053, 22.072274496125978], [-159.66620746910274, 22.07235937295999], [-159.66621393472658, 22.07241846271859], [-159.6661967923918, 22.072534796198354], [-159.66614789745364, 22.072642205970407], [-159.66607275670574, 22.07273668014955], [-159.6659614202833, 22.07283878727407], [-159.66526949814676, 22.073377206204864], [-159.66500103077414, 22.07362036156365], [-159.66489362125975, 22.073680209715036], [-159.66466077245585, 22.073763339689997], [-159.6645514262508, 22.073815547266072], [-159.66442753762607, 22.073900161153887], [-159.66429782009422, 22.07402361611847], [-159.66424203400257, 22.0740925095656], [-159.66419706401504, 22.074167469703152], [-159.66416620020746, 22.074248377481833], [-159.66415415828783, 22.074304597374603], [-159.6641502916004, 22.07436155467554], [-159.664160114386, 22.074447894736377], [-159.6642114883952, 22.074613472629927], [-159.6642904503854, 22.074802239071758], [-159.6643901098212, 22.074980981233526], [-159.66449637230826, 22.07512183571606], [-159.66464220957667, 22.075271102620796], [-159.66478286427957, 22.07538593189184], [-159.66493690316608, 22.07548468474471], [-159.6650744074197, 22.07555171839573], [-159.66530215097248, 22.075644773331216], [-159.6653850177074, 22.075687714726325], [-159.66548426260582, 22.07576179302734], [-159.66554220630445, 22.07583278256003], [-159.66558361547484, 22.075913316069542], [-159.6656148010032, 22.075996981720106], [-159.665648632091, 22.07610969550019], [-159.66567278209814, 22.076224666530948], [-159.66568615198247, 22.076340888380837], [-159.6656846069356, 22.07666236566736], [-159.6657175202893, 22.076862982582387], [-159.66581031218686, 22.077203747453385], [-159.66584945669442, 22.077313433909346], [-159.6658986959222, 22.077419735753065], [-159.665998418173, 22.077565550171695], [-159.66621304413087, 22.07781521527577], [-159.6663271046052, 22.077913089747426], [-159.6665799015478, 22.07808478320409], [-159.66667503837272, 22.078160997746213], [-159.66677979687887, 22.078269326955553], [-159.66688999005964, 22.078411465505344], [-159.66700111062428, 22.078587986453986], [-159.6670782715276, 22.0787485995834], [-159.66712492866978, 22.078889084599602], [-159.66722844747883, 22.079285119236072], [-159.6672786901965, 22.079423092555256], [-159.6673295073408, 22.079529397402528], [-159.66742921100354, 22.07967577645657], [-159.66767903236968, 22.079937905514537], [-159.66774250473702, 22.08004083221445], [-159.6677838071582, 22.080183895495136], [-159.66779841165283, 22.080388872338247], [-159.66778718732246, 22.080621890599605], [-159.66771875874818, 22.081289166406187], [-159.66772097636115, 22.081405431704937], [-159.66774707228242, 22.081517672401684], [-159.66778679404538, 22.081594304004618], [-159.66786382368787, 22.08168294665025], [-159.6679337313303, 22.08173950958335], [-159.66813430751682, 22.081879376278593], [-159.66826302299896, 22.082008829271732], [-159.66869384717143, 22.082541692158735], [-159.66879054074744, 22.08269134656134], [-159.6688703760171, 22.08285021591448], [-159.66913616805184, 22.083535283897525], [-159.6692045199648, 22.083761065422507], [-159.66924510580532, 22.084021793970948], [-159.6692881915778, 22.084605432746702], [-159.6693056891335, 22.084720056253676], [-159.66933498403068, 22.08483254640834], [-159.66939050145348, 22.084968120456317], [-159.6696825974316, 22.085580049369327], [-159.66980378754764, 22.085850193428435], [-159.67019023723824, 22.08693032873622], [-159.67028913100583, 22.087177108704978], [-159.67039261002222, 22.08738957754259], [-159.67048470674365, 22.0875423916325], [-159.67059051444963, 22.08768666015182], [-159.67076466399868, 22.08789223857205], [-159.67110487299223, 22.088272531660895], [-159.67121879896797, 22.08841428476406], [-159.67132989485552, 22.088591547689497], [-159.67157927671775, 22.089063062382998], [-159.6717293920271, 22.089285182133686], [-159.6731577462975, 22.090979100665734], [-159.67326564569288, 22.091121382026248], [-159.67334086303532, 22.091248953237905], [-159.67337476915523, 22.09133121554574], [-159.67339603405486, 22.091417016147947], [-159.6734035698871, 22.091505088445224], [-159.67339721545747, 22.091622560447902], [-159.67335694688762, 22.091795085422554], [-159.67322520024697, 22.092154442030534], [-159.67318498341163, 22.092294201274495], [-159.67315266602043, 22.09249407825963], [-159.67314550669013, 22.092697600748718], [-159.67315318568347, 22.092814038360743], [-159.67317752292033, 22.092987591777977], [-159.67324931956102, 22.09333229335321], [-159.67332033566194, 22.093586133976437], [-159.67340444230865, 22.093773491713733], [-159.67346625116, 22.093874792920406], [-159.67355462856057, 22.09399539058176], [-159.67361464618745, 22.094061963325775], [-159.67370489294885, 22.09414153335431], [-159.67383224759524, 22.094224682304258], [-159.67411245483373, 22.09435578753419], [-159.67427049800625, 22.09445160623649], [-159.67440889728047, 22.09456999962128], [-159.6746798862499, 22.09485151028729], [-159.6748398989954, 22.09498949556201], [-159.6750907338043, 22.09516234000857], [-159.67595327731428, 22.09569509433467], [-159.67602419838076, 22.095754280914743], [-159.67606579368407, 22.095799524627154], [-159.67612958390248, 22.095901644062288], [-159.67616000968533, 22.09598572327438], [-159.6761838850415, 22.09610211260638], [-159.6762182750673, 22.096596460262045], [-159.67625229416493, 22.096796615179283], [-159.67630553243643, 22.09693178211881], [-159.67647443955087, 22.097245087057296], [-159.67650740635358, 22.097328285688068], [-159.67653063843673, 22.097414345928442], [-159.67655443352157, 22.097618508097693], [-159.67658276999325, 22.09822990439993], [-159.67660356279654, 22.0984321863431], [-159.67662673778273, 22.098576163791535], [-159.6768809709624, 22.09960221122191], [-159.6770179929302, 22.100080636358076], [-159.67709588382257, 22.100393767307263], [-159.67720523429003, 22.10093830204928], [-159.67730831971704, 22.10151361346628], [-159.67736093641312, 22.101889812328878], [-159.6773922520678, 22.10235338505496], [-159.67738962945435, 22.10247029948926], [-159.67737756262386, 22.102558608069632], [-159.67735011583636, 22.10264434609075], [-159.6773208490943, 22.102699563962183], [-159.67724067516136, 22.102792455922387], [-159.67714102266893, 22.10286476871502], [-159.67651406193073, 22.103193353976764], [-159.67619454197, 22.103376714389146], [-159.67602804582657, 22.10350703490641], [-159.6758796737095, 22.103655550650227], [-159.6757645091391, 22.103792901122034], [-159.6756219092038, 22.10398328161598], [-159.67513921094437, 22.104662092394964], [-159.6750084041824, 22.10485968607003], [-159.67483713493215, 22.105168236129792], [-159.67462519653583, 22.105622300156178], [-159.67458022933224, 22.10569949344266], [-159.67452314099046, 22.105771014624864], [-159.67447643965122, 22.10581239071881], [-159.67442075135756, 22.10584602833416], [-159.67432846227067, 22.10587305776108], [-159.67423415316554, 22.105875282689507], [-159.67404906643637, 22.105855391058874], [-159.6739577134197, 22.105855611634787], [-159.67386752881757, 22.105868121711143], [-159.67374975060767, 22.10590093019786], [-159.67357796270178, 22.10596651439592], [-159.67338395494184, 22.106057546631547], [-159.67325240768065, 22.106133999664134], [-159.67310496039738, 22.106238945390558], [-159.67296626582146, 22.106355038123798], [-159.6728350937494, 22.10647820410082], [-159.67234543482266, 22.106966687341718], [-159.6721177792888, 22.1072063041863], [-159.67195596165547, 22.107418962598604], [-159.67177022505928, 22.10772141148183], [-159.67168611243952, 22.1078443975041], [-159.67132555593528, 22.108283028510794], [-159.67125803529973, 22.10834412556528], [-159.67118196529063, 22.10839530766907], [-159.67098282999444, 22.108483086079072], [-159.67090393637778, 22.108526214097232], [-159.67083901087736, 22.108583235024742], [-159.67080568585143, 22.108630013511572], [-159.67076389621712, 22.108737278669125], [-159.670748927168, 22.10887933475202], [-159.67076931496283, 22.109020058591625], [-159.67083987291699, 22.109211590507705], [-159.67086215453182, 22.109298250705926], [-159.67086011399093, 22.10938829193262], [-159.67084204369417, 22.10944591633492], [-159.67078946715048, 22.109523021513358], [-159.67071616152964, 22.10958080313984], [-159.67063266524892, 22.109623156747993], [-159.67043092311422, 22.109699297680265], [-159.67035422808087, 22.10974501550303], [-159.6703096924019, 22.10978319074272], [-159.6702555397071, 22.109851409152128], [-159.67023065625077, 22.109902836114543], [-159.67021209452156, 22.10998558150489], [-159.67021476524812, 22.110070064649943], [-159.67024296001026, 22.11018184048406], [-159.6702877408159, 22.110290288787517], [-159.67047018767198, 22.110628805588576], [-159.67061944322145, 22.11085162629345], [-159.67110213323994, 22.11149955428567], [-159.67119478051626, 22.111651789459813], [-159.67124814644762, 22.111789092901805], [-159.67127405873745, 22.1119040479196], [-159.67128264264156, 22.11205067958251], [-159.67126974867625, 22.112167552989828], [-159.67123980008896, 22.11228076272911], [-159.67119127537444, 22.112388811786943], [-159.67108265657671, 22.11256599737946], [-159.67086653689825, 22.112884478921398], [-159.67081067689267, 22.112987933493176], [-159.67076611617725, 22.1130958179901], [-159.67074256201533, 22.113179109691586], [-159.67072623496503, 22.1132930159307], [-159.67072101809586, 22.113699135346057], [-159.67070300465863, 22.113873858133527], [-159.6706540062156, 22.11404409358067], [-159.6705649256203, 22.114232197496626], [-159.67045398613962, 22.114441903747426], [-159.67037661321052, 22.114569532915752], [-159.67030376076565, 22.1146663321522], [-159.6701396520328, 22.114842307542958], [-159.67006576667322, 22.114934989605818], [-159.67000298261337, 22.115034495546606], [-159.66989448690754, 22.11524564768252], [-159.66984378472367, 22.115320889287748], [-159.66976306490363, 22.115411567502065], [-159.66969297009095, 22.11547247123327], [-159.66948559830448, 22.11560518702281]]}, "properties": {"section_id": "S17", "route": 550, "mm_start": 6.9, "mm_end": 14.1, "description": "KOKEE RD, WAIMEA CANYON DR TO HALEMANU", "charge_codes": ["58510", "58511", "58512", "58513", "58514", "58515", "58516"]}}, {"type": "Feature", "geometry": {"type": "LineString", "coordinates": [[-159.47374939612428, 22.213108508001273], [-159.47442611531875, 22.21306925218521], [-159.47479889638126, 22.213026512486742], [-159.4757511739144, 22.21284329893249], [-159.47709987295488, 22.21256812552821], [-159.47758521772465, 22.212450701493562], [-159.47806726101936, 22.212320692173602], [-159.47966599949427, 22.211867391014263], [-159.47977972964657, 22.21183514374326], [-159.48073872436464, 22.21155503759209], [-159.48101189183404, 22.211487224606692], [-159.48119865407523, 22.211456862749973], [-159.4813243283654, 22.21145150163316], [-159.4814183006544, 22.21145775628347], [-159.48151071559164, 22.21147448511031], [-159.48159997598762, 22.21150304163355], [-159.48173866364218, 22.211574084669934], [-159.4822730968459, 22.211935628761736], [-159.4826131335596, 22.21214437379081], [-159.4826969035384, 22.21218184005405], [-159.48278443945748, 22.212203844077333], [-159.4828429352912, 22.212200495073393], [-159.48291869530127, 22.212168525381443], [-159.48296101012562, 22.21212842844313], [-159.48298700417098, 22.212082750775167], [-159.48299899573493, 22.21203133373277], [-159.48299527294552, 22.211974622359417], [-159.48296515314485, 22.21189601114785], [-159.48282395716762, 22.211672295754095], [-159.48276237403496, 22.211537154776927], [-159.4827267183784, 22.211393297568364], [-159.48266978736297, 22.21104673026527], [-159.4826232802644, 22.210910013232688], [-159.48254278322167, 22.21078872872849], [-159.4824801303552, 22.21072559621884], [-159.4824086148799, 22.210671893549332], [-159.48232857734476, 22.21062847522918], [-159.48224321937312, 22.210594187139765], [-159.48209290144558, 22.2105600335921], [-159.4819690845991, 22.21055051242638], [-159.4818445164317, 22.210554516542608], [-159.48172084454487, 22.21057097323235], [-159.4815690758777, 22.21060522251229], [-159.48127269127238, 22.21069721437619], [-159.4799427761222, 22.211137351122613], [-159.47880251026734, 22.21146496326259], [-159.47858848376512, 22.211509745996597], [-159.47834093922899, 22.21155001504401], [-159.47759652977484, 22.211649766643024], [-159.47731472869643, 22.211667522275352], [-159.47706335844816, 22.211654852599573], [-159.47687749491752, 22.21162364596618], [-159.47635702152178, 22.211510787339204], [-159.47598555369675, 22.211443894171378], [-159.47586860504748, 22.2113976833507], [-159.47579336947555, 22.211333194667567], [-159.47576321020333, 22.21128021374881], [-159.47575656122154, 22.21125054348269], [-159.47575852225498, 22.21116081638666], [-159.47589403865769, 22.21071358047797], [-159.47592667191412, 22.2106667326398], [-159.47597936047092, 22.21063544161215], [-159.47601100352404, 22.210628129921833], [-159.4760771528316, 22.210627922010012], [-159.47647489386264, 22.21071206823517], [-159.47659821727834, 22.21072434230136], [-159.47672270723533, 22.210726659978285], [-159.47684684825234, 22.210718164752556], [-159.47706279231895, 22.210689185675886], [-159.4772147735965, 22.210656039408562], [-159.47739474630458, 22.21060652331187], [-159.4775411439208, 22.210556482168414], [-159.47771198695273, 22.210484683678057], [-159.47866359064457, 22.210039510423897], [-159.4788259263743, 22.20995189900075], [-159.4792921851287, 22.209656677056962], [-159.4794582221287, 22.209573007439314], [-159.47965966175465, 22.209490793529664], [-159.47998651310112, 22.20938650608461], [-159.48052995860823, 22.20924344849311], [-159.48089776119897, 22.209167724344077], [-159.48145510006216, 22.20908353134581], [-159.48187860209666, 22.20898059574187], [-159.48214527979547, 22.208895343521597], [-159.48252474705967, 22.20875742922629], [-159.4828409559333, 22.208630632967054], [-159.48306185121294, 22.208521994752363], [-159.48326780762937, 22.208389999545496], [-159.4834616859814, 22.208242223039058], [-159.48369132793454, 22.20804426489766], [-159.48386182390433, 22.20787417901038], [-159.483960355852, 22.20776133831422], [-159.48406987586483, 22.20762016193389], [-159.48453154752897, 22.20696043791167], [-159.484729962059, 22.206697662112543], [-159.48493151322882, 22.20647352012348], [-159.48515311341106, 22.20626656696283], [-159.4860873790001, 22.205443543778053], [-159.48632086065695, 22.205249026968147], [-159.48651475810547, 22.20510052409584], [-159.48679374864065, 22.20491171207098], [-159.4871374989805, 22.20470736771478], [-159.4873839237353, 22.204577437964712], [-159.4876128102867, 22.204480928749724], [-159.48779058951786, 22.204421615795017], [-159.488001815299, 22.20436431909144], [-159.48824639336218, 22.20431012378816], [-159.4884618222535, 22.204271818936384], [-159.48892862583375, 22.20421245134328], [-159.4895853522061, 22.20416389439162], [-159.48989940791802, 22.204157296162318], [-159.49021399356886, 22.20416725976235], [-159.4905568271043, 22.204208079450776], [-159.49111197044368, 22.204306449501793], [-159.49123619317103, 22.204309420071155], [-159.4913896426202, 22.204289941125538], [-159.49280953253023, 22.20392633705653], [-159.49539258758395, 22.203199631258226], [-159.49564557497595, 22.20313581684834], [-159.49775375137637, 22.202604019302594], [-159.4983529737898, 22.20243629951875], [-159.49955085664666, 22.202087492780674], [-159.49993317110884, 22.201953629265333], [-159.50115631723938, 22.201497703597834], [-159.50136309440177, 22.201431903199058], [-159.50166397142257, 22.201353766587214], [-159.50297317003637, 22.201047692666126], [-159.50386767563307, 22.2008956441374], [-159.50414681168175, 22.200855976890743], [-159.50452266887203, 22.200823140122285], [-159.504899738932, 22.200806689283944], [-159.50537093721024, 22.200802271576823], [-159.5062187112646, 22.20081248014], [-159.50643553225103, 22.200794700780637], [-159.5065543599539, 22.200762244776676], [-159.5066678451051, 22.200714126644243], [-159.50678565549086, 22.200653964272046], [-159.50683172739286, 22.200630437031716], [-159.50706995259895, 22.200490119544533], [-159.50718007429612, 22.200439416038993], [-159.50733217761712, 22.200403548444957], [-159.50748941292832, 22.20039900397879], [-159.5076152246374, 22.200420679398484], [-159.5080617788382, 22.200553208967904], [-159.50848550381383, 22.200658063091492], [-159.5087604427519, 22.200713623085456], [-159.50928399294412, 22.200800899941015], [-159.50943618458038, 22.20083500454905], [-159.50964185254904, 22.200908659115225], [-159.50988658833782, 22.201040610017508], [-159.51006713313055, 22.20115886901501], [-159.5108906305971, 22.201741565136075], [-159.51140739423948, 22.20212171612993], [-159.51201529400421, 22.202583773667758], [-159.51292884595705, 22.203299957113867], [-159.5131761896995, 22.20348175922325], [-159.51363219579088, 22.20379148037389], [-159.5141348260867, 22.20408470219591], [-159.51428708327367, 22.204188256887793], [-159.5144017822915, 22.204288233356312], [-159.51454878988733, 22.204440111412236], [-159.5149717825264, 22.204948266277842], [-159.51643137792695, 22.206741804454868], [-159.51655280897904, 22.20691342347466], [-159.5166330505574, 22.20707240706543], [-159.51678305719784, 22.207487087320885], [-159.51691554436016, 22.207814147349552], [-159.51694645648297, 22.20792831938055], [-159.5169729849126, 22.20807310192451], [-159.517082097213, 22.208854324637787], [-159.51712031580652, 22.209203253582693], [-159.51711828478818, 22.20943776105158], [-159.51706579393516, 22.209784903899184], [-159.5170729196169, 22.20987058298222], [-159.5170967410906, 22.20995322959061], [-159.51716761063253, 22.210080878106083], [-159.51731706452253, 22.210267440986986], [-159.51744115162597, 22.210397326909646], [-159.51766194292674, 22.21060301454769], [-159.5177383755706, 22.210696031964318], [-159.5178143016468, 22.210824422949663], [-159.51811291603903, 22.211465991959145], [-159.5182107685846, 22.211647182113186], [-159.51827808205695, 22.21174545900793], [-159.51835360833334, 22.211837615335405], [-159.51865715198784, 22.21212854541756], [-159.5187271527289, 22.21222555420005], [-159.51876392520447, 22.21230506055879], [-159.51878317897268, 22.212390509344615], [-159.5187788174439, 22.212508110658536], [-159.51875300614205, 22.212623039400597], [-159.51865340489167, 22.212957418526532], [-159.51862424719138, 22.213099560385114], [-159.51855729613683, 22.21379452950629], [-159.51855367074694, 22.21394036442352], [-159.51857426158497, 22.21405431865832], [-159.5186110919779, 22.214133367719405], [-159.51864541980046, 22.21418142796549], [-159.5186875085253, 22.214224471246002], [-159.51876124875406, 22.21427716771137], [-159.51887591100527, 22.214322074602883], [-159.51893742621647, 22.21433250524327], [-159.51899944608314, 22.214333473778723], [-159.5191210075465, 22.214308166525075], [-159.51917741597023, 22.214283663278852], [-159.51925521027886, 22.214236234698237], [-159.51930197456974, 22.21419881997775], [-159.51936238088496, 22.214132833943555], [-159.51939369941593, 22.21408392475794], [-159.5194156543154, 22.214031348710645], [-159.51942893654643, 22.213946944421387], [-159.51942282897915, 22.213891074673807], [-159.51935362196207, 22.213639442066913], [-159.51935514100896, 22.21354998732984], [-159.51938353552777, 22.2134621669165], [-159.5194399516902, 22.21335842577417], [-159.51958384079396, 22.213133853020373], [-159.5196750643696, 22.213014552425104], [-159.51977251903782, 22.21294226774108], [-159.51982953537055, 22.212916512019348], [-159.51991934839108, 22.21289161996818], [-159.52001230825442, 22.21287974945264], [-159.5201685148284, 22.212874158707898], [-159.52110828877798, 22.212882289764593], [-159.521326908461, 22.21289133290603], [-159.52148017281095, 22.21291397635471], [-159.5217824817495, 22.21298696845785], [-159.52205856916038, 22.21303253267122], [-159.52217770460786, 22.213067605578765], [-159.52225799780575, 22.21311096892732], [-159.52230481675292, 22.213149715748305], [-159.522479593129, 22.213355731262624], [-159.5225254559048, 22.213394304921955], [-159.52260901975538, 22.21343183152417], [-159.52267082104336, 22.21343990465783], [-159.52273126099158, 22.213434064264906], [-159.52281855180266, 22.213408808322292], [-159.52318187240184, 22.213240047262502], [-159.5232703444638, 22.213209483385757], [-159.52339197044535, 22.21318008032917], [-159.52428880362058, 22.213049144200625], [-159.52447628623125, 22.213036499571288], [-159.52466377426518, 22.213043329432196], [-159.52478779639196, 22.21306066526089], [-159.52490957077845, 22.213091106726814], [-159.52502650572592, 22.21313327908003], [-159.5251369953444, 22.213189998007646], [-159.5252114095285, 22.213244722015613], [-159.52527760504674, 22.213308061192865], [-159.52533617125718, 22.21337804602886], [-159.52542155652944, 22.21350145299583], [-159.5254861534085, 22.21363489792404], [-159.5254988293287, 22.213722930936214], [-159.52548193357012, 22.213811456924205], [-159.52540862059024, 22.213975722295928], [-159.52538452664638, 22.214059046210544], [-159.52537721458864, 22.214144410043964], [-159.52539649971217, 22.214258501242313], [-159.52551719935138, 22.214559115515375], [-159.52557305710172, 22.214662644314636], [-159.5256120594384, 22.214706893648138], [-159.5256585457652, 22.21474451761417], [-159.52571140619543, 22.2147747518967], [-159.5257692691743, 22.214796912525415], [-159.52582936064715, 22.214810700396526], [-159.52592193418363, 22.21481733762265], [-159.5263609193763, 22.214809099555485], [-159.52648259062818, 22.2147835850044], [-159.52656596428855, 22.214745473422035], [-159.52689445736456, 22.214523771528654], [-159.5271399632911, 22.214393417336765], [-159.52721232861862, 22.214339554069973], [-159.52726767696961, 22.214271401628064], [-159.5273039507474, 22.21419240324922], [-159.52734366169227, 22.213964040903104], [-159.5273750094217, 22.213882944499122], [-159.52741502381383, 22.213836019327875], [-159.52744229193345, 22.213818329007132], [-159.52747393388708, 22.21380636293931], [-159.527543556433, 22.213802974462013], [-159.52760599259827, 22.21381777764145], [-159.52772028040448, 22.2138651936559], [-159.52902105101165, 22.214499974767694], [-159.52964451894925, 22.214773522659925], [-159.53002368872802, 22.214912017054655], [-159.53138223647383, 22.215361556192402], [-159.53179985116316, 22.215487908277414], [-159.5319822521205, 22.215528789277577], [-159.5321974588786, 22.215566828188862], [-159.53260134676856, 22.21560600114527], [-159.5327885078818, 22.215609055452745], [-159.53300661012457, 22.21560162538059], [-159.5333163086645, 22.215569518308964], [-159.53365114033022, 22.215504627696227], [-159.53394799837886, 22.215419713256807], [-159.53426288835024, 22.21529852339755], [-159.5343734130047, 22.215244989742335], [-159.53453285819498, 22.215154401198593], [-159.53491270435413, 22.214899875538848], [-159.5352095607398, 22.21468563735071], [-159.53571002239778, 22.2142848756444], [-159.53584139705623, 22.214203019299077], [-159.53592812974324, 22.214167243467873], [-159.53604938113938, 22.214133237501724], [-159.5368497657891, 22.213981691185225], [-159.53696926028462, 22.213949111389887], [-159.53702516288632, 22.213924383247072], [-159.53710285787744, 22.213876492148795], [-159.53733931432765, 22.2136875342863], [-159.53744513594435, 22.213623598750004], [-159.53802938762826, 22.21341040726753], [-159.53808028466514, 22.213378104909083], [-159.53812293336816, 22.213337291730042], [-159.53818854028466, 22.213239707666958], [-159.53822114804817, 22.21315818592562], [-159.53827060322914, 22.212988793923834], [-159.53832413302834, 22.212851143100096], [-159.53840752191846, 22.212661797342157], [-159.53846555207363, 22.212558411271438], [-159.53852259283295, 22.212488920580775], [-159.5385706336083, 22.212450140174607], [-159.5386257381956, 22.21242017438589], [-159.5386851844237, 22.212399597748124], [-159.53880993425403, 22.2123762916506], [-159.53908930866584, 22.21234567166734], [-159.53918498132688, 22.21234708658888], [-159.53927816706448, 22.212363413158595], [-159.53939217336008, 22.212409354743116], [-159.53952186360178, 22.212486590587673], [-159.5395901153453, 22.212544654702185], [-159.53971768122324, 22.212673688702324], [-159.53978950714279, 22.212727620449392], [-159.53989573081827, 22.21278751617129], [-159.54003750833976, 22.212846915332417], [-159.54024632513148, 22.212909563643024], [-159.54076511743395, 22.213025996150932], [-159.54110363366414, 22.213089561157663], [-159.5413206780192, 22.2131143344072], [-159.5415083927958, 22.213119428528017], [-159.54179129160116, 22.213108455663928], [-159.54204100985902, 22.213088419648134], [-159.54216388679097, 22.213066783998645], [-159.5422520961999, 22.213038956191607], [-159.54233705201736, 22.21300218734707], [-159.5429769447313, 22.21269053319141], [-159.54306268384462, 22.212663535289032], [-159.54309456543925, 22.21266157422293], [-159.54315480816385, 22.212672139967328], [-159.54339251441496, 22.212751202942812], [-159.5434533968492, 22.21276184051895], [-159.54351274728714, 22.212763150120868], [-159.54354202718096, 22.21276986039604], [-159.5435672983445, 22.212786449225725], [-159.54361777736355, 22.21285884836979], [-159.54386927679198, 22.213296121152293], [-159.54388735408543, 22.213379720465905], [-159.54390096792346, 22.21355457668071], [-159.54388624526118, 22.213963751302124], [-159.54386102926074, 22.21414379180762], [-159.54385774423417, 22.214167246114737], [-159.54379321891395, 22.214377649464748], [-159.54370058403924, 22.214563424145968], [-159.54364020312187, 22.214665787269656], [-159.54356720100301, 22.214762021373698], [-159.54348293173632, 22.214849258129746], [-159.54335864168263, 22.21494090878993], [-159.54297321832618, 22.215141410123127], [-159.54276887578527, 22.215275778345486], [-159.5425356603853, 22.21546965944066], [-159.54235558720703, 22.215631976157315], [-159.54222313773082, 22.215755885702816], [-159.54209947348184, 22.21588634265909], [-159.54198454574947, 22.216024050959607], [-159.54192403831505, 22.216124523960183], [-159.54183862790944, 22.21637642077291], [-159.54179320308492, 22.21648407344764], [-159.54178332380644, 22.21653934406], [-159.54178658098715, 22.21659292674363], [-159.54181130066877, 22.216644406217387], [-159.5418753911912, 22.216695676001276], [-159.5419587069799, 22.216728197538377], [-159.54220218333083, 22.21678620442809], [-159.5423495073087, 22.21683182143427], [-159.5424610256292, 22.216887096701477], [-159.5425553241881, 22.216967379503693], [-159.5426114743533, 22.21703876444843], [-159.542672267979, 22.217142382687882], [-159.5429258590985, 22.21773108718544], [-159.5429820067512, 22.217834462418534], [-159.54303501426148, 22.217905951640113], [-159.5431441324157, 22.218008631487272], [-159.5435520359298, 22.218327058984368], [-159.54374665068855, 22.218518263685596], [-159.54436395543433, 22.21925625062231], [-159.54526347701565, 22.22030773618651], [-159.54605327813294, 22.22121651005539], [-159.54615194142286, 22.22128559819686], [-159.5463229254203, 22.221356183421147], [-159.5467002427462, 22.221496256166862], [-159.54702686065244, 22.221597016169547], [-159.54717935663697, 22.221629049395833], [-159.5473956576804, 22.22166267463994], [-159.5488882423049, 22.221851495767144], [-159.54922644517472, 22.221914732771587], [-159.54952967948242, 22.22199169422034], [-159.5505798413798, 22.222288148541796], [-159.55207867762195, 22.22280875306111], [-159.55234650980265, 22.22289346848068], [-159.55262117364848, 22.222951571323662], [-159.55398274224646, 22.223163331958602], [-159.5541704443875, 22.22316719348866], [-159.55542356188337, 22.22310421742681], [-159.55695542021158, 22.2230084762553], [-159.55729997890117, 22.22297942647595], [-159.5586379771151, 22.22280489824059], [-159.55901393127652, 22.222764797760533], [-159.55923336694195, 22.22275491842251], [-159.56001987460292, 22.22276069973885], [-159.560113075254, 22.22275137291248], [-159.56023335315945, 22.22272164524693], [-159.5609358733512, 22.22247093853013], [-159.56110848739323, 22.22240009939178], [-159.56118793331927, 22.222354275912952], [-159.5617488208563, 22.221979313464715], [-159.56184164729007, 22.221901535351076], [-159.56192539374973, 22.2218164511209], [-159.56236477371215, 22.2212846159294], [-159.56250552768904, 22.221127434485567], [-159.56264047755457, 22.221005132528234], [-159.5628224028485, 22.22088888699429], [-159.5630433047891, 22.22078143109257], [-159.56321978856064, 22.22071801406381], [-159.5633723352118, 22.22068317118606], [-159.5638358377243, 22.220607934941054], [-159.56405051607507, 22.220565263164158], [-159.56422795651508, 22.220510274983987], [-159.5643662209728, 22.220441889549488], [-159.56445621519663, 22.220363516323566], [-159.56452499652164, 22.22026821644708], [-159.56471710106698, 22.219838778618094], [-159.56477683756063, 22.21973485454176], [-159.56485102625405, 22.219638978362784], [-159.56496277328992, 22.21953523773861], [-159.56508708899352, 22.219455005054897], [-159.56523181968592, 22.219397981104365], [-159.56535492803798, 22.219375351448946], [-159.5654818108201, 22.219376238564298], [-159.56560717101598, 22.219393278260448], [-159.56582183067567, 22.219433151596792], [-159.56603426894094, 22.219487389220717], [-159.56636412309794, 22.21958230640681], [-159.56660020944886, 22.21966104160334], [-159.5667720305741, 22.219731801945258], [-159.56690707465842, 22.219807800772866], [-159.56698190867348, 22.219861974446697], [-159.5670736038836, 22.21994242255065], [-159.56723806085512, 22.220119732536553], [-159.56732091459472, 22.220245360566235], [-159.5674043656966, 22.2204345524406], [-159.56744648667546, 22.220512133236987], [-159.56756380967616, 22.220683333111246], [-159.56778739586568, 22.220964133063607], [-159.56785518313504, 22.22102321739398], [-159.56795806743145, 22.22108525255865], [-159.56809889072366, 22.2211442119208], [-159.5682454642866, 22.221194336599204], [-159.56860493482964, 22.221296986304598], [-159.56908010131949, 22.22144551721726], [-159.56947640910377, 22.221538665158878], [-159.56971868562155, 22.221587298962703], [-159.56981051254806, 22.221597611333852], [-159.56990147684303, 22.221594218480345], [-159.57002064941312, 22.22156763404203], [-159.5701379497901, 22.221527727311628], [-159.57033564562244, 22.221443284755406], [-159.57044453613665, 22.221386511895783], [-159.5705206940035, 22.221335413263713], [-159.57068687543634, 22.221164787101937], [-159.57074161399845, 22.221133514528645], [-159.57080587599972, 22.22111668551551], [-159.57090135164648, 22.221113993582154], [-159.57114995134447, 22.221136555341108], [-159.57133508431355, 22.22113941599847], [-159.57183231854142, 22.221081052310407], [-159.572239763265, 22.221042290500737], [-159.57236489759427, 22.221038992917975], [-159.57255064107522, 22.221061300246674], [-159.57284881369924, 22.22115042724261], [-159.57293958337854, 22.221156548892548], [-159.57303100672638, 22.22114301111219], [-159.57311574939894, 22.221112437912648], [-159.5731695159743, 22.221084705669533], [-159.5733945366749, 22.22092928694453], [-159.57353481158557, 22.220860753004544], [-159.57362472328208, 22.2208334469891], [-159.57387121785214, 22.220782438230174], [-159.574051844192, 22.2207358921159], [-159.57466501041665, 22.22051654501704], [-159.575117872222, 22.22039625274678], [-159.5755866905661, 22.220231335369434], [-159.57574129060046, 22.22020177935777], [-159.57586813971528, 22.220201629505762], [-159.57596281253106, 22.220212094567902], [-159.5764191148739, 22.220315522468287], [-159.5765689700326, 22.2203701955789], [-159.57680912723686, 22.220507934948962], [-159.5769259282415, 22.220544728272166], [-159.57720623465787, 22.22057334128483], [-159.57792839966575, 22.220621357446756], [-159.57811755371273, 22.220644580416305], [-159.57854574205828, 22.220724732143175], [-159.57933623881038, 22.2209096169851], [-159.57945910720994, 22.220932548599148], [-159.57955211976196, 22.220941627139478], [-159.57970813134355, 22.22093117916287], [-159.5798269141162, 22.22089819561517], [-159.5801093297361, 22.220773125191833], [-159.5803173112361, 22.220703146155316], [-159.58058061015083, 22.220546338939595], [-159.58066919042543, 22.22051490166117], [-159.58073284384008, 22.220509940683637], [-159.5808286205138, 22.22052138547584], [-159.58116100490588, 22.22060608841647], [-159.58128374966148, 22.22063056571342], [-159.58140764156266, 22.220642861903528], [-159.58150099522592, 22.220642680079933], [-159.5816260599737, 22.220631387779264], [-159.58187343084626, 22.22059090648575], [-159.58260976975663, 22.220452381502522], [-159.58273329212378, 22.22043677653461], [-159.5828168871805, 22.220433155609843]]}, "properties": {"section_id": "S18", "route": 560, "mm_start": 0.0, "mm_end": 10.0, "description": "KUHIO HWY, KA HAKU RD TO HAENA(END PVMT)", "charge_codes": ["58601", "58602", "58603", "58604", "58605", "58606"]}}, {"type": "Feature", "geometry": {"type": "LineString", "coordinates": [[-159.34999406362934, 21.9814808035231], [-159.35086547694726, 21.981503316943172], [-159.35123327109844, 21.98149331868975], [-159.3516254955751, 21.981433321136354], [-159.35227724848107, 21.981294978139225], [-159.35292950738156, 21.981158870217563], [-159.35358228195847, 21.981024983792615], [-159.3542355654802, 21.980893327003592], [-159.35459036591487, 21.980819662647114], [-159.3554024609148, 21.98064364574865], [-159.3557831274734, 21.980566301798248], [-159.3560092821846, 21.980524293516297], [-159.35622093714426, 21.980488542947082], [-159.35642233618384, 21.980458328111176], [-159.35661562604537, 21.98043333449947], [-159.35687622504915, 21.980400456299108], [-159.3569922842401, 21.980387446332337], [-159.35710994887904, 21.980377701458902], [-159.35721564283196, 21.980373338184947], [-159.3572840737823, 21.980373228079763], [-159.3573555738706, 21.980375235265566], [-159.35743084930297, 21.98037938259335], [-159.35751126216456, 21.980385733945905], [-159.35766922887652, 21.980402472133008], [-159.35799566173702, 21.980443341537722], [-159.35816504709516, 21.980464360163136], [-159.35833793881127, 21.980487999082346], [-159.35851466926889, 21.980514308151083], [-159.35869567743734, 21.980543350542035], [-159.35888340861644, 21.980577216888747], [-159.35929888473862, 21.980642435588557], [-159.3594880626585, 21.980670257632802], [-159.35964441840406, 21.980696362561872], [-159.35981922644407, 21.98072339086471], [-159.360526969181, 21.980831249518268], [-159.36067219079885, 21.980855125630796], [-159.3610204687898, 21.980910242535508], [-159.36117640762166, 21.980936367694422], [-159.3613422211207, 21.98095949410978], [-159.36146657636405, 21.980971932659006], [-159.36160128376537, 21.980987485069523], [-159.36173970353906, 21.980996339170424], [-159.36185599024364, 21.981002774644537], [-159.36202137077515, 21.981005592767897], [-159.3621477185817, 21.98100197307629], [-159.36223482439442, 21.980998013477528], [-159.36227969970463, 21.980995537460373], [-159.36232677675568, 21.98099191371133], [-159.36241578310418, 21.980985302724743], [-159.3624660026947, 21.98098024545551], [-159.36249054612196, 21.980977833255405], [-159.36251831209265, 21.980974211447236], [-159.36257343720192, 21.98096697052256], [-159.3626281621876, 21.98095932300945], [-159.36272071023194, 21.98094483773019], [-159.36281084432008, 21.980929950281283], [-159.36287441954613, 21.98091989260408], [-159.3629420307482, 21.980907394804664], [-159.36304583387238, 21.98088810341777], [-159.36312349385486, 21.980875228260984], [-159.3633592927119, 21.980838210787564], [-159.3635399590458, 21.98081085097696], [-159.3637210319121, 21.980781880126994], [-159.36378863146817, 21.980769810239266], [-159.36386950980818, 21.98075452262459], [-159.36419705198537, 21.98069617706225], [-159.36438103519646, 21.980663726183504], [-159.36454310166772, 21.98063622316707], [-159.36467789744808, 21.980618121312872], [-159.36474992421432, 21.980610472594424], [-159.36484103637164, 21.98060247424782], [-159.36494966528326, 21.980594353783932], [-159.36509476461077, 21.980589551789322], [-159.36524807359794, 21.980587540208976], [-159.36544303651308, 21.98058818763796], [-159.3656459482405, 21.980595291217636], [-159.36580168199944, 21.98061152331857], [-159.3658681367658, 21.98062116402195], [-159.36592900917415, 21.980629280383937], [-159.3659751709906, 21.980636380626496], [-159.3660471824071, 21.980649217904915], [-159.3661116310578, 21.98065920809972], [-159.36618974914177, 21.980672905324745], [-159.36629628108136, 21.980690155592058], [-159.36663869087457, 21.980749507197093], [-159.3667639196231, 21.98076969134031], [-159.36749550180002, 21.980895907285483]]}, "properties": {"section_id": "S19", "route": 570, "mm_start": 0.0, "mm_end": 1.4, "description": "AHUKINI RD,KUHIO HWY TO VIC KAPULE HWY(290'E)", "charge_codes": ["58701", "58702", "58703", "58704", "58705", "58706"]}}, {"type": "Feature", "geometry": {"type": "LineString", "coordinates": [[-159.335630350846, 22.047347696693286], [-159.3362298794631, 22.047572672710597], [-159.3364269994439, 22.047662235985165], [-159.33823121391978, 22.04865894494232], [-159.338406766252, 22.048782814213116], [-159.3394026229782, 22.04962815320014], [-159.33954562046006, 22.049740502986293], [-159.3396729472242, 22.049823128560757], [-159.33978123733746, 22.049879657031234], [-159.33989451835558, 22.049926784713897], [-159.34004182551854, 22.049973152322178], [-159.3401932206384, 22.050005374276708], [-159.34034722127447, 22.050022386686326], [-159.340471767284, 22.050024795575684], [-159.34062625640362, 22.05001387506037], [-159.3408694837375, 22.049967919474366], [-159.3413741261057, 22.049813672614842], [-159.3416458168904, 22.04974105835914], [-159.34207438023412, 22.049652768321153], [-159.34235438080222, 22.049617309363697], [-159.342698849944, 22.0495918524887], [-159.34298095793386, 22.049585687500976], [-159.343294352427, 22.049595349735412], [-159.34351322228395, 22.04961526230275], [-159.34388550387627, 22.04966714133644], [-159.34459703832428, 22.049775346253007], [-159.34484292465507, 22.04982076840925], [-159.34508374471957, 22.049887431699915], [-159.34568897242787, 22.05012659440839], [-159.34610336725635, 22.050256460993094], [-159.34637444999422, 22.050322892153176], [-159.34649775383892, 22.05033602290646], [-159.34662185975904, 22.050336665434116], [-159.3467759215587, 22.050321084599354], [-159.34692756641948, 22.050290043668472], [-159.34707401771678, 22.05024313204959], [-159.3472124542465, 22.05017795168838], [-159.34731400017682, 22.05011286302935], [-159.3474090806789, 22.05003812303479], [-159.3474972393745, 22.049956545090875], [-159.3478110547391, 22.04963211045295], [-159.34792762891033, 22.04953483156739], [-159.3480768484321, 22.049429126382456], [-159.34826057328286, 22.04931869676104], [-159.34842665036595, 22.049237618388336], [-159.34865797497204, 22.049150571015673], [-159.34886643830893, 22.049090206327485], [-159.34904948659366, 22.04905363433195], [-159.34926623629988, 22.049029494742705], [-159.34948473511096, 22.049024657629765], [-159.34970274038548, 22.04903746725419], [-159.3498575058654, 22.049057727789958], [-159.35001005755822, 22.049088476419993], [-159.35063940141387, 22.049256395400363], [-159.3508205809369, 22.049295665529556], [-159.35103523226667, 22.049321300360795], [-159.3512517474821, 22.04932189119356], [-159.3514661289953, 22.04929474893464], [-159.35167439577106, 22.04923996526143], [-159.35225787746475, 22.049039475468692], [-159.3525726856112, 22.048917155183506], [-159.35273577805197, 22.048835417577607], [-159.35286289935445, 22.048754335542906], [-159.35300424631546, 22.048643246631922], [-159.35313441444737, 22.04852009911844], [-159.35332902452316, 22.04829512134604], [-159.3540449352918, 22.047373161034606], [-159.35418287615806, 22.0472140597868], [-159.35431288842236, 22.047087237391075], [-159.35452548142442, 22.046915240318324], [-159.35478146893556, 22.04674660008619], [-159.35500032598898, 22.04663166449739], [-159.35520366978028, 22.04655572760172], [-159.35589870055063, 22.046382610081405], [-159.356082135078, 22.0463460809258], [-159.35620636937946, 22.04632934733107], [-159.3563317665904, 22.046322297784975], [-159.35645797271985, 22.046325588048514], [-159.35676913402062, 22.046362849360573], [-159.35692487642743, 22.04637273053826], [-159.3572987030388, 22.046365330042725], [-159.35789110893313, 22.046315625462125], [-159.35829550353185, 22.04626664285708], [-159.3588558835531, 22.046198764440287], [-159.35907204641342, 22.04616571795447], [-159.3595300110069, 22.046073464775887], [-159.35974599897634, 22.04604574717333], [-159.35996327508744, 22.046037687090344], [-159.36015075187998, 22.046043188739883], [-159.36030658354193, 22.046061208296496], [-159.36045915136734, 22.04609607769857], [-159.36054791192223, 22.0461270843365], [-159.36063226657285, 22.046168246247113], [-159.3607840350849, 22.04627229973214], [-159.36134500969573, 22.046737894742165], [-159.3625478881348, 22.04776292496322], [-159.36269573462252, 22.047869168012724], [-159.3628325310168, 22.04793985710585], [-159.3637279378978, 22.048359151761673], [-159.36475648409996, 22.04885371024413], [-159.3648727892426, 22.048895562142732], [-159.36499348474393, 22.04892578053495], [-159.36542542773816, 22.048993570447223], [-159.36560733135818, 22.049037564701212], [-159.3656951410942, 22.049070779533206], [-159.36577772922212, 22.04911339902909], [-159.36595103474423, 22.049239395494897], [-159.3661499272014, 22.049425634518393], [-159.36633588477784, 22.049660961625488], [-159.3667352548877, 22.050220257711896], [-159.36853595257057, 22.052787696453333], [-159.3686332493756, 22.052900593165194], [-159.36872296701478, 22.052980346217755], [-159.36882398209715, 22.053047780692516], [-159.36896231092808, 22.05311435043395], [-159.3725842643558, 22.05432489585783], [-159.3758918233835, 22.055430274756414], [-159.37627064339034, 22.055570644928803], [-159.37927269513162, 22.056753320495375], [-159.3794193804708, 22.056800884324378], [-159.37951044643071, 22.056812529891136], [-159.3796028410532, 22.05680925749752], [-159.38059728234674, 22.056703030358292], [-159.3825301118556, 22.056513782645762], [-159.3832710411817, 22.05643158750727], [-159.3839586631184, 22.056355303300858], [-159.38408378502635, 22.05635311252088], [-159.38417587741813, 22.05637194443221], [-159.38423300600374, 22.05639678129916], [-159.38428428726576, 22.056430806265855], [-159.38434490279292, 22.056499339519487], [-159.3843772686217, 22.056584536114016], [-159.3843818189399, 22.056673142546195], [-159.3843497936155, 22.056787833947098], [-159.38421189716027, 22.057047409458274], [-159.38416768816217, 22.057153839494333], [-159.38410116667808, 22.05746654374774], [-159.3839726971336, 22.057885098906336], [-159.3839583153395, 22.057999534712806], [-159.38396235956725, 22.058056559122097], [-159.3839767406714, 22.05811021927798], [-159.38402037266488, 22.058180808040404], [-159.38408840629438, 22.058234042346466], [-159.38417415902168, 22.058260929695145], [-159.38426386926105, 22.058259602445098], [-159.38437926443035, 22.058225211416563], [-159.38448398736355, 22.058165513946285], [-159.3846009069214, 22.058071992931108], [-159.38468147886243, 22.057985817277682], [-159.38474382267526, 22.057888254167942], [-159.38477605159756, 22.05780765156615], [-159.38485221085224, 22.05755465776745], [-159.384894135268, 22.05747514176156], [-159.3849490582562, 22.05740282175508], [-159.38505957416254, 22.057298063184057], [-159.38562704370136, 22.056839765751576], [-159.38606919769006, 22.056466828610777], [-159.3861477610042, 22.05641610508604], [-159.38620462804192, 22.05639017692047], [-159.386265069308, 22.056371732492874], [-159.38635913778896, 22.056359763998685], [-159.38645392571974, 22.056365043953413], [-159.38651599601909, 22.056377237416214], [-159.386605341875, 22.056406676260146], [-159.38666154165116, 22.056433366511047], [-159.38679081565675, 22.056517490744813], [-159.3878196733663, 22.057283004373996], [-159.39177106897927, 22.06024805516917], [-159.39416616845656, 22.062031634784457], [-159.39428364622358, 22.062129432233657], [-159.3943214212399, 22.06217708411081], [-159.39434831731327, 22.062231148573634], [-159.39436187686832, 22.062289649414854], [-159.3943649820132, 22.062348987636856], [-159.39434796141427, 22.06252461655723], [-159.3942066408092, 22.06356675421692], [-159.39420636281426, 22.063711183316258], [-159.39422286637435, 22.06379604740864], [-159.39424203060136, 22.06385020819775], [-159.3942969590075, 22.063953694338966], [-159.39436602413448, 22.064049719256175], [-159.39503335526817, 22.06489521007923], [-159.39524414142883, 22.065148260667932], [-159.39556092400022, 22.065562331274936], [-159.3955703393844, 22.06557463857979], [-159.39562888422392, 22.065639659918137], [-159.39570624817028, 22.06568433194766], [-159.39576776092971, 22.06569714473874], [-159.3958606917998, 22.065698341031887], [-159.39629639138943, 22.065677519195784], [-159.3964505585369, 22.065658752713336], [-159.39653949017054, 22.065633128131005], [-159.39665145453705, 22.06558286613319], [-159.39672791483358, 22.065533544797145], [-159.3967971568992, 22.0654761091221], [-159.39735383686047, 22.06492113479485], [-159.3974300312416, 22.064829605346983], [-159.39747525882836, 22.064753289932522], [-159.3975061806468, 22.06467176211544], [-159.39752395091156, 22.06458600926291], [-159.39755638275327, 22.064295842341004], [-159.39757717210327, 22.064180300443173], [-159.3976114222127, 22.064067300620184], [-159.39767186579033, 22.06393229904545], [-159.39776707373417, 22.063779539967676], [-159.39786694310925, 22.06366651065939], [-159.3980071057541, 22.063549459675922], [-159.39813872184772, 22.063468470061906], [-159.39893271172087, 22.063121730759324], [-159.39933688899984, 22.06296459447398], [-159.39960275841457, 22.062874989712615], [-159.40008230278636, 22.062740990587287], [-159.40257668565903, 22.06207506369725], [-159.40288129488775, 22.062007271124276], [-159.40303757095145, 22.061994324057327], [-159.40319417537444, 22.062007635238643], [-159.40331645678964, 22.06203607123181], [-159.4034604815912, 22.06209431923878], [-159.40356630516916, 22.06215760492121], [-159.40363844435527, 22.062214797750222], [-159.40370306201393, 22.062280323402547], [-159.40385621890795, 22.062465115066693], [-159.40392151580107, 22.062525726079446], [-159.40404955896895, 22.062605396373772], [-159.4041636873193, 22.062647193761908], [-159.40425507384157, 22.062662243280712], [-159.40434812181653, 22.062662032359356], [-159.40559056434034, 22.062552843901642], [-159.40581005734737, 22.062559684392106], [-159.40599626738356, 22.06258569762092], [-159.40620437593861, 22.062649789302387], [-159.40631908396122, 22.06269783459557], [-159.40642853573442, 22.06275390450981], [-159.40658332984438, 22.06285263475059], [-159.40702216141685, 22.063179356416317], [-159.4071822290275, 22.0632696710271], [-159.40732337645738, 22.06333073965419], [-159.40747173145093, 22.063376390286162], [-159.40762415460102, 22.063407604625716], [-159.4085844206443, 22.06354542435514], [-159.40867481837853, 22.063568147620735], [-159.40876175389727, 22.063600907592765], [-159.40884444101263, 22.063643306923293], [-159.4089209208, 22.063693605081028], [-159.40910184116095, 22.063856446584467], [-159.4093221419183, 22.064103728122273], [-159.40948562474685, 22.064353255640157], [-159.40955605468375, 22.064483080670172], [-159.40961531275929, 22.064618353327972], [-159.40991596994834, 22.065559827610343], [-159.40997025704152, 22.0656925287475], [-159.4100179705297, 22.065764261911273], [-159.41006152717443, 22.065803443952632], [-159.41013968172834, 22.065846785394417], [-159.41061246294402, 22.06597805459398], [-159.41069858317425, 22.066013112978116], [-159.41080496853564, 22.06607617202273], [-159.41087536519768, 22.06613474548807], [-159.4109381769685, 22.066199436142828], [-159.41107854022667, 22.066355792077413], [-159.41132752622715, 22.06665541944657], [-159.41152152014718, 22.06684665357715], [-159.41169454104048, 22.0669715280123], [-159.41207800351216, 22.067206064032234], [-159.4122189895183, 22.067292294750974], [-159.41231483714057, 22.06736942770714], [-159.4123762816747, 22.06743616569775], [-159.41244350780735, 22.067536989146102], [-159.4125789211704, 22.067800848399994], [-159.41292110147347, 22.068543179285935], [-159.41299164275804, 22.06867215500324], [-159.41306201981317, 22.068767920028836], [-159.4133717482479, 22.069136836643473], [-159.41354687289063, 22.069374619177534], [-159.41378105534346, 22.069718179558755], [-159.4139822652779, 22.07004856605562], [-159.41405573980495, 22.07014077771473], [-159.41410327065228, 22.070177539115647], [-159.41415813937172, 22.07020452034315], [-159.41421750113562, 22.07021970761573], [-159.41427951082517, 22.07022355641387], [-159.41443525648006, 22.07020751720393], [-159.41492351022538, 22.07011711897513], [-159.41501679455567, 22.070108585233633], [-159.41507971009963, 22.070110980519107], [-159.41517217961533, 22.07012844591328], [-159.41529055719613, 22.070165096718647], [-159.41569858457288, 22.07031647750179], [-159.41581047534729, 22.07036841692459], [-159.41588930944667, 22.070416633248495], [-159.41595501473762, 22.070480986587626], [-159.41598608941456, 22.070535720587618], [-159.4160018196586, 22.07062319512204], [-159.4159748101449, 22.070794025057758], [-159.41597425922274, 22.07090913902392], [-159.41599506846748, 22.070993644610944], [-159.41603961733895, 22.071068367088902], [-159.41610517985285, 22.07113050550631], [-159.41641491484117, 22.071377777124365], [-159.4166597146998, 22.071605123027254], [-159.41679623855802, 22.07172110018917], [-159.41689919544166, 22.071786018616898], [-159.4169834037655, 22.071821494956573], [-159.41707344882278, 22.071842028971265], [-159.41716644830703, 22.071847399433963], [-159.41728892622052, 22.071827717477543], [-159.41754540319053, 22.071718269995625], [-159.41763667085877, 22.071699015261807]]}, "properties": {"section_id": "S20", "route": 580, "mm_start": 0.0, "mm_end": 6.68, "description": "KUAMOO RD, KUHIO HWY (WAILUA) TO END LOOP RD", "charge_codes": ["58801", "58802", "58803", "58804", "58805", "58806"]}}, {"type": "Feature", "geometry": {"type": "LineString", "coordinates": [[-159.36591950094387, 21.991868931164994], [-159.36591356766215, 21.991903541557964], [-159.3656935564905, 21.99239354716498], [-159.3656235543741, 21.99264355341772], [-159.36565355124287, 21.992843551579753], [-159.36578355298082, 21.99309355646983], [-159.36594355858963, 21.993273563221045], [-159.3661835619298, 21.993553567852825], [-159.36710357878204, 21.9944835875715], [-159.3675835906226, 21.994983594265385], [-159.36791359355416, 21.995303604109296], [-159.36817360035772, 21.995523603764216], [-159.36859360855024, 21.995763610771903], [-159.36894361498798, 21.995903615670457], [-159.3693736299185, 21.996033621039743], [-159.36993364028697, 21.996153624646876], [-159.37032364894688, 21.99624362831964], [-159.37085366350655, 21.996473631999308], [-159.37114366864728, 21.996633636319263], [-159.37151367824146, 21.996903643786123], [-159.37178368027688, 21.997143650600236], [-159.3718736818296, 21.997293651252512], [-159.37193368457108, 21.997473654566775], [-159.37206368516212, 21.997983666026627], [-159.37215368311334, 21.99836367139454], [-159.3722136858337, 21.998523674149514], [-159.37237368577044, 21.99861367335498], [-159.37270369820945, 21.99856367619596], [-159.37299370399975, 21.998513672691416], [-159.37335371422782, 21.998603679432126], [-159.37369371821654, 21.99879368518282], [-159.37392372283048, 21.999023686195383], [-159.37427373014697, 21.99955369941655], [-159.37447373192896, 22.00028370892833], [-159.37534372740126, 22.002023748159342], [-159.3754737263849, 22.002433758917647], [-159.3762736936662, 22.00614383692639], [-159.37640369103815, 22.006413841174673], [-159.37825370663649, 22.00862389783629], [-159.37856371140813, 22.00892391003508], [-159.3788737128909, 22.009183913626984], [-159.37937371979118, 22.009553924580395], [-159.37981372847992, 22.009883930358928], [-159.38059374192613, 22.010413946625125], [-159.3813337490366, 22.011003962928413], [-159.38171375197564, 22.01138397204649], [-159.38203375602828, 22.011803985305882], [-159.3821637550743, 22.012103992395275], [-159.3821637476111, 22.0126140010454], [-159.38226013366094, 22.01289575793404]]}, "properties": {"section_id": "S21", "route": 583, "mm_start": 0.0, "mm_end": 3.91, "description": "MAALO RD, KUHIO HWY(LIHUE) TO WAILUA FALLS", "charge_codes": ["58901", "58902", "58903", "58904", "58905", "58906"]}}, {"type": "Feature", "geometry": {"type": "LineString", "coordinates": [[-159.32996195757045, 22.054694560133104], [-159.33027195782793, 22.05521457378264], [-159.33037196007865, 22.05539457840473], [-159.33043575799644, 22.055644436837596], [-159.3304419522645, 22.056004592340106], [-159.33045128864302, 22.056238364721768], [-159.3305037712146, 22.056482442245116], [-159.33063194747027, 22.05681460941869], [-159.33073194746697, 22.05696461325452], [-159.33125194980323, 22.057774631743715], [-159.33165195078058, 22.05824464192358], [-159.33278196988354, 22.05924466977486], [-159.33522199824165, 22.06138472971392], [-159.3359520051967, 22.06204474411268], [-159.33618200709574, 22.062384750703764], [-159.33626200121375, 22.062794760134476], [-159.33624199229072, 22.063654777194934], [-159.3362619910092, 22.06392478290278], [-159.33635196776794, 22.065854825690526], [-159.33631557519374, 22.066237960124017], [-159.33626195813392, 22.066424834494864], [-159.33610180296526, 22.06666076669726], [-159.33594841115723, 22.066797674353218], [-159.3356153966395, 22.06706433451161], [-159.33425272299453, 22.068089334580687], [-159.33424982037366, 22.068091513279526], [-159.33408168363619, 22.068217986602303], [-159.33398188647266, 22.06830486259929], [-159.33363187223955, 22.068774871299688], [-159.33295184327028, 22.070124892785998], [-159.3327918328599, 22.070454902772106], [-159.33276553364786, 22.070581096992846], [-159.33275183247247, 22.070724906113462], [-159.3327763642894, 22.071177233793705], [-159.332751822983, 22.07144491996775], [-159.33271167790943, 22.071578734822054], [-159.33270826266025, 22.07159011243733], [-159.33266181791495, 22.071744923338272], [-159.3325093397226, 22.072051113911087], [-159.33230470415197, 22.07235070679032], [-159.3321540270639, 22.07251159978631], [-159.3319360737102, 22.072661212430248], [-159.33174393255672, 22.072758817538247], [-159.33153867336543, 22.07279222722875], [-159.33133334518848, 22.072794844026937], [-159.33092717643157, 22.072698870985413], [-159.33058933803662, 22.072554360778053], [-159.33035785798003, 22.0724756348605], [-159.3300343873385, 22.072421289205028], [-159.32997201195442, 22.07241985841462], [-159.32844591061533, 22.072384878686343], [-159.327796827185, 22.07236857896356], [-159.3254506374102, 22.072287459528276], [-159.32523165011463, 22.072294901223795], [-159.3249905512023, 22.072352167814596], [-159.3247383707079, 22.072508855947213], [-159.32448646204162, 22.072786536128206], [-159.32414311800812, 22.073332776118264], [-159.32397391005082, 22.07365209007991], [-159.32360769549462, 22.07452395075709], [-159.32338708185168, 22.075074347810457], [-159.32284723392772, 22.076399718944533], [-159.32265693526622, 22.07679166616836], [-159.32253392623574, 22.077007325439567]]}, "properties": {"section_id": "S22", "route": 5600, "mm_start": 0.0, "mm_end": 3.0, "description": "KAPAA BY-PASS ROAD", "charge_codes": ["58191", "58192", "58193", "58194", "58195", "58196"]}}]}